-- MySQL dump 10.13  Distrib 8.4.4, for Linux (x86_64)
--
-- Host: localhost    Database: adm
-- ------------------------------------------------------
-- Server version	8.4.4

/*!40101 SET @OLD_CHARACTER_SET_CLIENT=@@CHARACTER_SET_CLIENT */;
/*!40101 SET @OLD_CHARACTER_SET_RESULTS=@@CHARACTER_SET_RESULTS */;
/*!40101 SET @OLD_COLLATION_CONNECTION=@@COLLATION_CONNECTION */;
/*!50503 SET NAMES utf8mb4 */;
/*!40103 SET @OLD_TIME_ZONE=@@TIME_ZONE */;
/*!40103 SET TIME_ZONE='+00:00' */;
/*!40014 SET @OLD_UNIQUE_CHECKS=@@UNIQUE_CHECKS, UNIQUE_CHECKS=0 */;
/*!40014 SET @OLD_FOREIGN_KEY_CHECKS=@@FOREIGN_KEY_CHECKS, FOREIGN_KEY_CHECKS=0 */;
/*!40101 SET @OLD_SQL_MODE=@@SQL_MODE, SQL_MODE='NO_AUTO_VALUE_ON_ZERO' */;
/*!40111 SET @OLD_SQL_NOTES=@@SQL_NOTES, SQL_NOTES=0 */;

--
-- Current Database: `adm`
--

CREATE DATABASE /*!32312 IF NOT EXISTS*/ `adm` /*!40100 DEFAULT CHARACTER SET utf8mb4 COLLATE utf8mb4_0900_ai_ci */ /*!80016 DEFAULT ENCRYPTION='N' */;

USE `adm`;

--
-- Table structure for table `bk_configurations`
--

DROP TABLE IF EXISTS `bk_configurations`;
/*!40101 SET @saved_cs_client     = @@character_set_client */;
/*!50503 SET character_set_client = utf8mb4 */;
CREATE TABLE `bk_configurations` (
  `id` int NOT NULL AUTO_INCREMENT,
  `config_key` varchar(255) NOT NULL,
  `config_value` varchar(255) NOT NULL,
  `created_at` timestamp NULL DEFAULT CURRENT_TIMESTAMP,
  `updated_at` timestamp NULL DEFAULT CURRENT_TIMESTAMP ON UPDATE CURRENT_TIMESTAMP,
  `created_by` int DEFAULT NULL,
  `updated_by` int DEFAULT NULL,
  PRIMARY KEY (`id`),
  UNIQUE KEY `config_key` (`config_key`)
) ENGINE=InnoDB DEFAULT CHARSET=utf8mb4 COLLATE=utf8mb4_0900_ai_ci;
/*!40101 SET character_set_client = @saved_cs_client */;

--
-- Dumping data for table `bk_configurations`
--

LOCK TABLES `bk_configurations` WRITE;
/*!40000 ALTER TABLE `bk_configurations` DISABLE KEYS */;
/*!40000 ALTER TABLE `bk_configurations` ENABLE KEYS */;
UNLOCK TABLES;

--
-- Table structure for table `bk_super_user`
--

DROP TABLE IF EXISTS `bk_super_user`;
/*!40101 SET @saved_cs_client     = @@character_set_client */;
/*!50503 SET character_set_client = utf8mb4 */;
CREATE TABLE `bk_super_user` (
  `id` int NOT NULL AUTO_INCREMENT,
  `username` varchar(255) NOT NULL,
  `name` varchar(255) NOT NULL,
  `password` varchar(255) NOT NULL,
  PRIMARY KEY (`id`)
) ENGINE=InnoDB DEFAULT CHARSET=utf8mb4 COLLATE=utf8mb4_0900_ai_ci;
/*!40101 SET character_set_client = @saved_cs_client */;

--
-- Dumping data for table `bk_super_user`
--

LOCK TABLES `bk_super_user` WRITE;
/*!40000 ALTER TABLE `bk_super_user` DISABLE KEYS */;
/*!40000 ALTER TABLE `bk_super_user` ENABLE KEYS */;
UNLOCK TABLES;

--
-- Table structure for table `modules`
--

DROP TABLE IF EXISTS `modules`;
/*!40101 SET @saved_cs_client     = @@character_set_client */;
/*!50503 SET character_set_client = utf8mb4 */;
CREATE TABLE `modules` (
  `id` int NOT NULL AUTO_INCREMENT,
  `folder_name` varchar(100) NOT NULL,
  `created_at` timestamp NULL DEFAULT CURRENT_TIMESTAMP,
  `updated_at` timestamp NULL DEFAULT CURRENT_TIMESTAMP ON UPDATE CURRENT_TIMESTAMP,
  `created_by` int DEFAULT NULL,
  `updated_by` int DEFAULT NULL,
  PRIMARY KEY (`id`)
) ENGINE=InnoDB AUTO_INCREMENT=20 DEFAULT CHARSET=utf8mb4 COLLATE=utf8mb4_0900_ai_ci;
/*!40101 SET character_set_client = @saved_cs_client */;

--
-- Dumping data for table `modules`
--

LOCK TABLES `modules` WRITE;
/*!40000 ALTER TABLE `modules` DISABLE KEYS */;
INSERT INTO `modules` VALUES (10,'admin','2025-03-04 11:41:26','2025-03-04 11:41:26',0,0),(11,'common','2025-03-04 11:41:26','2025-03-04 11:41:26',0,0),(12,'employee','2025-03-04 11:41:26','2025-03-04 11:41:26',0,0),(13,'finance','2025-03-04 11:41:26','2025-03-04 11:41:26',0,0),(14,'inventory','2025-03-04 11:41:26','2025-03-04 11:41:26',0,0),(15,'products','2025-03-04 11:41:26','2025-03-04 11:41:26',0,0),(16,'purchase','2025-03-04 11:41:26','2025-03-04 11:41:26',0,0),(17,'sales','2025-03-04 11:41:26','2025-03-04 11:41:26',0,0),(18,'security','2025-03-04 11:41:26','2025-03-04 11:41:26',0,0),(19,'utilities','2025-03-04 11:41:26','2025-03-04 11:41:26',0,0);
/*!40000 ALTER TABLE `modules` ENABLE KEYS */;
UNLOCK TABLES;

--
-- Table structure for table `sequence_table`
--

DROP TABLE IF EXISTS `sequence_table`;
/*!40101 SET @saved_cs_client     = @@character_set_client */;
/*!50503 SET character_set_client = utf8mb4 */;
CREATE TABLE `sequence_table` (
  `sequence_name` varchar(255) NOT NULL,
  `current_value` bigint unsigned NOT NULL,
  `increment_value` bigint unsigned NOT NULL DEFAULT '1',
  PRIMARY KEY (`sequence_name`)
) ENGINE=InnoDB DEFAULT CHARSET=utf8mb4 COLLATE=utf8mb4_0900_ai_ci;
/*!40101 SET character_set_client = @saved_cs_client */;

--
-- Dumping data for table `sequence_table`
--

LOCK TABLES `sequence_table` WRITE;
/*!40000 ALTER TABLE `sequence_table` DISABLE KEYS */;
INSERT INTO `sequence_table` VALUES ('ITEM_NUMBER',1006,1),('JOURNAL_HDR_NUMBER',2000,1),('JOURNAL_LINE_NUMBER',150000,1),('PUR_DIST_LINE_NUMBER',2000,1),('PUR_HDR_INV_NUM',2000,1),('PUR_LINE_NUMBER',150000,1),('SAL_DIST_LINE_NUMBER',2000,1),('SAL_HDR_INV_NUM',8000,1),('SAL_LINE_NUMBER',70000,1);
/*!40000 ALTER TABLE `sequence_table` ENABLE KEYS */;
UNLOCK TABLES;

--
-- Table structure for table `ui_config_data`
--

DROP TABLE IF EXISTS `ui_config_data`;
/*!40101 SET @saved_cs_client     = @@character_set_client */;
/*!50503 SET character_set_client = utf8mb4 */;
CREATE TABLE `ui_config_data` (
  `id` int NOT NULL AUTO_INCREMENT,
  `config_key` varchar(255) NOT NULL,
  `config_value` text,
  `created_at` timestamp NULL DEFAULT CURRENT_TIMESTAMP,
  `updated_at` timestamp NULL DEFAULT CURRENT_TIMESTAMP ON UPDATE CURRENT_TIMESTAMP,
  `created_by` int DEFAULT NULL,
  `updated_by` int DEFAULT NULL,
  PRIMARY KEY (`id`),
  UNIQUE KEY `config_key` (`config_key`)
) ENGINE=InnoDB DEFAULT CHARSET=utf8mb4 COLLATE=utf8mb4_0900_ai_ci;
/*!40101 SET character_set_client = @saved_cs_client */;

--
-- Dumping data for table `ui_config_data`
--

LOCK TABLES `ui_config_data` WRITE;
/*!40000 ALTER TABLE `ui_config_data` DISABLE KEYS */;
/*!40000 ALTER TABLE `ui_config_data` ENABLE KEYS */;
UNLOCK TABLES;

--
-- Table structure for table `user_module_permissions`
--

DROP TABLE IF EXISTS `user_module_permissions`;
/*!40101 SET @saved_cs_client     = @@character_set_client */;
/*!50503 SET character_set_client = utf8mb4 */;
CREATE TABLE `user_module_permissions` (
  `id` int NOT NULL AUTO_INCREMENT,
  `user_id` int NOT NULL,
  `module` varchar(100) NOT NULL,
  `read_permission` tinyint(1) DEFAULT '0',
  `write_permission` tinyint(1) DEFAULT '0',
  `update_permission` tinyint(1) DEFAULT '0',
  `delete_permission` tinyint(1) DEFAULT '0',
  `created_at` timestamp NULL DEFAULT CURRENT_TIMESTAMP,
  `updated_at` timestamp NULL DEFAULT CURRENT_TIMESTAMP ON UPDATE CURRENT_TIMESTAMP,
  `created_by` int DEFAULT NULL,
  `updated_by` int DEFAULT NULL,
  PRIMARY KEY (`id`),
  UNIQUE KEY `user_id` (`user_id`,`module`),
  CONSTRAINT `user_module_permissions_ibfk_1` FOREIGN KEY (`user_id`) REFERENCES `users` (`id`)
) ENGINE=InnoDB AUTO_INCREMENT=201 DEFAULT CHARSET=utf8mb4 COLLATE=utf8mb4_0900_ai_ci;
/*!40101 SET character_set_client = @saved_cs_client */;

--
-- Dumping data for table `user_module_permissions`
--

LOCK TABLES `user_module_permissions` WRITE;
/*!40000 ALTER TABLE `user_module_permissions` DISABLE KEYS */;
INSERT INTO `user_module_permissions` VALUES (100,1200,'admin',1,1,1,1,'2025-03-04 11:42:28','2025-03-04 11:48:53',0,0),(101,1200,'common',1,1,1,1,'2025-03-04 11:47:12','2025-03-04 11:48:53',1200,0),(102,1200,'employee',1,1,1,1,'2025-03-04 11:47:12','2025-03-04 11:48:53',1200,0),(103,1200,'finance',1,1,1,1,'2025-03-04 11:47:12','2025-03-04 11:48:53',1200,0),(104,1200,'inventory',1,1,1,1,'2025-03-04 11:47:12','2025-03-04 11:48:53',1200,0),(105,1200,'products',1,1,1,1,'2025-03-04 11:47:12','2025-03-04 11:48:53',1200,0),(106,1200,'purchase',1,1,1,1,'2025-03-04 11:47:12','2025-03-04 11:48:53',1200,0),(107,1200,'sales',1,1,1,1,'2025-03-04 11:47:12','2025-03-04 11:48:53',1200,0),(108,1200,'security',1,1,1,1,'2025-03-04 11:47:12','2025-03-04 11:48:53',1200,0),(109,1200,'utilities',1,1,1,1,'2025-03-04 11:47:12','2025-03-04 11:48:53',1200,0),(110,1205,'common',1,1,1,1,'2025-03-04 11:49:36','2025-03-04 11:49:36',1205,1205),(111,1205,'employee',1,1,1,1,'2025-03-04 11:49:36','2025-03-04 11:49:36',1205,1205),(112,1205,'finance',1,1,1,1,'2025-03-04 11:49:36','2025-03-04 11:49:36',1205,1205),(113,1205,'inventory',1,1,1,1,'2025-03-04 11:49:36','2025-03-04 11:49:36',1205,1205),(114,1205,'products',1,1,1,1,'2025-03-04 11:49:36','2025-03-04 11:49:36',1205,1205),(115,1205,'purchase',1,1,1,1,'2025-03-04 11:49:36','2025-03-04 11:49:36',1205,1205),(116,1205,'sales',1,1,1,1,'2025-03-04 11:49:36','2025-03-04 11:49:36',1205,1205),(117,1205,'security',1,1,1,1,'2025-03-04 11:49:36','2025-03-04 11:49:36',1205,1205),(118,1205,'utilities',1,1,1,1,'2025-03-04 11:49:36','2025-03-04 11:49:36',1205,1205),(119,1207,'common',1,1,1,1,'2025-03-04 11:49:36','2025-03-04 11:49:36',1207,1207),(120,1207,'employee',1,1,1,1,'2025-03-04 11:49:36','2025-03-04 11:49:36',1207,1207),(121,1207,'finance',1,1,1,1,'2025-03-04 11:49:36','2025-03-04 11:49:36',1207,1207),(122,1207,'inventory',1,1,1,1,'2025-03-04 11:49:36','2025-03-04 11:49:36',1207,1207),(123,1207,'products',1,1,1,1,'2025-03-04 11:49:36','2025-03-04 11:49:36',1207,1207),(124,1207,'purchase',1,1,1,1,'2025-03-04 11:49:36','2025-03-04 11:49:36',1207,1207),(125,1207,'sales',1,1,1,1,'2025-03-04 11:49:36','2025-03-04 11:49:36',1207,1207),(126,1207,'security',1,1,1,1,'2025-03-04 11:49:36','2025-03-04 11:49:36',1207,1207),(127,1207,'utilities',1,1,1,1,'2025-03-04 11:49:36','2025-03-04 11:49:36',1207,1207),(128,1208,'common',1,1,1,1,'2025-03-04 11:49:36','2025-03-04 11:49:36',1208,1208),(129,1208,'employee',1,1,1,1,'2025-03-04 11:49:36','2025-03-04 11:49:36',1208,1208),(130,1208,'finance',1,1,1,1,'2025-03-04 11:49:36','2025-03-04 11:49:36',1208,1208),(131,1208,'inventory',1,1,1,1,'2025-03-04 11:49:36','2025-03-04 11:49:36',1208,1208),(132,1208,'products',1,1,1,1,'2025-03-04 11:49:36','2025-03-04 11:49:36',1208,1208),(133,1208,'purchase',1,1,1,1,'2025-03-04 11:49:36','2025-03-04 11:49:36',1208,1208),(134,1208,'sales',1,1,1,1,'2025-03-04 11:49:36','2025-03-04 11:49:36',1208,1208),(135,1208,'security',1,1,1,1,'2025-03-04 11:49:36','2025-03-04 11:49:36',1208,1208),(136,1208,'utilities',1,1,1,1,'2025-03-04 11:49:36','2025-03-04 11:49:36',1208,1208),(137,1209,'common',1,1,1,1,'2025-03-04 11:49:36','2025-03-04 11:49:36',1209,1209),(138,1209,'employee',1,1,1,1,'2025-03-04 11:49:36','2025-03-04 11:49:36',1209,1209),(139,1209,'finance',1,1,1,1,'2025-03-04 11:49:36','2025-03-04 11:49:36',1209,1209),(140,1209,'inventory',1,1,1,1,'2025-03-04 11:49:36','2025-03-04 11:49:36',1209,1209),(141,1209,'products',1,1,1,1,'2025-03-04 11:49:36','2025-03-04 11:49:36',1209,1209),(142,1209,'purchase',1,1,1,1,'2025-03-04 11:49:36','2025-03-04 11:49:36',1209,1209),(143,1209,'sales',1,1,1,1,'2025-03-04 11:49:36','2025-03-04 11:49:36',1209,1209),(144,1209,'security',1,1,1,1,'2025-03-04 11:49:36','2025-03-04 11:49:36',1209,1209),(145,1209,'utilities',1,1,1,1,'2025-03-04 11:49:36','2025-03-04 11:49:36',1209,1209),(146,1210,'common',1,1,1,1,'2025-03-04 11:49:36','2025-03-04 11:50:30',1210,0),(147,1210,'employee',1,1,1,1,'2025-03-04 11:49:36','2025-03-04 11:50:30',1210,0),(148,1210,'finance',1,1,1,1,'2025-03-04 11:49:36','2025-03-04 11:50:30',1210,0),(149,1210,'inventory',1,1,1,1,'2025-03-04 11:49:36','2025-03-04 11:50:30',1210,0),(150,1210,'products',1,1,1,1,'2025-03-04 11:49:36','2025-03-04 11:50:30',1210,0),(151,1210,'purchase',1,1,1,1,'2025-03-04 11:49:36','2025-03-04 11:50:30',1210,0),(152,1210,'sales',1,1,1,1,'2025-03-04 11:49:36','2025-03-04 11:50:30',1210,0),(153,1210,'security',1,1,1,1,'2025-03-04 11:49:36','2025-03-04 11:50:30',1210,0),(154,1210,'utilities',1,1,1,1,'2025-03-04 11:49:36','2025-03-04 11:50:30',1210,0),(155,1211,'common',1,1,1,1,'2025-03-04 11:49:36','2025-03-04 11:49:36',1211,1211),(156,1211,'employee',1,1,1,1,'2025-03-04 11:49:36','2025-03-04 11:49:36',1211,1211),(157,1211,'finance',1,1,1,1,'2025-03-04 11:49:36','2025-03-04 11:49:36',1211,1211),(158,1211,'inventory',1,1,1,1,'2025-03-04 11:49:36','2025-03-04 11:49:36',1211,1211),(159,1211,'products',1,1,1,1,'2025-03-04 11:49:36','2025-03-04 11:49:36',1211,1211),(160,1211,'purchase',1,1,1,1,'2025-03-04 11:49:36','2025-03-04 11:49:36',1211,1211),(161,1211,'sales',1,1,1,1,'2025-03-04 11:49:36','2025-03-04 11:49:36',1211,1211),(162,1211,'security',1,1,1,1,'2025-03-04 11:49:36','2025-03-04 11:49:36',1211,1211),(163,1211,'utilities',1,1,1,1,'2025-03-04 11:49:36','2025-03-04 11:49:36',1211,1211),(164,1212,'common',1,1,1,1,'2025-03-04 11:49:36','2025-03-04 11:49:36',1212,1212),(165,1212,'employee',1,1,1,1,'2025-03-04 11:49:36','2025-03-04 11:49:36',1212,1212),(166,1212,'finance',1,1,1,1,'2025-03-04 11:49:36','2025-03-04 11:49:36',1212,1212),(167,1212,'inventory',1,1,1,1,'2025-03-04 11:49:36','2025-03-04 11:49:36',1212,1212),(168,1212,'products',1,1,1,1,'2025-03-04 11:49:36','2025-03-04 11:49:36',1212,1212),(169,1212,'purchase',1,1,1,1,'2025-03-04 11:49:36','2025-03-04 11:49:36',1212,1212),(170,1212,'sales',1,1,1,1,'2025-03-04 11:49:36','2025-03-04 11:49:36',1212,1212),(171,1212,'security',1,1,1,1,'2025-03-04 11:49:36','2025-03-04 11:49:36',1212,1212),(172,1212,'utilities',1,1,1,1,'2025-03-04 11:49:36','2025-03-04 11:49:36',1212,1212),(173,1213,'common',1,1,1,1,'2025-03-04 11:49:36','2025-03-04 11:49:36',1213,1213),(174,1213,'employee',1,1,1,1,'2025-03-04 11:49:36','2025-03-04 11:49:36',1213,1213),(175,1213,'finance',1,1,1,1,'2025-03-04 11:49:36','2025-03-04 11:49:36',1213,1213),(176,1213,'inventory',1,1,1,1,'2025-03-04 11:49:36','2025-03-04 11:49:36',1213,1213),(177,1213,'products',1,1,1,1,'2025-03-04 11:49:36','2025-03-04 11:49:36',1213,1213),(178,1213,'purchase',1,1,1,1,'2025-03-04 11:49:36','2025-03-04 11:49:36',1213,1213),(179,1213,'sales',1,1,1,1,'2025-03-04 11:49:36','2025-03-04 11:49:36',1213,1213),(180,1213,'security',1,1,1,1,'2025-03-04 11:49:36','2025-03-04 11:49:36',1213,1213),(181,1213,'utilities',1,1,1,1,'2025-03-04 11:49:36','2025-03-04 11:49:36',1213,1213),(182,1214,'common',1,1,1,1,'2025-03-04 11:49:36','2025-03-04 11:49:36',1214,1214),(183,1214,'employee',1,1,1,1,'2025-03-04 11:49:36','2025-03-04 11:49:36',1214,1214),(184,1214,'finance',1,1,1,1,'2025-03-04 11:49:36','2025-03-04 11:49:36',1214,1214),(185,1214,'inventory',1,1,1,1,'2025-03-04 11:49:36','2025-03-04 11:49:36',1214,1214),(186,1214,'products',1,1,1,1,'2025-03-04 11:49:36','2025-03-04 11:49:36',1214,1214),(187,1214,'purchase',1,1,1,1,'2025-03-04 11:49:36','2025-03-04 11:49:36',1214,1214),(188,1214,'sales',1,1,1,1,'2025-03-04 11:49:36','2025-03-04 11:49:36',1214,1214),(189,1214,'security',1,1,1,1,'2025-03-04 11:49:36','2025-03-04 11:49:36',1214,1214),(190,1214,'utilities',1,1,1,1,'2025-03-04 11:49:36','2025-03-04 11:49:36',1214,1214),(191,1215,'common',1,1,1,1,'2025-03-04 11:49:36','2025-03-04 11:49:36',1215,1215),(192,1215,'employee',1,1,1,1,'2025-03-04 11:49:36','2025-03-04 11:49:36',1215,1215),(193,1215,'finance',1,1,1,1,'2025-03-04 11:49:36','2025-03-04 11:49:36',1215,1215),(194,1215,'inventory',1,1,1,1,'2025-03-04 11:49:36','2025-03-04 11:49:36',1215,1215),(195,1215,'products',1,1,1,1,'2025-03-04 11:49:36','2025-03-04 11:49:36',1215,1215),(196,1215,'purchase',1,1,1,1,'2025-03-04 11:49:36','2025-03-04 11:49:36',1215,1215),(197,1215,'sales',1,1,1,1,'2025-03-04 11:49:36','2025-03-04 11:49:36',1215,1215),(198,1215,'security',1,1,1,1,'2025-03-04 11:49:36','2025-03-04 11:49:36',1215,1215),(199,1215,'utilities',1,1,1,1,'2025-03-04 11:49:36','2025-03-04 11:49:36',1215,1215),(200,1210,'admin',1,1,1,1,'2025-03-04 11:50:15','2025-03-04 11:50:30',0,0);
/*!40000 ALTER TABLE `user_module_permissions` ENABLE KEYS */;
UNLOCK TABLES;

--
-- Table structure for table `users`
--

DROP TABLE IF EXISTS `users`;
/*!40101 SET @saved_cs_client     = @@character_set_client */;
/*!50503 SET character_set_client = utf8mb4 */;
CREATE TABLE `users` (
  `id` int NOT NULL AUTO_INCREMENT,
  `username` varchar(255) NOT NULL,
  `password` varchar(255) NOT NULL,
  `empid` int DEFAULT NULL,
  `emailid` varchar(255) DEFAULT NULL,
  `status` varchar(50) DEFAULT NULL,
  `start_date` date DEFAULT NULL,
  `expiry_date` date DEFAULT NULL,
  `created_at` timestamp NULL DEFAULT CURRENT_TIMESTAMP,
  `updated_at` timestamp NULL DEFAULT CURRENT_TIMESTAMP ON UPDATE CURRENT_TIMESTAMP,
  `created_by` int DEFAULT NULL,
  `updated_by` int DEFAULT NULL,
  PRIMARY KEY (`id`),
  UNIQUE KEY `username` (`username`),
  UNIQUE KEY `emailid` (`emailid`),
  KEY `empid` (`empid`),
  CONSTRAINT `users_ibfk_1` FOREIGN KEY (`empid`) REFERENCES `com`.`employee` (`empid`)
) ENGINE=InnoDB AUTO_INCREMENT=1216 DEFAULT CHARSET=utf8mb4 COLLATE=utf8mb4_0900_ai_ci;
/*!40101 SET character_set_client = @saved_cs_client */;

--
-- Dumping data for table `users`
--

LOCK TABLES `users` WRITE;
/*!40000 ALTER TABLE `users` DISABLE KEYS */;
INSERT INTO `users` VALUES (1200,'jsmith','$2b$12$ZYLy8RdnRIN22yLKvyAh3OQqxNwhitSpDbVmECuCuW5LzFDAbsI.u',2002,'','ACTIVE','2025-03-04',NULL,'2025-03-04 11:36:22','2025-03-04 11:36:22',0,0),(1205,'skumar','$2b$12$dT7eWMKK.Z6Nu63bWE1dQe5QD3YgZud2mQ0sq5EM3NcLmPM3A3O3m',2003,'testemail@test.com','ACTIVE','2025-03-04',NULL,'2025-03-04 11:37:20','2025-03-04 11:37:20',0,0),(1207,'atalluri','$2b$12$VhqOm42uzJNi.16TYsmFCeYkwhRx84YY5I9mRWPANruUnrwH.x/om',2004,'test@test.com','ACTIVE','2025-03-04',NULL,'2025-03-04 11:37:51','2025-03-04 11:37:51',0,0),(1208,'lreddy','$2b$12$SJ1aXqRE4GUYsu4OKamqpuveYE1G2D4Aw.J6GXBaINS0C8sbCb2SS',2005,'lreddy@test.com','ACTIVE','2025-03-04',NULL,'2025-03-04 11:38:20','2025-03-04 11:38:20',0,0),(1209,'sbalisetty','$2b$12$tvkxc6GSv8FCBK08GMl20eEXcqyHyHSr001JjYWkUmsLqN7UizyX.',2006,'sbalisetty@test.com','ACTIVE','2025-03-04',NULL,'2025-03-04 11:38:51','2025-03-04 11:38:51',0,0),(1210,'kvedam','$2b$12$TDYnabbNgvv8xCwjJW9/pO5BXCfkGx96nIly/yOukg0yRIggRztzW',2007,'kvedam@test.com','ACTIVE','2025-03-04',NULL,'2025-03-04 11:39:12','2025-03-04 11:39:12',0,0),(1211,'asingh','$2b$12$5nI17drUv8Kw8IhjnAY1tOYcjgFGUR4kKslfKj4qwVp.SStK/RExm',2008,'asingh@test.com','ACTIVE','2025-03-04',NULL,'2025-03-04 11:39:32','2025-03-04 11:39:32',0,0),(1212,'kvedam1','$2b$12$g.a3dLjo8I.j4y9QNOJpWO7PObhVVAOozX5deBZ7CWTFcZ3D0Zbhi',2009,'kvedam1@test.com','ACTIVE','2025-03-04',NULL,'2025-03-04 11:40:05','2025-03-04 11:40:05',0,0),(1213,'kvedam2','$2b$12$bm/z3Na5UtcOQLu.V6XQkuR7Ew.pre69oj4rDzJ2ShMcPvG2jOvlm',2010,'kvedam2@test.com','ACTIVE','2025-03-04',NULL,'2025-03-04 11:40:29','2025-03-04 11:40:29',0,0),(1214,'pbondu','$2b$12$rkaBlqiiPzYm9AeO.VD0JecF/176oo33rq7eBw6R1Du71s06c/gIa',2011,'pbondu@test.com','ACTIVE','2025-03-04',NULL,'2025-03-04 11:40:50','2025-03-04 11:40:50',0,0),(1215,'karasan','$2b$12$xrEb96eGzTzDzXrjTghzJ.Azrb0jSzBh0nwE2zMs91OOuADEX4zmS',2012,'karasan@test.com','ACTIVE','2025-03-04',NULL,'2025-03-04 11:41:15','2025-03-04 11:41:15',0,0);
/*!40000 ALTER TABLE `users` ENABLE KEYS */;
UNLOCK TABLES;

--
-- Current Database: `com`
--

CREATE DATABASE /*!32312 IF NOT EXISTS*/ `com` /*!40100 DEFAULT CHARACTER SET utf8mb4 COLLATE utf8mb4_0900_ai_ci */ /*!80016 DEFAULT ENCRYPTION='N' */;

USE `com`;

--
-- Table structure for table `attribute_definitions`
--

DROP TABLE IF EXISTS `attribute_definitions`;
/*!40101 SET @saved_cs_client     = @@character_set_client */;
/*!50503 SET character_set_client = utf8mb4 */;
CREATE TABLE `attribute_definitions` (
  `attribute_id` int NOT NULL AUTO_INCREMENT,
  `attribute_name` varchar(100) NOT NULL,
  `attribute_type` varchar(50) NOT NULL,
  PRIMARY KEY (`attribute_id`)
) ENGINE=InnoDB DEFAULT CHARSET=utf8mb4 COLLATE=utf8mb4_0900_ai_ci;
/*!40101 SET character_set_client = @saved_cs_client */;

--
-- Dumping data for table `attribute_definitions`
--

LOCK TABLES `attribute_definitions` WRITE;
/*!40000 ALTER TABLE `attribute_definitions` DISABLE KEYS */;
/*!40000 ALTER TABLE `attribute_definitions` ENABLE KEYS */;
UNLOCK TABLES;

--
-- Table structure for table `bom`
--

DROP TABLE IF EXISTS `bom`;
/*!40101 SET @saved_cs_client     = @@character_set_client */;
/*!50503 SET character_set_client = utf8mb4 */;
CREATE TABLE `bom` (
  `ID` int NOT NULL AUTO_INCREMENT,
  `ModelItem` int DEFAULT NULL,
  `ParentItem` int DEFAULT NULL,
  `ComponentItem` int DEFAULT NULL,
  `Quantity` decimal(10,2) DEFAULT NULL,
  `uom` int DEFAULT NULL,
  `ScrapPercentage` decimal(5,2) DEFAULT NULL,
  `RoutingOperation` varchar(50) DEFAULT NULL,
  `Revision` varchar(10) DEFAULT NULL,
  `EffectiveDate` date DEFAULT NULL,
  `EndDate` date DEFAULT NULL,
  `NotesComments` text,
  `Level` int DEFAULT NULL,
  `created_at` timestamp NULL DEFAULT CURRENT_TIMESTAMP,
  `updated_at` timestamp NULL DEFAULT CURRENT_TIMESTAMP ON UPDATE CURRENT_TIMESTAMP,
  `created_by` int DEFAULT NULL,
  `updated_by` int DEFAULT NULL,
  PRIMARY KEY (`ID`),
  UNIQUE KEY `ModelItem` (`ModelItem`,`ParentItem`,`ComponentItem`),
  KEY `ParentItem` (`ParentItem`),
  KEY `ComponentItem` (`ComponentItem`),
  KEY `uom` (`uom`),
  CONSTRAINT `bom_ibfk_1` FOREIGN KEY (`ModelItem`) REFERENCES `items` (`item_id`),
  CONSTRAINT `bom_ibfk_2` FOREIGN KEY (`ParentItem`) REFERENCES `items` (`item_id`),
  CONSTRAINT `bom_ibfk_3` FOREIGN KEY (`ComponentItem`) REFERENCES `items` (`item_id`),
  CONSTRAINT `bom_ibfk_4` FOREIGN KEY (`uom`) REFERENCES `uom` (`uom_id`)
) ENGINE=InnoDB AUTO_INCREMENT=1111 DEFAULT CHARSET=utf8mb4 COLLATE=utf8mb4_0900_ai_ci;
/*!40101 SET character_set_client = @saved_cs_client */;

--
-- Dumping data for table `bom`
--

LOCK TABLES `bom` WRITE;
/*!40000 ALTER TABLE `bom` DISABLE KEYS */;
/*!40000 ALTER TABLE `bom` ENABLE KEYS */;
UNLOCK TABLES;

--
-- Table structure for table `businesspartner`
--

DROP TABLE IF EXISTS `businesspartner`;
/*!40101 SET @saved_cs_client     = @@character_set_client */;
/*!50503 SET character_set_client = utf8mb4 */;
CREATE TABLE `businesspartner` (
  `partnerid` int NOT NULL AUTO_INCREMENT,
  `partnertype` varchar(20) NOT NULL,
  `partnername` varchar(100) NOT NULL,
  `contactperson` varchar(100) DEFAULT NULL,
  `email` varchar(100) DEFAULT NULL,
  `phone` varchar(20) DEFAULT NULL,
  `address` varchar(255) DEFAULT NULL,
  `city` varchar(100) DEFAULT NULL,
  `state` varchar(100) DEFAULT NULL,
  `postalcode` varchar(20) DEFAULT NULL,
  `country` varchar(100) DEFAULT NULL,
  `taxid` varchar(50) DEFAULT NULL,
  `registrationnumber` varchar(50) DEFAULT NULL,
  `additionalinfo` text,
  `currency_id` int DEFAULT NULL,
  `created_at` timestamp NULL DEFAULT CURRENT_TIMESTAMP,
  `updated_at` timestamp NULL DEFAULT CURRENT_TIMESTAMP ON UPDATE CURRENT_TIMESTAMP,
  `created_by` int DEFAULT NULL,
  `updated_by` int DEFAULT NULL,
  `status` varchar(20) NOT NULL,
  `customerimage` longblob,
  PRIMARY KEY (`partnerid`),
  KEY `currency_id` (`currency_id`),
  CONSTRAINT `businesspartner_ibfk_1` FOREIGN KEY (`currency_id`) REFERENCES `currency` (`currency_id`)
) ENGINE=InnoDB AUTO_INCREMENT=3017 DEFAULT CHARSET=utf8mb4 COLLATE=utf8mb4_0900_ai_ci;
/*!40101 SET character_set_client = @saved_cs_client */;

--
-- Dumping data for table `businesspartner`
--

LOCK TABLES `businesspartner` WRITE;
/*!40000 ALTER TABLE `businesspartner` DISABLE KEYS */;
INSERT INTO `businesspartner` VALUES (3000,'Supplier','ABC Supplies Ltd.','John Doe','john.doe@abc.com','+1234567890','123 Supply St.','New York','NY','10001','USA','TAX12345','REG67890','Leading supplier of industrial goods',30,'2025-03-04 13:28:12','2025-03-04 13:28:12',1,1,'Active',NULL),(3001,'Customer','XYZ Retailers','Jane Smith','jane.smith@xyz.com','+9876543210','456 Retail Ave.','Los Angeles','CA','90001','USA','TAX67890','REG12345','Retail company specializing in electronics',31,'2025-03-04 13:28:12','2025-03-04 13:28:12',1,1,'Active',NULL),(3002,'Both','Global Traders','Mike Johnson','mike.johnson@global.com','+1122334455','789 Trade Blvd.','Chicago','IL','60601','USA','TAX56789','REG98765','Engaged in both buying and selling',33,'2025-03-04 13:28:12','2025-03-04 13:28:12',1,1,'Active',NULL),(3003,'Internal','Company Operations','Emma Williams','emma.williams@internal.com','+4455667788','101 Corporate Dr.','Houston','TX','77001','USA','TAX22334','REG55667','Internal business operations entity',32,'2025-03-04 13:28:12','2025-03-04 13:28:12',1,1,'Active',NULL),(3004,'All','Universal Partners','Robert Brown','robert.brown@universal.com','+6677889900','202 Global Ln.','San Francisco','CA','94101','USA','TAX99887','REG11223','Handles multiple business operations',45,'2025-03-04 13:28:12','2025-03-04 13:28:12',1,1,'Active',NULL),(3005,'Supplier','AutoParts Warehouse','James Miller','james.miller@autoparts.com','+1113335555','101 Engine Rd.','Detroit','MI','48226','USA','TAX10101','REG11122','Supplier of automobile spare parts',30,'2025-03-04 13:31:36','2025-03-04 13:31:36',1,1,'Active',NULL),(3006,'Supplier','Speedy Tires Ltd.','Sophia Wilson','sophia.wilson@speedytires.com','+2224446666','202 Wheels St.','Dallas','TX','75201','USA','TAX20202','REG22233','Supplier of high-performance car tires',30,'2025-03-04 13:31:36','2025-03-04 13:31:36',1,1,'Active',NULL),(3007,'Supplier','Global Auto Components','Michael Anderson','michael.anderson@globalauto.com','+3335557777','303 Vehicle Dr.','Los Angeles','CA','90001','USA','TAX30303','REG33344','Automobile component manufacturer and supplier',30,'2025-03-04 13:31:36','2025-03-04 13:31:36',1,1,'Active',NULL),(3008,'Customer','FastDrive Rentals','Ethan Clark','ethan.clark@fastdrive.com','+4446668888','404 Rental Blvd.','New York','NY','10001','USA','TAX40404','REG44455','Car rental service provider',31,'2025-03-04 13:31:36','2025-03-04 13:31:36',1,1,'Active',NULL),(3009,'Customer','Luxury Motors Showroom','Olivia Martin','olivia.martin@luxurymotors.com','+5557779999','505 Showroom Lane','Miami','FL','33101','USA','TAX50505','REG55566','Luxury car dealership',31,'2025-03-04 13:31:36','2025-03-04 13:31:36',1,1,'Active',NULL),(3010,'Customer','EcoDrive Vehicles','Lucas Walker','lucas.walker@ecodrive.com','+6668880000','606 Green Street','San Francisco','CA','94101','USA','TAX60606','REG66677','Electric vehicle dealership',31,'2025-03-04 13:31:36','2025-03-04 13:31:36',1,1,'Active',NULL),(3011,'Supplier','TechZone Laptops','William Davis','william.davis@techzone.com','+7779991111','707 Laptop Street','Chicago','IL','60601','USA','TAX70707','REG77788','Supplier of branded laptops and accessories',33,'2025-03-04 13:31:36','2025-03-04 13:31:36',1,1,'Active',NULL),(3012,'Supplier','Mobile Hub Distributors','Isabella Moore','isabella.moore@mobilehub.com','+8880002222','808 Phone Ave.','Seattle','WA','98101','USA','TAX80808','REG88899','Supplier of mobile phones and gadgets',33,'2025-03-04 13:31:36','2025-03-04 13:31:36',1,1,'Active',NULL),(3013,'Supplier','Gadget Kings','Daniel Garcia','daniel.garcia@gadgetkings.com','+9991113333','909 Tech Plaza','Boston','MA','02108','USA','TAX90909','REG99900','Leading wholesaler of laptops and mobile devices',33,'2025-03-04 13:31:36','2025-03-04 13:31:36',1,1,'Active',NULL),(3014,'Customer','Elite Electronics','Emma Thomas','emma.thomas@eliteelectronics.com','+1113335555','101 Tech Street','Austin','TX','73301','USA','TAX10110','REG11122','Retailer of high-end electronics and laptops',31,'2025-03-04 13:31:36','2025-03-04 13:31:36',1,1,'Active',NULL),(3015,'Customer','SmartPhone Store','Liam Martinez','liam.martinez@smartphonestore.com','+2224446666','202 Mobile Lane','Los Angeles','CA','90001','USA','TAX20220','REG22233','Specialized store for mobile phones',31,'2025-03-04 13:31:36','2025-03-04 13:31:36',1,1,'Active',NULL),(3016,'Customer','Gizmo Retailers','Charlotte Lee','charlotte.lee@gizmo.com','+3335557777','303 Gadget Ave.','San Diego','CA','92101','USA','TAX30330','REG33344','Retail shop for gadgets and mobile accessories',31,'2025-03-04 13:31:36','2025-03-04 13:31:36',1,1,'Active',NULL);
/*!40000 ALTER TABLE `businesspartner` ENABLE KEYS */;
UNLOCK TABLES;

--
-- Table structure for table `category_image_mapping`
--

DROP TABLE IF EXISTS `category_image_mapping`;
/*!40101 SET @saved_cs_client     = @@character_set_client */;
/*!50503 SET character_set_client = utf8mb4 */;
CREATE TABLE `category_image_mapping` (
  `mapping_id` int NOT NULL AUTO_INCREMENT,
  `category_id` int NOT NULL,
  `image_id` int NOT NULL,
  `image_order` int DEFAULT NULL,
  `created_at` timestamp NULL DEFAULT CURRENT_TIMESTAMP,
  `updated_at` timestamp NULL DEFAULT CURRENT_TIMESTAMP ON UPDATE CURRENT_TIMESTAMP,
  PRIMARY KEY (`mapping_id`),
  KEY `category_id` (`category_id`),
  KEY `image_id` (`image_id`),
  CONSTRAINT `category_image_mapping_ibfk_1` FOREIGN KEY (`category_id`) REFERENCES `itemcategory` (`category_id`) ON DELETE CASCADE,
  CONSTRAINT `category_image_mapping_ibfk_2` FOREIGN KEY (`image_id`) REFERENCES `category_images` (`image_id`) ON DELETE CASCADE
) ENGINE=InnoDB AUTO_INCREMENT=1001 DEFAULT CHARSET=utf8mb4 COLLATE=utf8mb4_0900_ai_ci;
/*!40101 SET character_set_client = @saved_cs_client */;

--
-- Dumping data for table `category_image_mapping`
--

LOCK TABLES `category_image_mapping` WRITE;
/*!40000 ALTER TABLE `category_image_mapping` DISABLE KEYS */;
/*!40000 ALTER TABLE `category_image_mapping` ENABLE KEYS */;
UNLOCK TABLES;

--
-- Table structure for table `category_images`
--

DROP TABLE IF EXISTS `category_images`;
/*!40101 SET @saved_cs_client     = @@character_set_client */;
/*!50503 SET character_set_client = utf8mb4 */;
CREATE TABLE `category_images` (
  `image_id` int NOT NULL AUTO_INCREMENT,
  `image` mediumblob NOT NULL,
  `image_type` varchar(50) DEFAULT NULL,
  `created_at` timestamp NULL DEFAULT CURRENT_TIMESTAMP,
  `updated_at` timestamp NULL DEFAULT CURRENT_TIMESTAMP ON UPDATE CURRENT_TIMESTAMP,
  `created_by` int DEFAULT NULL,
  `updated_by` int DEFAULT NULL,
  PRIMARY KEY (`image_id`)
) ENGINE=InnoDB AUTO_INCREMENT=1001 DEFAULT CHARSET=utf8mb4 COLLATE=utf8mb4_0900_ai_ci;
/*!40101 SET character_set_client = @saved_cs_client */;

--
-- Dumping data for table `category_images`
--

LOCK TABLES `category_images` WRITE;
/*!40000 ALTER TABLE `category_images` DISABLE KEYS */;
/*!40000 ALTER TABLE `category_images` ENABLE KEYS */;
UNLOCK TABLES;

--
-- Table structure for table `company`
--

DROP TABLE IF EXISTS `company`;
/*!40101 SET @saved_cs_client     = @@character_set_client */;
/*!50503 SET character_set_client = utf8mb4 */;
CREATE TABLE `company` (
  `id` int NOT NULL AUTO_INCREMENT,
  `group_company_id` int NOT NULL,
  `name` varchar(100) NOT NULL,
  `description` varchar(200) DEFAULT NULL,
  `local_cur_id` int DEFAULT NULL,
  `home_cur_id` int DEFAULT NULL,
  `reporting_cur_id` int DEFAULT NULL,
  `default_tax_code_id` int DEFAULT NULL,
  `default_account_header_id` int DEFAULT NULL,
  `created_at` timestamp NULL DEFAULT CURRENT_TIMESTAMP,
  `updated_at` timestamp NULL DEFAULT CURRENT_TIMESTAMP ON UPDATE CURRENT_TIMESTAMP,
  `created_by` int DEFAULT NULL,
  `updated_by` int DEFAULT NULL,
  PRIMARY KEY (`id`),
  KEY `group_company_id` (`group_company_id`),
  KEY `local_cur_id` (`local_cur_id`),
  KEY `home_cur_id` (`home_cur_id`),
  KEY `reporting_cur_id` (`reporting_cur_id`),
  KEY `default_tax_code_id` (`default_tax_code_id`),
  KEY `default_account_header_id` (`default_account_header_id`),
  CONSTRAINT `company_ibfk_1` FOREIGN KEY (`group_company_id`) REFERENCES `group_company` (`id`) ON DELETE CASCADE,
  CONSTRAINT `company_ibfk_2` FOREIGN KEY (`local_cur_id`) REFERENCES `currency` (`currency_id`),
  CONSTRAINT `company_ibfk_3` FOREIGN KEY (`home_cur_id`) REFERENCES `currency` (`currency_id`),
  CONSTRAINT `company_ibfk_4` FOREIGN KEY (`reporting_cur_id`) REFERENCES `currency` (`currency_id`),
  CONSTRAINT `company_ibfk_5` FOREIGN KEY (`default_tax_code_id`) REFERENCES `default_tax_config` (`header_id`) ON DELETE SET NULL,
  CONSTRAINT `company_ibfk_6` FOREIGN KEY (`default_account_header_id`) REFERENCES `fin`.`default_account_headers` (`header_id`) ON DELETE SET NULL
) ENGINE=InnoDB AUTO_INCREMENT=3003 DEFAULT CHARSET=utf8mb4 COLLATE=utf8mb4_0900_ai_ci;
/*!40101 SET character_set_client = @saved_cs_client */;

--
-- Dumping data for table `company`
--

LOCK TABLES `company` WRITE;
/*!40000 ALTER TABLE `company` DISABLE KEYS */;
INSERT INTO `company` VALUES (3001,2001,'Opera Trade & Logistics Ltd.','Global distribution and supply chain solutions.',31,31,31,51,2000,'2025-03-04 13:47:40','2025-03-04 14:06:39',0,0),(3002,2001,'Opera Legal Solutions Ltd.','Legal advisory and compliance services.',31,30,30,51,NULL,'2025-03-04 13:48:12','2025-03-04 13:48:12',0,0);
/*!40000 ALTER TABLE `company` ENABLE KEYS */;
UNLOCK TABLES;

--
-- Table structure for table `company_tax_codes`
--

DROP TABLE IF EXISTS `company_tax_codes`;
/*!40101 SET @saved_cs_client     = @@character_set_client */;
/*!50503 SET character_set_client = utf8mb4 */;
CREATE TABLE `company_tax_codes` (
  `id` int NOT NULL AUTO_INCREMENT,
  `description` varchar(100) DEFAULT NULL,
  `default_sales_tax_id` int DEFAULT NULL,
  `default_purchase_tax_id` int DEFAULT NULL,
  `default_excise_duty_id` int DEFAULT NULL,
  `default_customs_duty_id` int DEFAULT NULL,
  `default_income_tax_id` int DEFAULT NULL,
  `default_property_tax_id` int DEFAULT NULL,
  `default_corporate_tax_id` int DEFAULT NULL,
  `default_local_tax_id` int DEFAULT NULL,
  `default_environmental_tax_id` int DEFAULT NULL,
  `default_vat_id` int DEFAULT NULL,
  `default_gst_id` int DEFAULT NULL,
  `default_service_tax_id` int DEFAULT NULL,
  `default_excise_tax_id` int DEFAULT NULL,
  `default_other_tax_id` int DEFAULT NULL,
  `default_extra_tax1_id` int DEFAULT NULL,
  `default_extra_tax2_id` int DEFAULT NULL,
  `default_extra_tax3_id` int DEFAULT NULL,
  `default_extra_tax4_id` int DEFAULT NULL,
  `default_extra_tax5_id` int DEFAULT NULL,
  `created_at` timestamp NULL DEFAULT CURRENT_TIMESTAMP,
  `updated_at` timestamp NULL DEFAULT CURRENT_TIMESTAMP ON UPDATE CURRENT_TIMESTAMP,
  `created_by` int DEFAULT NULL,
  `updated_by` int DEFAULT NULL,
  PRIMARY KEY (`id`),
  KEY `default_sales_tax_id` (`default_sales_tax_id`),
  KEY `default_purchase_tax_id` (`default_purchase_tax_id`),
  KEY `default_excise_duty_id` (`default_excise_duty_id`),
  KEY `default_customs_duty_id` (`default_customs_duty_id`),
  KEY `default_income_tax_id` (`default_income_tax_id`),
  KEY `default_property_tax_id` (`default_property_tax_id`),
  KEY `default_corporate_tax_id` (`default_corporate_tax_id`),
  KEY `default_local_tax_id` (`default_local_tax_id`),
  KEY `default_environmental_tax_id` (`default_environmental_tax_id`),
  KEY `default_vat_id` (`default_vat_id`),
  KEY `default_gst_id` (`default_gst_id`),
  KEY `default_service_tax_id` (`default_service_tax_id`),
  KEY `default_excise_tax_id` (`default_excise_tax_id`),
  KEY `default_other_tax_id` (`default_other_tax_id`),
  KEY `default_extra_tax1_id` (`default_extra_tax1_id`),
  KEY `default_extra_tax2_id` (`default_extra_tax2_id`),
  KEY `default_extra_tax3_id` (`default_extra_tax3_id`),
  KEY `default_extra_tax4_id` (`default_extra_tax4_id`),
  KEY `default_extra_tax5_id` (`default_extra_tax5_id`),
  CONSTRAINT `company_tax_codes_ibfk_1` FOREIGN KEY (`default_sales_tax_id`) REFERENCES `tax` (`tax_id`) ON DELETE SET NULL,
  CONSTRAINT `company_tax_codes_ibfk_10` FOREIGN KEY (`default_vat_id`) REFERENCES `tax` (`tax_id`) ON DELETE SET NULL,
  CONSTRAINT `company_tax_codes_ibfk_11` FOREIGN KEY (`default_gst_id`) REFERENCES `tax` (`tax_id`) ON DELETE SET NULL,
  CONSTRAINT `company_tax_codes_ibfk_12` FOREIGN KEY (`default_service_tax_id`) REFERENCES `tax` (`tax_id`) ON DELETE SET NULL,
  CONSTRAINT `company_tax_codes_ibfk_13` FOREIGN KEY (`default_excise_tax_id`) REFERENCES `tax` (`tax_id`) ON DELETE SET NULL,
  CONSTRAINT `company_tax_codes_ibfk_14` FOREIGN KEY (`default_other_tax_id`) REFERENCES `tax` (`tax_id`) ON DELETE SET NULL,
  CONSTRAINT `company_tax_codes_ibfk_15` FOREIGN KEY (`default_extra_tax1_id`) REFERENCES `tax` (`tax_id`) ON DELETE SET NULL,
  CONSTRAINT `company_tax_codes_ibfk_16` FOREIGN KEY (`default_extra_tax2_id`) REFERENCES `tax` (`tax_id`) ON DELETE SET NULL,
  CONSTRAINT `company_tax_codes_ibfk_17` FOREIGN KEY (`default_extra_tax3_id`) REFERENCES `tax` (`tax_id`) ON DELETE SET NULL,
  CONSTRAINT `company_tax_codes_ibfk_18` FOREIGN KEY (`default_extra_tax4_id`) REFERENCES `tax` (`tax_id`) ON DELETE SET NULL,
  CONSTRAINT `company_tax_codes_ibfk_19` FOREIGN KEY (`default_extra_tax5_id`) REFERENCES `tax` (`tax_id`) ON DELETE SET NULL,
  CONSTRAINT `company_tax_codes_ibfk_2` FOREIGN KEY (`default_purchase_tax_id`) REFERENCES `tax` (`tax_id`) ON DELETE SET NULL,
  CONSTRAINT `company_tax_codes_ibfk_3` FOREIGN KEY (`default_excise_duty_id`) REFERENCES `tax` (`tax_id`) ON DELETE SET NULL,
  CONSTRAINT `company_tax_codes_ibfk_4` FOREIGN KEY (`default_customs_duty_id`) REFERENCES `tax` (`tax_id`) ON DELETE SET NULL,
  CONSTRAINT `company_tax_codes_ibfk_5` FOREIGN KEY (`default_income_tax_id`) REFERENCES `tax` (`tax_id`) ON DELETE SET NULL,
  CONSTRAINT `company_tax_codes_ibfk_6` FOREIGN KEY (`default_property_tax_id`) REFERENCES `tax` (`tax_id`) ON DELETE SET NULL,
  CONSTRAINT `company_tax_codes_ibfk_7` FOREIGN KEY (`default_corporate_tax_id`) REFERENCES `tax` (`tax_id`) ON DELETE SET NULL,
  CONSTRAINT `company_tax_codes_ibfk_8` FOREIGN KEY (`default_local_tax_id`) REFERENCES `tax` (`tax_id`) ON DELETE SET NULL,
  CONSTRAINT `company_tax_codes_ibfk_9` FOREIGN KEY (`default_environmental_tax_id`) REFERENCES `tax` (`tax_id`) ON DELETE SET NULL
) ENGINE=InnoDB AUTO_INCREMENT=301 DEFAULT CHARSET=utf8mb4 COLLATE=utf8mb4_0900_ai_ci;
/*!40101 SET character_set_client = @saved_cs_client */;

--
-- Dumping data for table `company_tax_codes`
--

LOCK TABLES `company_tax_codes` WRITE;
/*!40000 ALTER TABLE `company_tax_codes` DISABLE KEYS */;
/*!40000 ALTER TABLE `company_tax_codes` ENABLE KEYS */;
UNLOCK TABLES;

--
-- Table structure for table `currency`
--

DROP TABLE IF EXISTS `currency`;
/*!40101 SET @saved_cs_client     = @@character_set_client */;
/*!50503 SET character_set_client = utf8mb4 */;
CREATE TABLE `currency` (
  `currency_id` int NOT NULL AUTO_INCREMENT,
  `currencycode` char(3) NOT NULL,
  `currencyname` varchar(100) NOT NULL,
  `currencysymbol` varchar(10) NOT NULL,
  `created_at` timestamp NULL DEFAULT CURRENT_TIMESTAMP,
  `updated_at` timestamp NULL DEFAULT CURRENT_TIMESTAMP ON UPDATE CURRENT_TIMESTAMP,
  `created_by` int DEFAULT NULL,
  `updated_by` int DEFAULT NULL,
  PRIMARY KEY (`currency_id`),
  UNIQUE KEY `currencycode` (`currencycode`)
) ENGINE=InnoDB AUTO_INCREMENT=49 DEFAULT CHARSET=utf8mb4 COLLATE=utf8mb4_0900_ai_ci;
/*!40101 SET character_set_client = @saved_cs_client */;

--
-- Dumping data for table `currency`
--

LOCK TABLES `currency` WRITE;
/*!40000 ALTER TABLE `currency` DISABLE KEYS */;
INSERT INTO `currency` VALUES (30,'USD','United States Dollar','$','2025-03-04 11:54:39','2025-03-04 11:54:39',1,1),(31,'EUR','Euro','€','2025-03-04 11:54:39','2025-03-04 11:54:39',1,1),(32,'GBP','British Pound','£','2025-03-04 11:54:39','2025-03-04 11:54:39',1,1),(33,'AUD','Australian Dollar','A$','2025-03-04 11:54:39','2025-03-04 11:54:39',1,1),(34,'CAD','Canadian Dollar','CA$','2025-03-04 11:54:39','2025-03-04 11:54:39',1,1),(35,'JPY','Japanese Yen','¥','2025-03-04 11:54:39','2025-03-04 11:54:39',1,1),(36,'CNY','Chinese Yuan','¥','2025-03-04 11:54:39','2025-03-04 11:54:39',1,1),(37,'CHF','Swiss Franc','CHF','2025-03-04 11:54:39','2025-03-04 11:54:39',1,1),(38,'SEK','Swedish Krona','kr','2025-03-04 11:54:39','2025-03-04 11:54:39',1,1),(39,'NZD','New Zealand Dollar','NZ$','2025-03-04 11:54:39','2025-03-04 11:54:39',1,1),(40,'MXN','Mexican Peso','MX$','2025-03-04 11:54:39','2025-03-04 11:54:39',1,1),(41,'BRL','Brazilian Real','R$','2025-03-04 11:54:39','2025-03-04 11:54:39',1,1),(42,'ZAR','South African Rand','R','2025-03-04 11:54:39','2025-03-04 11:54:39',1,1),(43,'SAR','Saudi Riyal','ر.س','2025-03-04 11:54:39','2025-03-04 11:54:39',1,1),(44,'RUB','Russian Ruble','₽','2025-03-04 11:54:39','2025-03-04 11:54:39',1,1),(45,'INR','Indian Rupee','₹','2025-03-04 11:54:39','2025-03-04 11:54:39',1,1),(46,'KRW','South Korean Won','₩','2025-03-04 11:54:39','2025-03-04 11:54:39',1,1),(47,'SGD','Singapore Dollar','S$','2025-03-04 11:54:39','2025-03-04 11:54:39',1,1),(48,'HKD','Hong Kong Dollar','HK$','2025-03-04 11:54:39','2025-03-04 11:54:39',1,1);
/*!40000 ALTER TABLE `currency` ENABLE KEYS */;
UNLOCK TABLES;

--
-- Table structure for table `default_tax_codes`
--

DROP TABLE IF EXISTS `default_tax_codes`;
/*!40101 SET @saved_cs_client     = @@character_set_client */;
/*!50503 SET character_set_client = utf8mb4 */;
CREATE TABLE `default_tax_codes` (
  `line_id` int NOT NULL AUTO_INCREMENT,
  `header_id` int NOT NULL,
  `tax_id` int NOT NULL,
  `tax_type` varchar(255) NOT NULL,
  `description` varchar(255) DEFAULT NULL,
  `created_at` timestamp NULL DEFAULT CURRENT_TIMESTAMP,
  `updated_at` timestamp NULL DEFAULT CURRENT_TIMESTAMP ON UPDATE CURRENT_TIMESTAMP,
  PRIMARY KEY (`line_id`),
  UNIQUE KEY `header_id` (`header_id`,`tax_type`),
  KEY `tax_id` (`tax_id`),
  CONSTRAINT `default_tax_codes_ibfk_1` FOREIGN KEY (`header_id`) REFERENCES `default_tax_config` (`header_id`) ON DELETE CASCADE,
  CONSTRAINT `default_tax_codes_ibfk_2` FOREIGN KEY (`tax_id`) REFERENCES `tax` (`tax_id`)
) ENGINE=InnoDB AUTO_INCREMENT=504 DEFAULT CHARSET=utf8mb4 COLLATE=utf8mb4_0900_ai_ci;
/*!40101 SET character_set_client = @saved_cs_client */;

--
-- Dumping data for table `default_tax_codes`
--

LOCK TABLES `default_tax_codes` WRITE;
/*!40000 ALTER TABLE `default_tax_codes` DISABLE KEYS */;
INSERT INTO `default_tax_codes` VALUES (500,51,204,'VAT','Fall back VAT code A consumption tax levied on the value added to goods and services','2025-03-04 12:26:49','2025-03-04 12:26:49'),(501,51,205,'GST','Fallback A multi-stage tax on goods and services sold for domestic consumption','2025-03-04 12:26:49','2025-03-04 12:26:49'),(502,51,206,'SALES_TAX','Fall back Sales tax A tax on the sale of goods and services, typically added at the point of sale.','2025-03-04 12:26:49','2025-03-04 12:26:49'),(503,51,207,'EXCISE_TAX','Fallback excise tax','2025-03-04 12:26:49','2025-03-04 12:26:49');
/*!40000 ALTER TABLE `default_tax_codes` ENABLE KEYS */;
UNLOCK TABLES;

--
-- Table structure for table `default_tax_config`
--

DROP TABLE IF EXISTS `default_tax_config`;
/*!40101 SET @saved_cs_client     = @@character_set_client */;
/*!50503 SET character_set_client = utf8mb4 */;
CREATE TABLE `default_tax_config` (
  `header_id` int NOT NULL AUTO_INCREMENT,
  `description` varchar(255) DEFAULT NULL,
  `created_at` timestamp NULL DEFAULT CURRENT_TIMESTAMP,
  `updated_at` timestamp NULL DEFAULT CURRENT_TIMESTAMP ON UPDATE CURRENT_TIMESTAMP,
  PRIMARY KEY (`header_id`)
) ENGINE=InnoDB AUTO_INCREMENT=52 DEFAULT CHARSET=utf8mb4 COLLATE=utf8mb4_0900_ai_ci;
/*!40101 SET character_set_client = @saved_cs_client */;

--
-- Dumping data for table `default_tax_config`
--

LOCK TABLES `default_tax_config` WRITE;
/*!40000 ALTER TABLE `default_tax_config` DISABLE KEYS */;
INSERT INTO `default_tax_config` VALUES (51,'DTAXHDR','2025-03-04 12:26:31','2025-03-04 12:26:31');
/*!40000 ALTER TABLE `default_tax_config` ENABLE KEYS */;
UNLOCK TABLES;

--
-- Table structure for table `department`
--

DROP TABLE IF EXISTS `department`;
/*!40101 SET @saved_cs_client     = @@character_set_client */;
/*!50503 SET character_set_client = utf8mb4 */;
CREATE TABLE `department` (
  `id` int NOT NULL AUTO_INCREMENT,
  `company_id` int NOT NULL,
  `department_name` varchar(100) NOT NULL,
  `manager_id` int DEFAULT NULL,
  `description` text,
  `default_account_header_id` int DEFAULT NULL,
  `created_at` timestamp NULL DEFAULT CURRENT_TIMESTAMP,
  `updated_at` timestamp NULL DEFAULT CURRENT_TIMESTAMP ON UPDATE CURRENT_TIMESTAMP,
  `created_by` int DEFAULT NULL,
  `updated_by` int DEFAULT NULL,
  PRIMARY KEY (`id`),
  KEY `company_id` (`company_id`),
  KEY `manager_id` (`manager_id`),
  KEY `default_account_header_id` (`default_account_header_id`),
  CONSTRAINT `department_ibfk_1` FOREIGN KEY (`company_id`) REFERENCES `company` (`id`) ON DELETE CASCADE,
  CONSTRAINT `department_ibfk_2` FOREIGN KEY (`manager_id`) REFERENCES `employee` (`empid`) ON DELETE SET NULL,
  CONSTRAINT `department_ibfk_3` FOREIGN KEY (`default_account_header_id`) REFERENCES `fin`.`default_account_headers` (`header_id`) ON DELETE SET NULL
) ENGINE=InnoDB AUTO_INCREMENT=40006 DEFAULT CHARSET=utf8mb4 COLLATE=utf8mb4_0900_ai_ci;
/*!40101 SET character_set_client = @saved_cs_client */;

--
-- Dumping data for table `department`
--

LOCK TABLES `department` WRITE;
/*!40000 ALTER TABLE `department` DISABLE KEYS */;
INSERT INTO `department` VALUES (40001,3001,'Procurement Department',2003,'Responsible for sourcing raw materials, goods, and services needed for operations',2000,'2025-03-04 14:09:45','2025-03-04 14:12:10',0,0),(40002,3001,'Logistics & Distribution Department',2004,'Handles the transportation, warehousing, and delivery of goods',2000,'2025-03-04 14:10:09','2025-03-04 14:10:09',0,0),(40003,3001,' Inventory Management Department',2006,'Focuses on managing the flow of goods into and out of warehouses',2000,'2025-03-04 14:10:33','2025-03-04 14:10:33',0,0),(40004,3001,'Supply Chain Planning Department',2007,'Responsible for forecasting demand, planning production schedules, ',2000,'2025-03-04 14:11:07','2025-03-04 14:11:07',0,0),(40005,3001,'Demand Planning Department',2009,'Ensures that the supply chain operates in an environmentally responsible manner',2000,'2025-03-04 14:12:52','2025-03-04 14:12:52',0,0);
/*!40000 ALTER TABLE `department` ENABLE KEYS */;
UNLOCK TABLES;

--
-- Table structure for table `designations`
--

DROP TABLE IF EXISTS `designations`;
/*!40101 SET @saved_cs_client     = @@character_set_client */;
/*!50503 SET character_set_client = utf8mb4 */;
CREATE TABLE `designations` (
  `designation_id` int NOT NULL AUTO_INCREMENT,
  `designation_name` varchar(100) NOT NULL,
  `description` varchar(255) DEFAULT NULL,
  `salary_range` varchar(50) DEFAULT NULL,
  `responsibilities` text,
  `qualifications` text,
  `created_at` timestamp NULL DEFAULT CURRENT_TIMESTAMP,
  `updated_at` timestamp NULL DEFAULT CURRENT_TIMESTAMP ON UPDATE CURRENT_TIMESTAMP,
  `created_by` int DEFAULT NULL,
  `updated_by` int DEFAULT NULL,
  PRIMARY KEY (`designation_id`)
) ENGINE=InnoDB AUTO_INCREMENT=159 DEFAULT CHARSET=utf8mb4 COLLATE=utf8mb4_0900_ai_ci;
/*!40101 SET character_set_client = @saved_cs_client */;

--
-- Dumping data for table `designations`
--

LOCK TABLES `designations` WRITE;
/*!40000 ALTER TABLE `designations` DISABLE KEYS */;
INSERT INTO `designations` VALUES (106,'Chief Executive Officer','The highest-ranking executive in the organization, responsible for overall management and decision-making.','150000-300000','Oversees the overall operations, strategic planning, and decision-making processes of the organization.','MBA or equivalent, 10+ years of leadership experience.','2025-03-04 10:35:41','2025-03-04 10:35:41',1,1),(107,'Chief Operating Officer','Responsible for overseeing the organization’s day-to-day operations and ensuring the execution of business strategies.','120000-250000','Manages operational processes, implements strategic plans, and ensures alignment with organizational goals.','MBA or equivalent, 8+ years in operations management.','2025-03-04 10:35:41','2025-03-04 10:35:41',1,1),(108,'Chief Financial Officer','Oversees the financial operations of the organization, ensuring financial health and strategic planning for growth.','130000-270000','Leads financial planning, budgeting, financial reporting, and investment decisions.','CFA or equivalent, 8+ years in finance management.','2025-03-04 10:35:41','2025-03-04 10:35:41',1,1),(109,'Chief Technology Officer','Responsible for the technological direction of the organization, overseeing the IT department and systems.','120000-240000','Develops and implements technology strategies, oversees IT operations, and ensures innovation in the technology space.','B.Tech/M.Tech in Computer Science or equivalent, 8+ years in IT leadership.','2025-03-04 10:35:41','2025-03-04 10:35:41',1,1),(110,'Chief Human Resources Officer','Responsible for the overall human resources strategy, including recruitment, employee relations, and organizational development.','110000-220000','Leads HR initiatives, ensures alignment with business objectives, and fosters a positive organizational culture.','MBA in HR or equivalent, 8+ years in HR leadership.','2025-03-04 10:35:41','2025-03-04 10:35:41',1,1),(111,'General Manager','Manages a specific department or function within the organization, ensuring smooth operation and performance.','80000-180000','Coordinates teams, oversees daily operations, and ensures departmental goals are met.','Bachelor’s degree in relevant field, 5+ years of managerial experience.','2025-03-04 10:35:41','2025-03-04 10:35:41',1,1),(112,'Operations Manager','Responsible for managing and overseeing the daily operations of the organization or a specific department.','70000-160000','Supervises operations, optimizes workflows, manages team performance, and ensures operational efficiency.','Bachelor’s degree, 5+ years of experience in operations management.','2025-03-04 10:35:41','2025-03-04 10:35:41',1,1),(113,'Finance Manager','Oversees financial planning, budgeting, reporting, and internal controls within the organization.','80000-170000','Manages financial records, prepares reports, and ensures compliance with financial regulations.','Degree in Finance or Accounting, 5+ years in finance management.','2025-03-04 10:35:41','2025-03-04 10:35:41',1,1),(114,'Senior Accountant','Responsible for the organization’s financial recordkeeping, reporting, and compliance.','60000-120000','Prepares financial statements, audits, tax reports, and ensures compliance with accounting standards.','Bachelor’s degree in Accounting, 3+ years of accounting experience.','2025-03-04 10:35:41','2025-03-04 10:35:41',1,1),(115,'Accounts Executive','Handles the day-to-day financial transactions, recordkeeping, and administrative financial tasks.','40000-80000','Manages accounts payable/receivable, processes transactions, and maintains financial records.','Bachelor’s degree in Accounting or Finance, 1-2 years of experience.','2025-03-04 10:35:41','2025-03-04 10:35:41',1,1),(116,'Payroll Specialist','Responsible for processing payroll for all employees and ensuring compliance with payroll regulations.','50000-90000','Processes payroll, manages deductions, and ensures timely payments to employees.','Degree in Finance or Accounting, 2+ years in payroll management.','2025-03-04 10:35:41','2025-03-04 10:35:41',1,1),(117,'Internal Auditor','Responsible for conducting internal audits to ensure compliance and effectiveness of financial operations.','60000-110000','Reviews financial records, ensures compliance with regulations, and reports on audit findings.','CPA or equivalent, 3+ years of auditing experience.','2025-03-04 10:35:41','2025-03-04 10:35:41',1,1),(118,'HR Manager','Oversees all HR activities, including recruitment, employee relations, and benefits management.','70000-150000','Manages HR processes, ensures compliance, and fosters employee engagement and development.','Bachelor’s degree in HR, 5+ years in HR management.','2025-03-04 10:35:41','2025-03-04 10:35:41',1,1),(119,'Recruitment Specialist','Focuses on sourcing, interviewing, and hiring candidates for various roles in the organization.','50000-100000','Manages recruitment processes, conducts interviews, and maintains candidate pipelines.','Degree in HR or related field, 2+ years in recruitment.','2025-03-04 10:35:41','2025-03-04 10:35:41',1,1),(120,'Training & Development Manager','Responsible for designing and implementing employee training programs for skill development and career growth.','60000-120000','Identifies training needs, develops programs, and ensures employee skill development.','Bachelor’s degree in HR or related field, 5+ years in training and development.','2025-03-04 10:35:41','2025-03-04 10:35:41',1,1),(121,'Compensation & Benefits Analyst','Manages employee compensation, benefits, and rewards programs to ensure competitive and fair offerings.','50000-100000','Administers compensation and benefits programs, ensures market competitiveness, and provides guidance on compensation policies.','Degree in HR or Business, 2+ years in compensation analysis.','2025-03-04 10:35:41','2025-03-04 10:35:41',1,1),(122,'HR Executive','Handles various HR tasks, including employee administration, records, and HR policy compliance.','40000-80000','Manages HR records, assists in recruitment, and ensures HR policies are followed.','Bachelor’s degree in HR or related field, 1+ years in HR.','2025-03-04 10:35:41','2025-03-04 10:35:41',1,1),(123,'Sales Manager','Leads the sales department, develops sales strategies, and manages client relationships.','90000-180000','Sets sales targets, develops strategies, and leads the sales team to meet organizational goals.','Bachelor’s degree in Business or Marketing, 5+ years in sales management.','2025-03-04 10:35:41','2025-03-04 10:35:41',1,1),(124,'Business Development Manager','Responsible for identifying business opportunities, expanding the customer base, and driving revenue growth.','80000-170000','Identifies new markets, develops business strategies, and builds relationships with potential clients.','Bachelor’s degree in Business, 5+ years in business development.','2025-03-04 10:35:41','2025-03-04 10:35:41',1,1),(125,'Key Account Manager','Manages relationships with key clients and ensures their satisfaction with products and services.','70000-160000','Develops long-term relationships with key clients, resolves issues, and ensures repeat business.','Bachelor’s degree in Business, 4+ years in account management.','2025-03-04 10:35:41','2025-03-04 10:35:41',1,1),(126,'Marketing Manager','Oversees the marketing department, developing strategies to promote the company and its products or services.','80000-170000','Develops marketing strategies, oversees campaigns, and tracks performance to meet business objectives.','Bachelor’s degree in Marketing, 5+ years in marketing management.','2025-03-04 10:35:41','2025-03-04 10:35:41',1,1),(127,'Digital Marketing Specialist','Specializes in online marketing strategies, including social media, SEO, and online advertisements.','50000-100000','Develops and implements digital marketing campaigns, optimizes web content, and analyzes performance metrics.','Bachelor’s degree in Marketing, 2+ years in digital marketing.','2025-03-04 10:35:41','2025-03-04 10:35:41',1,1),(128,'Customer Relationship Manager','Builds and maintains relationships with customers to ensure satisfaction and retention.','60000-130000','Communicates with customers, resolves issues, and ensures their needs are met in a timely manner.','Bachelor’s degree in Business or related field, 3+ years in customer service.','2025-03-04 10:35:41','2025-03-04 10:35:41',1,1),(129,'Procurement Manager','Responsible for sourcing and managing suppliers and purchasing goods and services for the organization.','80000-170000','Identifies suppliers, negotiates contracts, and ensures timely procurement of goods and services.','Bachelor’s degree in Supply Chain or Business, 5+ years in procurement management.','2025-03-04 10:35:41','2025-03-04 10:35:41',1,1),(130,'Supply Chain Manager','Oversees and optimizes the organization’s supply chain processes from procurement to delivery.','90000-180000','Manages supply chain processes, improves efficiency, and ensures timely product delivery.','Bachelor’s degree in Supply Chain or Logistics, 5+ years in supply chain management.','2025-03-04 10:35:41','2025-03-04 10:35:41',1,1),(131,'Logistics Coordinator','Manages the transportation and distribution of goods to ensure timely delivery.','50000-100000','Coordinates logistics, tracks shipments, and manages relationships with carriers and suppliers.','Bachelor’s degree in Logistics or Supply Chain, 2+ years in logistics.','2025-03-04 10:35:41','2025-03-04 10:35:41',1,1),(132,'Warehouse Supervisor','Manages the storage, handling, and distribution of goods within a warehouse environment.','45000-90000','Supervises warehouse operations, ensures inventory accuracy, and maintains a safe working environment.','Bachelor’s degree in Logistics, 3+ years in warehouse management.','2025-03-04 10:35:41','2025-03-04 10:35:41',1,1),(133,'Inventory Control Specialist','Responsible for managing inventory levels and ensuring accurate stock records.','40000-85000','Monitors inventory levels, performs stock audits, and manages inventory records.','Bachelor’s degree in Logistics or related field, 2+ years in inventory control.','2025-03-04 10:35:41','2025-03-04 10:35:41',1,1),(134,'ERP Manager','Oversees ERP systems implementation, management, and maintenance to ensure the organization’s processes are streamlined.','90000-190000','Manages ERP system, identifies improvement opportunities, and ensures data integrity.','Bachelor’s degree in IT or related field, 5+ years in ERP management.','2025-03-04 10:35:41','2025-03-04 10:35:41',1,1),(135,'ERP Consultant','Works with organizations to implement and optimize ERP systems for improved operations.','80000-180000','Advises on ERP system implementation, customizations, and troubleshooting.','Bachelor’s degree in IT, 3+ years in ERP consulting.','2025-03-04 10:35:41','2025-03-04 10:35:41',1,1),(136,'Database Administrator','Manages databases to ensure data availability, security, and integrity for the organization.','80000-160000','Monitors and optimizes databases, ensures data security, and performs backups and recovery operations.','Degree in IT or related field, 4+ years as a DBA.','2025-03-04 10:35:41','2025-03-04 10:35:41',1,1),(137,'System Analyst','Analyzes and improves the organization’s IT systems to ensure efficiency and productivity.','70000-150000','Works with stakeholders to analyze business requirements and designs IT solutions.','Bachelor’s degree in Computer Science or related field, 3+ years as a system analyst.','2025-03-04 10:35:41','2025-03-04 10:35:41',1,1),(138,'IT Support Engineer','Provides technical support to end-users and resolves IT-related issues in the organization.','50000-100000','Troubleshoots hardware and software issues, provides user training, and maintains IT infrastructure.','Bachelor’s degree in IT or related field, 2+ years in IT support.','2025-03-04 10:35:41','2025-03-04 10:35:41',1,1),(139,'Production Manager','Oversees the production process, ensures product quality, and manages production teams.','80000-170000','Plans and coordinates production schedules, ensures quality control, and resolves production issues.','Bachelor’s degree in Engineering or relevant field, 5+ years in production management.','2025-03-04 10:36:37','2025-03-04 10:36:37',1,1),(140,'Quality Control Manager','Responsible for ensuring that products meet quality standards and comply with regulations.','70000-150000','Monitors production quality, manages quality control teams, and implements quality improvement initiatives.','Bachelor’s degree in Quality Management, Engineering, or related field, 5+ years in quality control.','2025-03-04 10:36:37','2025-03-04 10:36:37',1,1),(141,'Maintenance Engineer','Responsible for maintaining and repairing machinery and equipment in production areas.','60000-130000','Monitors equipment health, performs maintenance tasks, and ensures equipment reliability.','Bachelor’s degree in Mechanical Engineering or related field, 3+ years in maintenance engineering.','2025-03-04 10:36:37','2025-03-04 10:36:37',1,1),(142,'Process Engineer','Improves manufacturing processes to enhance efficiency, reduce waste, and optimize performance.','70000-140000','Analyzes and improves production processes, designs and implements process improvements, and reduces costs.','Bachelor’s degree in Engineering, 3+ years in process engineering.','2025-03-04 10:36:37','2025-03-04 10:36:37',1,1),(143,'Safety Officer','Responsible for ensuring that all safety regulations and practices are followed in the workplace.','50000-110000','Monitors safety practices, conducts safety training, and ensures compliance with safety standards and regulations.','Bachelor’s degree in Safety Management or relevant field, 3+ years in safety roles.','2025-03-04 10:36:37','2025-03-04 10:36:37',1,1),(144,'Customer Support Executive','Handles customer inquiries, resolves issues, and ensures customer satisfaction.','40000-80000','Responds to customer queries, provides solutions, and maintains positive customer relations.','Bachelor’s degree in Business or related field, 1+ years in customer service.','2025-03-04 10:36:37','2025-03-04 10:36:37',1,1),(145,'Service Coordinator','Coordinates the delivery of services to clients, ensuring that projects and tasks are completed on time.','50000-100000','Manages client service requests, schedules appointments, and ensures service delivery is on time.','Bachelor’s degree in Business or related field, 2+ years in service coordination.','2025-03-04 10:36:37','2025-03-04 10:36:37',1,1),(146,'Technical Support Engineer','Provides technical assistance and troubleshooting support to customers and employees.','50000-110000','Assists with technical issues, troubleshoots hardware/software problems, and provides user support.','Bachelor’s degree in IT or related field, 2+ years in technical support.','2025-03-04 10:36:37','2025-03-04 10:36:37',1,1),(147,'Helpdesk Analyst','Provides helpdesk support, resolving IT-related issues for internal users and clients.','45000-90000','Assists users with IT issues, resolves hardware/software problems, and provides training on IT systems.','Degree in IT or related field, 1+ years in helpdesk support.','2025-03-04 10:36:37','2025-03-04 10:36:37',1,1),(148,'Procurement Officer','Handles the procurement process, ensuring timely and cost-effective purchase of goods and services.','50000-100000','Identifies suppliers, manages purchase orders, and negotiates contracts for the organization’s needs.','Bachelor’s degree in Business, Supply Chain, or related field, 2+ years in procurement.','2025-03-04 10:36:37','2025-03-04 10:36:37',1,1),(149,'Supply Chain Analyst','Analyzes and optimizes supply chain processes to ensure efficiency and cost-effectiveness.','60000-120000','Monitors supply chain performance, identifies inefficiencies, and recommends improvements to reduce costs and improve service delivery.','Bachelor’s degree in Supply Chain or Logistics, 2+ years in supply chain analysis.','2025-03-04 10:36:37','2025-03-04 10:36:37',1,1),(150,'Logistics Manager','Manages the logistics operations including transportation, warehousing, and distribution of goods.','80000-170000','Oversees logistics strategies, manages transportation and distribution teams, and optimizes supply chain operations.','Bachelor’s degree in Logistics or related field, 5+ years in logistics management.','2025-03-04 10:36:37','2025-03-04 10:36:37',1,1),(151,'Warehouse Manager','Oversees the management of warehouses, ensuring efficient storage and handling of goods.','70000-150000','Supervises warehouse operations, maintains inventory control, and ensures the timely delivery of goods.','Bachelor’s degree in Logistics or related field, 4+ years in warehouse management.','2025-03-04 10:36:37','2025-03-04 10:36:37',1,1),(152,'Inventory Manager','Responsible for managing inventory levels, ensuring accurate stock records, and optimizing inventory processes.','60000-130000','Oversees inventory control, manages stock levels, and coordinates with procurement and sales teams.','Bachelor’s degree in Logistics or Business, 3+ years in inventory management.','2025-03-04 10:36:37','2025-03-04 10:36:37',1,1),(153,'ERP Consultant','Consults with clients on ERP implementation and optimization to improve business processes.','80000-160000','Analyzes business needs, recommends ERP solutions, and assists in system implementation and optimization.','Bachelor’s degree in IT or related field, 4+ years in ERP consulting.','2025-03-04 10:36:37','2025-03-04 10:36:37',1,1),(154,'Database Administrator','Manages and maintains databases to ensure data integrity, availability, and security.','70000-150000','Monitors and optimizes database performance, ensures data security, and backs up critical data.','Bachelor’s degree in Computer Science or related field, 3+ years in database management.','2025-03-04 10:36:37','2025-03-04 10:36:37',1,1),(155,'System Administrator','Maintains IT systems, including servers and networks, to ensure the organization’s technology infrastructure runs smoothly.','70000-140000','Manages IT systems, performs regular updates, and ensures the security and reliability of the network and servers.','Bachelor’s degree in IT or related field, 3+ years in system administration.','2025-03-04 10:36:37','2025-03-04 10:36:37',1,1),(156,'IT Support Technician','Provides technical support and troubleshooting services to end-users in the organization.','40000-80000','Responds to IT issues, diagnoses problems, and provides solutions to ensure business continuity.','Bachelor’s degree in IT or related field, 1+ years in IT support.','2025-03-04 10:36:37','2025-03-04 10:36:37',1,1),(157,'Network Engineer','Designs, implements, and maintains network infrastructure for the organization.','80000-160000','Plans and builds network systems, ensures network security, and troubleshoots network-related issues.','Bachelor’s degree in Computer Science, Engineering, or related field, 3+ years in networking.','2025-03-04 10:36:37','2025-03-04 10:36:37',1,1),(158,'Security Analyst','Responsible for protecting the organization’s data and systems from security breaches and cyber threats.','80000-170000','Monitors security systems, analyzes potential threats, and implements security protocols to safeguard data.','Bachelor’s degree in Cybersecurity or related field, 3+ years in security analysis.','2025-03-04 10:36:37','2025-03-04 10:36:37',1,1);
/*!40000 ALTER TABLE `designations` ENABLE KEYS */;
UNLOCK TABLES;

--
-- Table structure for table `employee`
--

DROP TABLE IF EXISTS `employee`;
/*!40101 SET @saved_cs_client     = @@character_set_client */;
/*!50503 SET character_set_client = utf8mb4 */;
CREATE TABLE `employee` (
  `empid` int NOT NULL AUTO_INCREMENT,
  `name` varchar(45) DEFAULT NULL,
  `manager_id` int DEFAULT NULL,
  `supervisor_id` int DEFAULT NULL,
  `pic` blob,
  `salary` decimal(9,3) DEFAULT NULL,
  `role` varchar(45) DEFAULT NULL,
  `dob` date DEFAULT NULL,
  `doj` date DEFAULT NULL,
  `resignation_date` date DEFAULT NULL,
  `status` tinyint(1) DEFAULT NULL,
  `created_at` timestamp NULL DEFAULT CURRENT_TIMESTAMP,
  `updated_at` timestamp NULL DEFAULT CURRENT_TIMESTAMP ON UPDATE CURRENT_TIMESTAMP,
  `created_by` int DEFAULT NULL,
  `updated_by` int DEFAULT NULL,
  `designation_id` int DEFAULT NULL,
  PRIMARY KEY (`empid`),
  KEY `designation_id` (`designation_id`),
  KEY `manager_id` (`manager_id`),
  KEY `supervisor_id` (`supervisor_id`),
  CONSTRAINT `employee_ibfk_1` FOREIGN KEY (`designation_id`) REFERENCES `designations` (`designation_id`),
  CONSTRAINT `employee_ibfk_2` FOREIGN KEY (`manager_id`) REFERENCES `employee` (`empid`),
  CONSTRAINT `employee_ibfk_3` FOREIGN KEY (`supervisor_id`) REFERENCES `employee` (`empid`)
) ENGINE=InnoDB AUTO_INCREMENT=2013 DEFAULT CHARSET=utf8mb4 COLLATE=utf8mb4_0900_ai_ci;
/*!40101 SET character_set_client = @saved_cs_client */;

--
-- Dumping data for table `employee`
--

LOCK TABLES `employee` WRITE;
/*!40000 ALTER TABLE `employee` DISABLE KEYS */;
INSERT INTO `employee` VALUES (2002,'John Smith',NULL,NULL,_binary '\\\0JFIF\0\0\0\0\0\0\\0\0		\n\n	\r\r\r \"\" $(4,$&1\'-=-157:::#+?D?8C49:7\n\n\n\r\r\Z\Z7%%77777777777777777777777777777777777777777777777777\0\0\0\"\0\\0\0\0\0\0\0\0\0\0\0\0\0\0\0\\0N\0	\0\0\0\0\0!A1Qa\"q2BRbr#$36CDSs4tu\\\5T\\\\\0\Z\0\0\0\0\0\0\0\0\0\0\0\0\\0(\0\0\0\0\0\0\0\01!AQ\"2\Ba\\0\0\0?\0\(\"\"\n,m\\vH1%U5<\@.\0\V5G\\'\Wls1e\BG\X<q\\\K]\kK\Z\GLr\$ț\\ih\M\)\1\dO\]\\0\q=\\\׺W\\np\=<3=H\0\\\CzZqF\Eus\\W\\<DwlcsKO#T䢚\\?\ѥ\|ԏGKt|-|3g\\x\\4\F8PZ\ѝ\\\v?䮶n,_9^Ϙ\\\斸\;B>o\\Ĵ\YT{Mں\ayê]@b,y%\70~`3r\Zw\3#9\_g\r{:(J=舭\"\"\0\" \"\"\0ach_Hk\mҹ\1\\!˝\\g\\3\Qݡf\nj\\H\IJ_\\1d\z\W+ ;\1\\85ž~\\\\\Z\\^[K,ӽ,qܻF.\\\\\8\\0\0k\\]>K>n\K\\\0E\\<?%\z\T_N=hsKKHw\\VV,\\\'(\C[%\rV\˴1\T\r&COՋC\te)k\n8GcUcV\\i(i\Zj\m\G\\x\v+NT]-\ZF\+C9k844\ \Y\0W\\rP\%%V\0E\/q\X\"\"\0\" \"\"\0\" \]⤚\W\\"0\H;y`-e/Ԗj\\=:Y|2JԾ&3\@w$c$r[^x#X\'h|R\wcF\-Ҿ\5	M9\<w\A\'\\\qɍOp;FĶ\K-\Jh.ԓuM\ l9\\q\\;d\Ihpk\\@t}We\\\SS5\<\{7\0\_\'ty[w6)d\\77<ѐxs\\n>ues\tO\K%\\Mf&j0et2\?\rm\ۃض}T\\\\B\6?r\0<0?Gz6\lG%U=Qdnvΰ\v\\0{\#\[L^RInURv\.\w-w1\*\5E|\\\D]\AD@\0DDD@\0DDSW4Czӕ|<\\q\蚭jT\\'PC$\SOSDO2\\\\\Fj\\(g0\iGH\#kZƆ\0A>\r\8u\%\\F\\\1\\Oe_.X\t\\iCM\Y󋌍a5lr\RT+*v\\\\O<\\O \X\lAF4I n\\9\\\N|gh\(\$kպ:\M\k\\ \\NaHej.t\z\j\T\\9cv\ZF\\p\:\+ĽoT\v}ZX\)E	Ş\\'\Օ\\'Iz\\\\1՞\\\=D-C\ͤpX%X\\Ac\G\r怯<\\\~\0x\-3]\h-(zx\\m\r\{cc\\g	qD\"\Z\\[u=}Jj\$n\.\\0\" \"(KzOi۽H\"\\v5\@\%h\n޶:&7I^\\av\~\	\p\\=h\r\=Dt\I5D(\\\ִ\O!igӄ0>JM)L\\\re@!\7>AT:L\]o7t%\t\\=\\'5\\NP\\[}\nWI\$Cs\h\\0_Н\\m+M5}^\8ܞ\ým\v\7S^iqd\uN\;f\ci\\Z\'\\ju=/V\|_*aw\\Dr\f\\bzI1\G\\:<^\Sߩtݚ{[\\أ\'Y=\G\⼷SQ%MDd\\ c$)=\SW\nA\F&\x\np\\\K.Nl,\\]Fr\XD\m\\	\\\)_O\\8\0\?9ne\N\D Gq\4\\0\0\/L\9\\\" \"\"\0\\zu5\f\\Z\Lc\0\\\[y섩3k\\\'-6\.sX翊d\";r\\\	\\\\D@7QwLC\\\ZGvGj¾\8]J\$,\\\kGy<\Jj\y\#\ro\\+\>\\[ZhX\fcfo\3}\鞋\\i\n{\I\\.uK\M\'\0@88\\V\\*n{(Һyxu$0v\>1\;l4\\\X(\B\D``\0Bך=;h<\"\"U^e\\n\\Zҁ$\]\\\ \x^_\&M\}]ځiYX$n\F\A\\U,5T\\Nfa\=i#\^9[_\\RL\È\M\q}hq\3#\\]\USJv\R4\@\c\R6:\'\\%{wgL\\㑌\\MF\\tWQ}9IkpTB\" \"\"*z\B\J9\.يh\1\\9]@)7\\\E;\"\蛶)C\\=R\Z]2F\&m\@\\09\b\-\8em]\E\S~,UÏ0\\\ST\\\#E0\03#xd㴖\\\[\hϥglmI\,\\SG,@a\-1wS\&\\ns\\'\mQW\\p\r,s\IJcI:)ͣp\\r\xvwjt\\/(DEp\0DD#YPQKrV\\\\rT54\\D\\Wu\\\\\1UQ\U[c62\{}&7<&,\=\\k&ҷ\ \(J4\ůu}\rS\\\\QS\#_l{O5\ W YHGӄ\\\wւ&B\y8rp\#[\_\\eu\\ƾ\;cvL\\9\\`sZI\:9\\\\0AԄE3>Kh\DE\"!D@s\ag{\W[pLNə\\\\\z:ҝi\\ius]IWvN\\\\n\x=ޕ\Ze\y\\h᫧T\\1\y<G+b\\\v\]K\){#2x8y\w\\'CX\\Q\SM\ZG{~r2Hh\\l\"\"\(D@}Gg\ܧ\c{d<<I \\Q[cvzS+G8\b\(\\M\[H\\)\ZjZN85\qsߊ\0S\E)[M*Tu\x\uԲ\Q覄\_\[j\R\\s8\3\a\ʛ\\r\~~R\\0(=sR[j\\\p!\dh}͟\\\W+ٸ;kwx\\k9XS\"\0DDHX\5\%=T;3\O\'.\oI!S\DC\\Z0\\=\g\r(\rO`\\r\\3\"\\[O\>4\L\V\ZGTca\\\0y]*?#\\\c_$u\(\\\Wj7;\HQ7\yTh\UW(s\\=aK.<\\C\,\\)g\O\񼈳\\"-S<\"\"\0^\uͼ;owa\\U5\)\\qCS\\{\q>\[<\\<m)+;;Gz\YŠ\Ml\\+=w}K)B\\\\448\x\J\\je*3Y\\ޏ\f|PD\\di#\C\W\'\\\\\\Hp E|DE\J\e])\،34rh\\M\':6\\\C.\6IY(\\ \'q\x\W\\GK-4M#6\0=AA\+Il0\h\}\D\`\\'3\\pV$\n\6}af\U5E+{Y#~\\V\W\-\mt8\t?GsȮ\r\\I˯\V\\\'\N\|HX\ZGC/s\\\I\e6\+\P\\\\L^UMHl/	4DW\aD@^\n)\\\\A<nF|\0Wam=4\[m{\\\Zi\(\0\$\\}9\R\]-a	\\i\㷜ո\\\˹\A\>	Z迆|\\\\r4\:\\Tʪ\'\E]\\6p9H\1\\d>yFsYGu\rڧw\\\xZ¢:/h߾\\d\#\\ljENH\\ŕ}O\\\Y@\*;_\\\2D\tr5\x8-p~\uP\[\\g\+=|j\mn_TJس׉\Z0\Z\ZҪ9\ -?Frmї}s!c~c\\\*+$~Hm\_\rJݲ8\\Oy/O\e]ϗl\Z(v4||Q\̌\q\inK<,XČi8\\r\</d\G,/d9Ln\rXԮ\\xEf*k\\κG\C\N,EFF\4l宫-S+\뮁\1IQYB#ki\{\Iv0\m\\\2Qi?% v=\\\\yk\.\\]\㾞\\w\Y{UlR\\\\\bt/,\\Z\\O\\\dKhkM}+fGm{\\v\0<,ȍ278\ʮee\2ֈ\T\"\"\0\" #\\0\+\ItΗVR\\"\-k{:;\\V\:\\\\_\z\+=\LDE\\>\\?pL8\\0\\[sB~$\\0\\\5f\v:\\\\"*E\\3QfT\0 *\~6h\\\0\0-ObI\\DEԀDD\',0.000,NULL,'2017-01-02','2024-05-04',NULL,1,'2025-03-04 10:52:07','2025-03-04 10:52:07',0,0,106),(2003,'Sushil Kumar',2002,NULL,_binary '\\\0JFIF\0\0\0\0\0\0\\0C\0\n\n\n\r\r\\0C		\r\r\\0\"\0\\0\0\0\0\0\0\0\0\0\0\0\0\0	\\0\0\0\0\0\0\0\0\0\0\0\0\0\0\\0\0\0\0\0\0\0\0\0\0\0\0\0\0\0\0\0\0\0\0\0\0\0\0\0\0\0\0\0\00\cϝm\0>=\'\9\0+\\\[\tm\09{G\\\\j\\\\0\0\0\0\0\0\0\0\0\0\0\0\\\n\\-/~d\\s5+/L\E6k0d9>F&N\٘˷o}Oj\@\0\0\0\0\0\0\0\0\07\^K6\\~N:6Ǎ#+\\\T˴̳1k܌9C\\\\zr#\8\0\0\0\0\0\0\0\0\\0-D\,}X\5m\\Ɖ\P՛<{/.bD\Un\.\'\l%}Dܗ֟I~w\u>rnh$\0\0\0\0\0\0\0\0B\|mYZՉu޶\ʋ\nFrqp\\E\\\3oΦu:Ɋ\V5ɯ7\8\>{\N\\\C|\\\lΕ\0\0\0\0\0\0\0\00_\0|1Y\ d19h\l\ӟ\\\3\#\n\r\3;g\\Io\=\-c\\l1s~\\\\\\{,m퍓\0\0\0\0\0\0\0\0>	\\\Z\7\\=\:m2fyޏɻ\;oȺ~r\?U)\U\+PYLXs\"κN>\co\Zv׮o\3-]\0\0\0\0\0\0\0\0\O\\&Cȣe\\\\\K/\3R\&hH\\fs\UwkkH݉i\c\;Jڰ\l\[\\soN4\0\0\0\0\0\0\0ov\\\\Y\=\\\\݋-|;5֡\\\fznq\蕌Mqږ\~~Yk׮\\c\ɩDe\\{77_$\\\}.\\\.9Yq\0\0\0\0\0\0\0\0vNC\{\Z\\\\3+M\F˒\Ѡ\ή]w3:Gwk\6}\\.1\o(o\'\\\q|}\W\g}_+{b\㯥\ە7\ǯ\\0\0\0\0\0\0\0\01\x\\\\.$Ư-\"4\\\ɉ\\\\\D#\\:]\\\4v;6+c\\tm\Ěz2\}\\ǧ\\0\0\0\0\0\0\0ܹ7^\\\W5\d\"\,<tSr\:\6\n\Fi&g?aL%$_#\\\s+ag3\#%\\-\\\C\0\0\0\0\0\0\0\0iێ^ؾGmm\a-\9\T\\\osh\)n<2\'M׶\\\bg\\rxe\e1\\3lV\\g\@\0\0\0\0\0\0\0\0ӊ\\w~ZU<9)E]\f-X\v%\ZĺQ)\n^FF[J\\\\(\eVz~H\0\0\0\0\0\0\0\0\0\Z\#\wNO<}gax\ng뎜VNG+9\4O{\ʶS\\\z L\ڻY\w/W\\o\0\0\0\0\0\0\0\0\0W\1\`?\RԪևNCٮ59(^M*絘\\tƈ\\\l~Г\℀\0\0\0\0\0\0\0V\W\\:_SyF\k\0Gd}\TU#\D_oX=S\&>2\\"kz\\\\\_/z\N_韒$o\~fu\}\RĀ\0\0\0\0\05\I\\ՏceR~\-\R-\%ޥ\Rvg]\ոHԲkl^ay\\l(1>yr=c\ܽ?\\0.\\W\yb\\G#\\\\\\}P\0\0<\\r\x\\|g\6t>}cلi#\\\\"NMm.|~G?\\=휣\\\\\\˕}&Z7L\\\\\{x9\\!Zn\\\V\\ ݨQ*m{k\n\})־Y\_K\.UhV=a7=Yv\\\VdQt\H\mھ[\\\R\r\\\:\\`\\[\\\ZTO\G|!\>\\\r2\֭5ypUr.^ڹI:х\ŭ߷q_ocr.ܚeUZ7}&Y\ِ*\m\+g˾Vz\_	\[͙oLF\ϴȼZu\\ŭ\\\\N\'\\v׫+_\-\MW|\eP2ͱ^\q[ښ[\'¨#y\"!n\\T۾hi7W0\D\M\&my]SE5?\φ7͝<O\\\\03\>\O\\b\Y\TCiʴ_ן=\׾5k\]\M}\vUr^W\\k5fJ\E\-\X:,,Yz{M\OT{>祊oM\B~\^ۨ\\?;/\%\jty\Z\;\\\\B\r_K\<{<\\\\n\\O\nqj.\\\\\6+T9DJ5Q\RG\\%\-WOUu	\ZS\4_\Y\ۖJ)\\o$b\[\\Y0a\G\\Fc\|\\\\Ϻ\T^\=K\\\~r\Kw\\U+2_%{\ZM\Ш.J95{\ڹn\(_y\v\7ªoŕȲmB\\3MDMikk\}|2j~\\9\C\\4\ˇLqN\orF6۾?Ꞛ\8?voH\j\ڷ.x˶\.Y\b\|I{:Z.ؘ\1,ߋ\\03\0\0\0\0\0!\"12@#3BA 04P$%C`\\0\0\0\®\Vrz:\.\T_^\\{O\T(\\uCSC\\ݩ-\}Y\\\\\OrT~za&:pv\p\K\m\Z5-\?\\\aR\zA=\̄77Q	n$\\St\\fqEM&M_4W9%\Z\k\\YF恵.dr;\tΚBQI\DE.SR\.E\7&&\Lnl\#m\\mz}}\y\kk=w\R\-A= (\![M8gAZ8d\m\r$ \lSAz\'5c*r\:\\$ӷQ\\Z\E,坽4\ﵙm7Q\mv\6`sY޺\/N51\B>IezSXS[梻\tKfR6wrxwCT/O\Kˢ̘dFjHe%<.\+)8pt,\\}\S}\Q^汹)O\'A\0T[X%(\n\Z}\\c9DJb\Q)\'&%ҏ\"Dp<\vVU\\Zkh\\\ښ\Tuspr)\NG\0K\K\:v\v34fҶ\=\r@0I9JLm%.8\\r#3{1VFꞪJgu_Ij#b\Z^\|\6\ \&Ɯ\FX\\\Qc\\Zm\AG-Kg)Tv\'\%\\ӝ\d Oi̟\X\PQ)o\=\']\MC\P{\\me4UFؒwt\a31083aI[e\	Z\\#j;9AAj\\/n,EH\\Ҷކ\\\\\ \\qF\wi=\kտ:3v\H߾qɜ}\Bֻ$Ad\=\p\[QQq\\)\j0#c=\lmcST\5m\TN\\\\\K2(\l\٫\Zۤ\r\*a\nq̼7\\yR#F?8\\Ӓi\ZP.\H:\\J\TpnOZ)\ER4ZhqV\ĜrDI\(\0ZؽJ\\kCsiZ9+Ѷ\Ʋr\0$X]0ai\t\=40Ic\\\0\\:wNIɝJ^\0\\\\\/#A\oN(n\gZ\J\\\{\~j\"C;.PҊ\4H\4\0-\	\d\{%4Æ\Jb\)a\]G:\ѣ6up]\"(\\]nwJ\,\\8i\Ma\\\\l>7%WR\.\J;\BP)u\ZRMK-\*wnWzT\\⾂q\\C]O[m1\\\	\\"Sjg[D\)P2\\X3)(BW{\r$rU\O\![(Zf\!g\n&#\KlG\.А\;[F\Xh\\VR\gLT\ҲP\\T\p\nu\PUɂz5\\zWS1\:[VD\\T\0a]\\Ҿ\\n?\oE\Uu`o\vs	wC&Ylp\nQ\\\'\\_ܚ=\i\t\,ts\mu\{\\r=Z*(\HnjX\1g\ظh_#>SDb$\emp\j7(\wb\.8̇\:\\'s\0ǰŲ\e\,0\CNd,̦~6CȚѺ(ة׶^\I\B\\\b-\SEЃ\\Cmΰ\~\0-AzJ(颍Og\,\nrR21ʨlֈߣ\?`\\\Q\\7\0\2\c*G\Za,\Q\'U?!\?\r1K~֢NwgE\\\\n\R\\4\'M^!MP\\'W*\0Z\OXXTdSJu\Z\۩/ھhj\*/1R̥%-\"0xuG\Z:MZHm\\\\\r\"RSY\nȿk\MM\\tE\Z\?1\F\0\춧ͅ	&1eԮ̾Y9K06\z7QG\PE\&L)D]a;!|&$&HH\PREM\o\\\\\\HkT\\%%ΰ\\UD\x{6O}$=|NfԫH\Mþ\\\r,u==TE\y(lj^\E\v\2\",h\nB\\\\t:ov\	Q\	\<is%\<u\s+n2\2N5Zx~\u(\\?\\eoXL\nV\[Yme\IӖTGΥ{u5K^(\\S۬\v\}\\5\\\:v\\=<@h|_\m\\fH\Y\!ɞg{M\kM]՚wkf]\\Q\XԾU\)\\r\\\\\\saE*[\\xDg\\\r4N{\re<\\\	usѝ\\\J)pw+\=CꑛW\\dM\ZnW.+l頒q<\CPĂT\\K\e\gNhfRφw\\VkW\\\A&rߌ.P\5}\\&\\"\c \0\;]~UN79\/\\8Vڏe_p5Ҕ?vQձ.cE:y+j\\kUj3^\\Y5}}K`?ڸ\(Cv\^U\Z\n\\9_F\Ass}\XDɛjh\\~\Z\QBp&\{}ɠFe\5\fXXN=\|)*\zɝ\rmgD\xE\'Lڞ\-\7V_l1\pԖ\c\E\nq5Et<}\}\#I0\l5\\;T\IK\'Dd5^\\E=S:\\]ENs\0i9Zʧ\\\CΘ\-?\8	+nV\U*zQmJP\\\\४b2\2t\ra\#伋u\\,j\0\\\M\\\\\\\GUDtr4B\A=n\¨-XTH\\zU\7\3-SHv1~\/Ԏ7Ðv\G<R/s,I\\\0]\$=$\r2ˏgV\\v\DQ\\'\M\0T}Ze\\\n94-O\\zSջK\N\ߌ\gu\Q.\\\\"~\\.$hǗ\wm̾cnn*B\V\\\u\\\\f\GKһ\*ުuMS\\W詡\N* S\5]%\\\\\6\חyd\\v\.LQI#s\C\\6\ض\\g~\(\a(ۙy(rɰ\ʀ\\3-Q \4+\\\٪d\\r}8DT\rI\\+J\"\\Z=QgW\O՝\6Y7.\.6]4Hs\\/;dv\\\1\'!l.6Xɋnw~[ \\\er\\q>\\\\\խC\rzIZI\\\6\Zms\rQC|\aWjʚ]1TB\҇5~\L.n\\ܷ-̷*\\"~Y;nJ;\3eey#kx\l\d\%\[E>չ9;nwd%h˨\NW>Gmu6hJ\q\@\\zaCUh{#\E\T\:Kbd>϶Qru\vM*\˱\-\V_퇇ڃ;\7p2\H[͔\\7&F\R;\a\|?>\ף\0\\\#t\TR\\elR\\rL\M}u:k^ \30U\t\Y]Ӳ!`wd...ed]9\0ոL\|I#w\\0^L.Oݍ\1\g\\\\\'GMu\.?~\_\nH\'-\	$Ujk}P3R\b\(\U\\\\\'|\l\\\nuݒ\\c\\\)x\+4n/\"ɾ#\*W8T:ڶ\NBGvn\w\vO\^UmEg\\\[U\Q\YH\kK\\5?}Aqv|\jJu}.a\ȼr3>\и-Ѯ:\T\DL;Q|O\\v\ϗ.\0ܟ$p3wn\f\6\\n\Zni~Q:6X\$\౸J\35vЩ\+\\\3s!l\'\|Y`O}K+dbS\Ѡlw\@|yd|?\"r|elK3Q\+6\$O.D_#a\j}\ߋ\\usYY\"*E\\\\\n\L\Zο\\|\/g.&DN\Ul-O;mڋ\o\0\Ȗ\?y?\\\\ۈ\"|(<aB|Tt!\Z\ړRXc)\cvK{TiL\e\\0D\\J,\[\Ǆ\m{J2$DoGɏ;Lܻ\R\\0\\0)\0\0\0\0\0\0\0\0\0!10@ \"A2BPQaq\\0?\\K\"ż$4+\[/\C\%}o\-߈\\J\z\'Te]\=P؅<Kkb|Q\\]:MAElnX\Z%y\n1稅U\nC233FW%#\ѣ\\A|=RHQa\&U|\qJ]ދ\b5kaS\\\m\'t:B\\\uN+\\\R\$kf&&#V βvޙ\cwbb/\\[\\%\04}\\Z6\\яG\P\2R7cMDf_J=4>$I(\ּ~\W#m,noZNX\OW\e\llS7\\fRܹ.\\rҵ[W|]\NGYk_hnR\\F\\BJ~/֖ynLJV\Q{̧\Fsc_\\\\$tE7u&\\W:\"\{Hό\_\9]\\\0)\0\0\0\0\0\0\0\0\0!01 @A\"#2BPQa\\0?VJM+%3\\\8\ʎCQƫc\*T\B\ba\Z\_*:R(n,l]T\\\g*do,L	FFq<\{\/{C\rYh+ZB\`\\n!V[\L8|)@\jɨG\Lx&7z\\"\,\\\S-	zv4\\7z\\L\;]35\v/W\ŝʢ\f\\0v\0\\4\\\Zt!zT\oɅ7!\nB\\6crtoū\qA\0Sn\cUicP\j4S\n;\DR:\lF5(wB\ϻU\\ne792e\£\\`N\*A\/\'EAsr&\\rSD\t\0\>ni0\\G+׆\\T]Xf\0\\⻋\4\SLKH\0O5\*R=>\4m\0\\0B\0\0\0\0\0!1\"AQaq 2@BR#0\br\3P\$4CS\`c\\0\0?\0\Ƕ\\0\rG\\\n(3Z:\O\0\l\\Z\\\\P.\nk\<u\Z\\\0bWe>D2\LEU\\wnG\\]T_\+jTxU\\հ\\0YϺ\h<\n\\DYQÁ	Wټ5\	?䆥z\\)\\9Z̭\\\lZ\kw\\Q.dV_hS\0\<o	Ka\\0\"u<V\Zm\y=\\-9\\\\{<@+1\\c7AdP\\Y\B AB\j\8\vKsڱ\۔1\1̬\k\\a㚁j[=\Xy#\rsgp@\s\ft%K!\gƐVl\\yU:v\Z2Tǩ\\l\>\27\r\MGmpࡢxFAo\\?ɀsQ&9|CdBy9b\Θ\\,a´ukx,.\\һ\'\\7.n\\U\\մ\\\%\yYNSRܿ\P\\hc\(~h\p\W\! \\IQ\r\+\\Z}\e\\>k\ڎ#U3)uU	l|\\\\\\\Whw \T\\0\A\\^0\\w/\Y\Vpi\l7U\%\\j\\Sayp\5*F磱-\|Av\\ar\N5vm\禶4\ ][)\jK-w\\b2Wh\\\n\\\(7H\m\_E\,\\\\\0 \2\E\kz\T,\X_KO|bF\\0w̜	\X\\C\*vz\:cz/|\\\,\72N\\\2k=\n\T\*sY\&\loB\Z\0\nkG0#M\\+\G\\OÍY\A\\Tv\W*\%	]\bs+F\	\'r\f\܉\睟\0|nX!\)p\r%\\-.;\%<\\Y\	\u\n9yn\\\4\\+$\xl4q*p\9G$\eN\\\\,\<VLO.(\Z\'1ނAU<\6|ͼ\yҰtDs\g\n!gI\0m\"O r\\SUO5n\V7Ʉ\;\JW\cI+4nx&P\]\4\<\e67\ML*r\\\q[4\\\FS)\<ze\\\\Z3d8\\\\\u\G\\&2\\\X\'9\Z4,\=9٧\'23\'%M\\\Z\\r\"|\G\\J5\'\yD 8\\\c\]O~n*AS3uQū\0\ޢ\\1\"=/iBS\\K@,,\0AS.9I\}\H	k\:w\YP\a\Tb\9\!T\\\Ե1\[\n\\gUF\\Sct\ԅk\\56M^&)z-{p̖l_\l#LfsI\e\\24X,\1\T״=\e\\\c[u7L|}\\e;OeAM\\l\~+\\\f\'\},	\iY*\\n={Pj\.M\XX\\\JnA\\\1\\'٪7a+*\T[A$\^T\m7{h^]\+B~\'Uj6zam$\9\MA\0p\\\{cYX\nA;|j3Ng4\t\Z\𬂙\\Y(\jU\Z.=\\XF\h>d>K^1\\oP\'Fg\˾1(\\I\i|\nªU#\\\^uK\\2P\\\NY_=\\ņO5\]c\Og\L\\\\hP&Nˌ!\\0\?\tۺV\|\H\\ߖ\%<\E\)+Ç\m7\\\'OE-3\\3\\a\\\u;%ehQn[Y]\W{\\\Ѳ\z5}4\m\>Nߡ\S;\y6\\;l\A-gͦȟP\\zXlVp?\Q\k>\٪vt.BxM?7;2S+\v4ʦ\m3\g\\mL{C\Kv\S\Z\vC\z<>\\.;B~G\ ։s\0Df\h\'\(7a:!\s2*fڤ٪E\Q{LLV-\\\\r웦3.P\5\n\n\.NC\2F\?$\U=\\\;j\\n\e78ԎC/\g\ƻ\i9\vj\}%44\%*\\'2\FeU\\\'\d|՚t\Zu\\'5\\\"s3\k~K;Ŧs\4\ZM\\\\.\uf\[h?f\ұ\{^ӽm5\\[\m3\<\o\2\n\\f\\N\5\X\\\V6CmGn=Qk\Z\7\VG泅e\a\>*w/\4Y.ظ.E}\g\\r(`\nn\S%-pp\;WG\\a9\\\;7)7Bn\={.\w\\rA\\0\n\oZ\Z$R\n\7\0\Z\ev\T\"=\0l\0Ң\\\\"]g<\+M\'\[u\AK\\B§H\եj\0f.\<;\-ld\Ϗrz݈w5ZC,\\\\\\\ \cѾ\\}n]g\=\+-D\eF\\\k\\\nL/<mO\5&O\\\\\`Ӻ\S0=̮Ȱ\rA\uESx*x\eեڭVW|M#\Oy.~\\\#\1:pC%6\rkb$\\Nn\#\Nhcl\\j\ZS\BZb\e\F*}}7J\\VD]\\뿺k\hT\@\yۥ軐Rn\#3\l\2<t9մ\ʕ3Sq\\\{03\ԧ\^\\8j<x\R9	\\(	G\\\rs\Nե\\@\n\aA\0\~\Q\-4\a\D6٭OU&!T\\n\h\"+\'-B\\->&&\\K]\t%N഻[UU\\xzZ`\K\\\j1RqT\9#g`ks̼dt\l\7N\Tb\\V{&#q\v%\ԳٞS4\SmI?\\?\w\\\i\nxǒ\+Zw1\9\rǧp\\xh\\Z%~\PQqک%i_2w-\#gD\(;\\âƏ?Q\&ըE\Xۘ\ܑ\\.{H\\Z kZ*\\\\}\X\Pձv\@!D\\Vzs\ԮK\_\B\9%\Bp\.7M\\q\fZ\f5\:\Vh\5ţ\"\n6gѦ\s\\u\'6S~\\l皁[SS\3:\'\G\rk]ANp\\VAiy}\Z:\qx\\8J%hRE\-\'\64(\{.(0js_\jժ޴ZG\l\0\\\N\sn\1\8KЭiye\0qT~UGҮj\Z#a0Ɲr\6*rh>n?(\0Ou*C뚕+]\\\A(\:\wK\t^J3kt(\Z\Z\\l\\S\\m\0\SN\q8ql\5̴`@ы:SY	Ǚ\r{\\nh\\rn\;FB\oXv\!F\~K\~J\޲?\;\7\\n.\r\\'([j(]>\U.풝\yA\\\(u۽ԶJ.adøBU&T|մ\\\m\w\<\\ÉE3\X(7\5\\&\.8\F\\1XP>\S\[\;\ѹ\0m\Ѣu[Gvr\<ث\;6j8_\Z_yQ܂(\\0T}O\u\R0|%\nn\E\nT>#\\w{S\x(\Qn\'\\Q\q^\\\a\Z\\QE\V\'M&~H\\\\)\M2lxaWh1\\c]\Q_\kap{g-F\V7~kܢ>*s\\\'\cl7:\{<\\\0+\0\0\0\0\0\0!1AQaq\\@\\ 0P`\\0\0?!\0\j̿Kqb^x+\f\P61?쿪4VVu\\\kMwY=S\0\@`.R\EI\\pʔ\Bc\\\\'krb\xag[~ 5\z1zvby<~\/\/7\C\\\_\oһ_yQH_.\Oe\\1[Ɏ\_h\vL_ \~#\\lf$\l{Ċ\?F\q\0\r\Z>e\\0\\p\\\=z\]z\F\\08\-7\\:\,C\\;OmOߘJ\kl\ߑ֗n&I\6\-ŭl\+/bwE{\bG$rCu]\?nV\^\\\XoИg\Q\H\\0x(r\ɷ\~\5\W\Nv\\bKH)~b恬MMu\}a{m\&\w\&aQP<։~\\\\\\DA\Hȉ\8\)Ua\\&$(\0B*Y\6p\\~\\Z\t\\#\cW\9XYaqoq\FLF[\\D\\vs\S\\*\n/\[_9xh}\3bǀϞa|{\\TZ\F*+̼\_\\)\,\%y%l\s\\\F\\fR\\ܥ\b,\i-\(E[\!U\\rvAi+q\$+ÙK4zD\\\"p\\S\f\sKpe?|\w\1\%y\\r\4C\'\ֈ\Vvn;\qt&\\̐7C\*k\"*\\X`\yjWVW\nj;\Z}X[?\*V\+\r\DMr08@\#\\0\rEӶԕ\93 8	*Λl\>a\nx͞Җ\nl\\YNwؔ=K\mȰӃ\\\-\Z%Q)\\U~\\ȻOy\\0jd\`\; \0Ve\0_SA\;h2\3\"s2ֺ\\-\'hmQ]˘芬/0nh}\֖SCRG\\\ez\\Ttwd\\0!^=\\Z\\xytPs&2\\\F7\Z_\\/SR/@\e\ڱ\5unj\A]\nT^E1uS\QpN`\V\\\\<d,N\\\'Ibh\\\ϤSB\t{\0cZR\1I\Իi\\ 7gBa\-\\!1\\\*^Y\\\0ÉA!l\\6\	NX=\ra99sq3\8K7\gT\QNiq\\&\\%\\&O\)?\v8Σ }\`w[҉TEҲʰ,!\\\̂\\\\r\\\s;`y[\hلs&8J\\N&I@/i9V^K&\\\0Sx\\txW\_\\:	|\hoI\1Ub\W\іRn=a\\+\̻`d\u\\\\Z\\\X,+sAl;\\=x~>b9*.z>ЭzG\\\Z\0r`\\6P~s(Cnվ\qx\\!`~#\SR\!SY\\\\K{:\\fĿ\\\ֺF\pڦ\\sp\m\\Ϡ\\?7HfW\\dA\\\)ˎ\m\!Q9ȃ^e\q8G\+fiaQ\5[GF>T\<*぀}Ϙu%NG<syb\\n\\\\1\r;\e)ɀ\ґ\\LL:2\*9B\ʗV\\˸{M)\\L\q]z\5?%h\_*Cld\ӹ\0ek\n\\hot\\PPٿYjc`C\"\\IW!\]u~\\EfH_dè+\:\*\\Se-\jƴP̱\Rv)n\<.I]3\PǼB\B4Lv,׹d4|\\\b<+\+\\\)r*\\fZ\\ԶjK3 ڪ\\\\Z\8\ƌ561X!V\LىZk0ƭ׏3X\E7C75:\u7\0G]=&M|p$\\\\syA\:\׃\\*\1\,=f\"!g\n\)~ނkh\K%\\l3nKN\n\=L]v(\\A\\3!Mdߐ\1\Q\s0ܯQp\2\\\rF-K[<β\O*\\\S\f\Yr\r:Ϙ0j\A\r\\\\r.\YR\\P\VC\\nf\qd\S\aq\'8*A\\l\a\\r3Q\OЏa7(:鎍\\i>\J2\MQ7.\y\\B\)bPс\Q\\L\b\'e\0aZ\Z\'iF@\n73\WXL⧴kɖ\\\1P\\'	G\\\p@\y\,[S\VaǬ!Z\|!\}\Cn5\*.\.JL@H֥ܺ\(J\\\0VL\0c\\hIy\-\\\&+y\f.(.\K3\UXf*	w40@h\V\\0l\/\\0\\a\*URgT^#\MK\\V\eME\Z-M\0N`dт\1	D\l˳\\0-yuqk\0]\A_\\\\x!r\\"T\\rύ_\5/NS;:~\\1uCl\\\.Q1*`Ց)ĥC\\\\abi\`s\\s\\\1{\\(m\\\\\r.\ZqgL\Π\BȐ,\]\]\̡\\X\",\w(1u\n3\n?2\ۢM֨v&\h\0d+\+\0s\\\n\\0yPf\Z\\*1q7H\6\PǶ4\hʗzye~CbP\\q~,\5<}\\~XgzVYd=c\\\	Y\)qV\.3Q\sw8t_߭2zeAK%\'YH&c\FΓe\\*\r\d\9\	\p ~\\GKoF\IVF\KHȍy\\\̩t5+܇\(xSdzX\[\\'Xx\\\\m\\" \\\0dy\\Oބ\,6\v\h\\Әc=N\<{W\r\hy\\ZY^X5\7\v	\\\\e\)dw\铒\\\e1}\>ԩ^\zxug~:Lm\&\"ce\%\6rx\\c\<\0\r\QkIcKi&\q*;pw\a~	M\\\@\\i8i\ZD\\BSJ\ \ı\0\,V\\\m\ˏؙ\Tmۢ9r\Koh\>L\\9J\\wg\/U\Ǥ#\Zf\s\rDyȏ(Z\6E;\\\\S\t*_Y\1\(vQ\\\[\y,\ \xيSiCL@\0\H\\'NpϘ\@c鄺Z\S\\S_\\sm\CV\=\n-\\0y\ZJLOˈ\\ZrW*1-\\0\\*\"T<\T\!A-\_\\%\ԡrG=-\\\\\2\0%\\\t!\\3j	q\\\0ޖ0Тɪ\|\/8\VqR&V\\슏iwϘeG!R˘\iq\sәf\4]\\}՗\a\\\\"\Zg\'O\0\=%_d\\\Q\"~0SxIDO*\\\\P\r\')JuO\\yKKMW\"\\j\L\Q*RJЗ\0y)\U\\ڏO\ӼUCd\R\9\\Cݗ\buwe\\ZFV\'Y\B\n\|\!-\\;\>ᭋ)n;Q~]сቻ<gi=^/7R\E]^\\\%\Vϭ: 85cFèh\\\0g\˹\8/9	\3Kt&H^w2C\;\`\D9\?e()\\\\\\'\\\ԭmů\\\$\\\0\C$\؉\E~\\n\\bu\\r;W\ʐ`<>״\"Z\\p\\LkϙBW\{<G\%\\\äe\Dv0),wDWAt,\<Jc\#m\\Vīt?	FH]\\'}p\\˖GDL}	\nŪVa\o\Yo\Gx\0\\c	x\MzA\qJ}z6</~&̫ۤ\2\Qۑ\J\E\#?\7\L*\Nq2\!\,j#(ox \D%.gK/	Y\8\ri4r\(s*\^\\"\ٔ/U8q~`X\\g\]gP\\\\\\BvgC-\\	JiQYQN\"-\h\\Z\}\@u\	\Ď}o\\i\fzKߨA\cҟ\\X\}\,\\;\\\bLQ[K\\r\r\\c$cل9\J᫓ĵll\2\LvD\\\0lE?H\I\_\SV%\)J.dЍ)q\눑OGeL&\)02\\n\1\$f\\\U7\\\\ܨ*\\<\W\,Z-.4\\Ϋ7\K{\\=`R(\3x\57\07\a9@\OHY?/T\\lk_\8b:ėn5`tЙa\!\\&[-mty\hz\\Z\&,[\\Z\\3L\gI8\`R\m\"wY$y.\础2\}f[Q\T\ʤŀ\\t\\\($R\\ǧGB͜\i[\r\\vG\	n,\\q\z\\\0쾐}\@M_	cЉ[\#\c#\)ba\k\ԶnN\u\<a\\,Wx\"\\ٻ\%\݉rG|A̞#[P\\\\T\q,\\\\\\u\\V*\(q\\1#\\%U^œ\yVљN!6\\\\\0/\qq\\\nyU\JW_\\:r7\3-.\D|?\n*P\nO~`#.\f\\\0h\(\[\\\\d%ƠlD(c\A\\%\nDѮ\&\\<s\K+?Ws\b\[\\j\jxV8݆iW\0PCb\\\WS|CM\Z\ꟸ\Xm϶G`\Q\\P#j`\0l$E匈US\r\nyo[kc8E\r>䶮\\Iq*C`\*>s0\Zu5<LduE<\\\n:JaH\n^\p\\nb:\)\K\LFuo\~<{_WxT-R]\\w:\\Y;ADE^\Z}\D\\j6\\ZN^3\be\R\\qsʠ\3;^*;g\Xn&wL\\wb\3;{\\'@ܬM\\+\np\8J\|DU\;9+\\\1\\M?O\L\%7\(@	b\'}?\":#>Krv9\"Y.ʡlNG\\%_Xe\\,\LӳĦ},/JG\w\XN\av$8\w\NWX\\\7O\\R\\"[|L[\0.\\\T\|\\=\գ\N	Ac<gPO\\K\}\JX1%\\\h\\0[4\O\I;vJSDfW\˲91{\r\\׬\Zݒ\ڢ\fW\<\rJJs<=\w]IO+*&\SY\u\\Ń*\?\\Z\}\\\n\Ư\$廰\\\~r\Z.dJ\<\n\:3\'o3\'\cj%\*)\0\?J\\l\=\Hn\%\\\pK\qZt\\FE\\\X°9\s0C\:\wN.{\}\\0\!-kL}{,C\U۲,\\0\0\0\0\0\0\\<\\<\\<\O<\\<\\<\\<\\<\\0#\\\\\<\\<\\<\\8eb\\D1=<\\<\\<\\<\Fbzw^\<\\<\\<\\ P}\\\<\\<\\<b9\I=\<\\<\\<\\\\\nOm:.4j{\<\\<\\<kyU\I\<\\<\\<\\\QM\\\\.s\<\\<\\<j\\n0]\<\\<\\<\Wk8<\\\<\\<\\<\ߔb\\<\\<\\<\þȝ\o\\\<\\<\\<+\\\Ae\?<\\<\\<\\Dc\zk\\\\<\\<\\<\\nƨ!	ʝ\\<\\<\\<\\=\ \\<\\<\\<h\pn\낯\Z,\\<\\<[\"{\i\\D<\\\r\\\mOk\Nϰ\nmYq\7u\E\S\n\\\\R)\6\0_y\>F~\ԍ\Z\Za$\\6\O\֘R\a\=៷;v{\\3\\\\jK7C1\+>t|\\Gu՗\`\\\0#\0\0\0\0\0\0\0\0!1A 0Qa@qP\\0?\0\vz\\$J?\Wo19/巰\0\0R\ϋK\\28#\i\q9\\qp\u\\\\.-\M	\\zHp\\\"\6P\\\ݠX76`qmp\\%;\r\m	!̴Ў\"X}\\"X\\9q\7\\0ٯ(Ǔ\\ۇ\\\\gPA\$\\f&5\t]OP\>\W\\\\fH\$\H&٣ۿnyb\Y\m\Y0\tXo\[f\_\\0m\Y B\Z\\2ܚ\rBovW)\\\\\\\\\\\\@]n\t\hg>ʱ\\%\$\c\u)\\\r\\ 89\߱l\H\\Rs\=\>\~9!\pÆ\\\\\q̿\~b\\mr\??N\\\yc!\\_w4\c\\f#\\ .m\\0dL\#\\\\߃\c\z[\γ\<\G|o\n\\ٖ\c\'\\m\\8\\7h\\ռ\6\\\\\\0&\0\0\0\0\0\0!1A0Q a@q\\P\\0?\0\$\\ݫ\\x?rp\\6\\\\t\\\\}6\m\wfCm	\\\r\\nR}w;|\ϩR\0\ʰCx賞Y\0 |W?(~%\6th\Y-s\\vt\\n.\]J02wT!!\!\87\<\g\,\;ە8 \\`}ˁ/rD\O;Q\J3\\;!ce\\;pWO\պ9YQ \N-c(z\7돗S\(\Y\\/\;\\\\n\gY#\r\0>l\'\	\-^=݃\\\9nV-GDx\\9:bh\\x90ϝO\#lse\=\1\\69\-\X\=\w;s\x/\9\,lO\L?\\'\X2[^\\\]\XO	\,|p˯_ \I\_\\}Oe\=\<sO\0\6\'Գ\0k\\\D\\s\\.?\n	8w!\\TW+&\\0\G\ZuΟ\$\lp#\\A<D\\\<ey9cǏY\\\\\\\Cq\\ǃowy97ǫ:\~?\E3\~썍\ߝ<g\^\u&r/[<\mry\'`ߣ\B,=\n\\0+\0\0\0\0\0!1AQaq\@\\\0P `\\0\0?\0ũc̳\0ά\\1A聯Yu\!{Z#G\0\\cB\\\rkaDǔ\re\0Պ}\F\u\rbc\P\\\B\\\<\\0\-Gx%]l(Yw \\ޡz5]6>3p\\%x\\\VL\8\Uů/\X\f.Jc>BSRIn\\\?9|\A\`6\Z՚U|YdP\\UB=ex\g\\\\[\n\\]\\Jj\"UnNxs\*YeK\:g\E\-\\\)q]ۜbSF~@Q\<	v\7\\6w2Q2i~F\o\`\C =K\=[e/6\\"!\\\)B۸\06\\]nG+k%5j.b\\Na؟\0ED\ݏ~˻Km\\\swV\\\\nN+GӘNn\@P\\~\ژ\f\	\oĳ `\z\azvP,\+Tz㯩\҉\\\\h8\#\<-k\3\\nA\(a\\"_\m8\w\݅\0\̺2D\ $,9SۚXx	*]s\	p\%@Mr	D\\j\\mJ_#\k\\ny4ǘf\B\	p\\3#5\1 Mq\c\\	}ZMi{ƕK&Pp\;\;jYh5hv\\\\\r\\\g̕N\Su	k\\\=\Pm3y=jb\)]L\rJU\\\\uSiugi\<{e\r\A0@*z@\-K\\T(.qǱU\\ۻDX6ψ鎯\ZVܚ5b\qJ>N\"\\. {y\~#H\\01\ \ՒέvH\Cn:\\(S\(UR\\YN[*\1kfʺ5\h\)n0\6\g.N\0/\0]tr|5\ӿHWVA\\\AR.|3Y\\C8dƳ\z\\"\\\04 7V\\An~\D/Kn=/A\\Bn\-pv\ow\k\mB\\\U%@ {љ}T^nb3*eι Ǣ|\\\`Rh\A\޶?K6rj.\|\2 `=:J\Z^\]\G\{\\0~_\"w\"*5DJje٫)0\;6\o\\Q[\Fl\Y\"\<\Z\\Q\΋\m}3\)\]ʻX\\wBĮW68%\QB=-u\<i\\\r@Ќ{8:\\\3n\^\xP	1}p\V/\Y&T:\04UV\"*Z\OF#vUy\\\[fۣ{/\G(>S2\#ç\\3K3W\/U\!9\)Hn%$	LVNbjhbD\\j#XX\IEFG~4\XmH\0[\f\ܡQmt\}\9&\Wi\\߼}\\\_0RS\0ꇤ2Y\\\0ՒCD\\Կ\9Ԯp\7\\\f_kVCe\\=2\$u\@(\Z\C\\cR*m8aܵJ\\0T\y}\P\\+N\	\^xΎ.8\=\\\\*+i}Et\#iQXw\w\+b2\\C\M\\REݠ	2?\\]5K[\bON2q\qF3\6-Y\L.G]\Z%	\'\\\\\5꫟pck\\\\\«礬\\f\\\}\\\\u4d+uN15Ihl[\\"p\dDQ\7\Fg$;`\\g\5\z\0\.ƥ۱\;Yr\\t\r\ghB\rteÓԠ*\\\\\AX\\SƗw&\(\M\T	\n\\F1B\\W\Js\5LE\0׋EF)ka2X\6G2B}JS-\Z\\=c5OOG\\@\\	z\:Na\ĳ)\05L\\\\YBƇ&\\\5e\\\0\J[\\e:!nC܀%#\stxhje\"\G\qB\j}4zGEMs\\Օ\ZC\09\Ҝ\Տ\"\\\\V\rh\y53TT4[o&\|N\0\2w9\\\0z!h\VD\U쯘X´\\\-ZN>cF Mj\\[t\\\}a\6\|/YVPes/\\\X\\U4\\\2!VC\\\\h+\0\\[\k6\\n\0]T@Ζ\\n-\P2KU6te\Ǌ<\Ph/\h\@ \t\\b\l\\\b\{SB1 IZ)\S\\İeȪl\\_\6M\yX^\Y J0D\~!#M-\*\tx\:\ [BO\\k%\\'-ش3\}\"\0|#c\4Q\\\\-\\UXqs0\Y?y\\F\0g\\bJ\\*y}è\O|\ar}\wm\\MKoUV_UA:ʮB\O5\=ʍf\\r\=!ϵ\7˦#\dV\}=e	!V\\n\nEX\ļ/E/\\'\" ܱ%\ d\u\ZX(hwԳÖ\\V[|\Z\9ĦS2ɗ{Jn!B[L\\\\\n\Z]\\"H\q\F\\\0e	\Zd\qԥ^+\\\7z\\\Z\}h+Dpk\\\?rU\\S\^0v\\E\0\ԡ\dGъ\'gF{Xje/\\ai\טF\\0.\\xkh:+\P3;ߒ(Ne\8\\`0\\.\\3=\\\Q\ʡh3\3Ի<L\\ZѮ($\\3Bݷ\*!K=\+\`}\Hks\\oH\\\n\\)Y{\0;\\(P\NuQAզ!|.3\\\0j\rӋx\tऺ+px[/\ZԪЙϤѰh\\8\6͞#X^ؗ\уB\\\C M[Q<>qy\\jM\\(\\\\ј\ZH\X\1\W\.\0D}#_N@r	Ɓe)>\ݡN=\\[f.r͏[\\f1{Mcİ\\qz\0\[!`/\\\v.\%!\"\g*wW\5}e\\n\"0,78\t\0\\\gL\n\Zm=o\	/\ٻJeVg\)_~\+77_@(\G{\8,0c\M\-\\6f+\\0U\Rs`\:&!bV\nzKD{D\" Y)\0M0nܨ\ln \\W51\\K\Yn\\HauݦP,\F\r\\Z7\\p\`\>\d\\d\%\\\^M>#Di76c}hr\Zr\q_\>\\AZV\ignf]TU0X\;ɪ\,2)]\@\\"\\q\<.3\T\2CM\B\`ZG\%[\m~D\r\\\})ڸrR\K\YI!\1	\P	ؘ`OP%LS\)y\M\\0\.\n-\r]J{AW\9\CXOYb\0\~Q\\qE<\\U\\0^Z\b2X\W䮚BP\\ե/\0b^.7T\]J\\\\؀\\5\o\U+!V\[\AЂW\Z\\h\0i\NP\_f\\Q.\\\rli\7\Z܇Pk9vu \ sJd\ZT\&WՊyZ_ɧJ\W\H2뤒a\԰b\\\\\u\#gn^CE\P\nR\.N\YWs,\\r\\E{s̸!l\(\P\07X\0$f\:\seC_k(!O\r\\\٘#T\^Jn\\4n\\W\Dvc6(\\V\5o\CҢ\x\\\a4A*d)C\#\0\\1\XN@%59+>\\Ƥ\bv\rEʦ-\0|A!r^\Ȣ\7\"dUn\\`\BeO\\SkT18\e\\\\b?q!lq{DE\y%@ժP\\gj\0%n!ݞ\\dJ&(\*@S%^Ә\n<\\rA/IѺjx`hAe\A\n\h\@NU\X\btq\2\1\n|K	\T\Z1me[\J/\\i@\5W&\txP\k,\0\:%S1\ĺ\(^̱3\9Gm_a:jeB\\(\}0yU\AQ\`\ Zx\\Ff.Tv&\\\{\n\e\[]{@\,\suZ\\\+Qz\"Ho\"sȸ\?04<\W\yFӕʧ\Vbs*9r\9\\[\@q\n{G0e5EЅ%\\06\\\S\\\5D\Z\rsbT\*5B\\\\E\Db\[F\r\y\3\\Kİf\]\dSAn*\Q\\\\\rbӢ_#Q`eaɌ^\\aY\G[9\/\*\ZVѵx\DNUs%#4|\\Jb\	\i\?K\\tOh+\\cqgH}\\TL!\\:\Pc@_C$md\#@:J1\\Ê|v3`\T3\0	+N,a-6\	JDtU\7@\\\/\\\t\nR\fj3\gLYK\*久ɯ0[XWI\\\k峼>\}#;\/1X{LC	\R\06CBdF\2@\Zm\8nP_\y\1?RV\O!\2\1@\\\\\{,,1̘\'VN\a.׼P\n9\\|Fb\VRU6Ҭ`T]`R\-\^X7\e\%5\#rp5]+\n\é16{F\\0i\'\\r\2-6^OHLAf_\',\0\V\\"\\0C6-xE*ފzq\0ߚ{3L\\x@,(A6qUe\\ű,2\n$\\0\\]g\7FUc\n{\\b\\x9nTaQ)SJ3f&yi\KtfAP]e\\@1z\9EӢ\BXa1o:\~AT]<\\h\\*T\Q\0I\Y\ZHĥ֒PhY\A\,\ǅToK.7q*\yۼ\\\RƻN\*k\mЇ\ɞ7>\0;a,\.x\u,mDn9om \:7qP;\EٶaQA\{\PV񚉰#}%B}\h\\\ҙ9\\]J\}b\\r=%\\T.}\[j\}\6\"a=\$U\[S봬T\ponS±-K8\\~B1Sgy\\\\>\\\\PdN\T\0i?F\!%-a\sa \\\j\[f\7\\/!7Ⳙ-g\\\\\+\2\\c\\/(;],&%\Xe?3D\$n)]\*cP\Z\4)\l<\^AO\D6>ĬH ^{YWC%\\\ooXjr\cF}\:h\\7;\0E\\\\\QD}G\rc9)Y\+py\\"XNJ\6\y\.p\0S1v\"⧣4\Kћeb\Z}-ҫB\P/\Fz\\ űxe)\ys@^o=S!\Zi\\\r,j\l}ed\/>w!\\0\:D\\\̼\\Kޯu\ޡ\n\zBwyt-J\\\\`;.\g\<<\0R\ԫWj]YO[H\=<Պ?H-پL\ԧW\wP*{ĨnS!\\q\t\\.宻J>8#\ۤKn_C\T\M\0\\\+\\\Z\׼2ZҫrfWr\j4\\|V?\[&+\Z\Wce=\,,W!vz\\\˰S\0HSt]\xd\\x+TE\*ߤdp9\׼|\C+& ѯ9\`\W\5ni\ZK~}k.f\\\V:\\5\\\\!\\\ґ7cQ\\[\n	\%\@ode\Ĺpңc\\nMLq9[\\\7\FפI{j\n\cG\'B\Y\\\0@4V}&%l\:{˰\nW\noBgO0\\\]>\Y\Z<À\L4;&?\l3@ӓ7te\\\Es8icˉFDܻt\|B\GY\0B\(h\jl5^\.ܨl-k\\=\ɝ\9v\ç+Zw\T\\N\~kA<\MVm%pא\ز\0P\_\'0oe<fk\\nTz\Z%\e,,Y`\%7\ 4	\*BYCfA\)BPgc\K\Jj\q\\N9tU34\F˕2\_s\Z\\\\0!\\i|fW\笲z\\\\\-\\=}\aק\H^PTzz?`\1\iM\Bk6a%s\\\Ж\\s9f\\\RSxr\ZE&\\c\\\0F\S\\\rbS\\n*yn+\\b8V\\"\V/\\F 3o\ր\\I\\n\4H0\H\䇮53@o1BLK#1HqQ5q\\X\u0\Lj&wdvz\r{A\=\j߈-\O\Z\>%\\)Cv\\ϥFƈ:\\\\"pZ\9=\&ַ\-;EY\Z\\0~\<H.\\\8\0`&\0-J)S\\S!;\\\oJ]Z\Y4Ɓz\V;\rRfUv0j\\4ux4\nk\Jl&R\\n \U\Np9~q\\\8\C>bV3ĵPt\(08\\TWz\cgD^(\\-\n/9;ǹf!̓\˵\\\"\M\\Vaέ0\Kָ\~%\Z\\n\'tbj8\\h\\\[\/\\\\YB\\\	9d\(X^\sp\jt\\\]~ʆ6Ub\=BX8\\⍸\\\&\'\h\\\'B\\o\L*Q\!gnk0J<\ߐe\xÏڊ\~\\0Gr\߻H3m;\\~ᩁu߹fNܝԕZ\ĩp\Jj|̗ye8ǉv\зm\L\\#&\0\r\0\(v/\D\`P߶X4%b,\0\ \PK,CAˢ\f6@\0NS[zB\˺Ơe\jsώPM%9R\r,+\\\F}Tp@\-G\\Ï( GҠv$@Qn\?0\]\Z;\\\^~n_e~\(~CYN\Zw\\,1+3.ܵ\m\ec\rD\\\\7\-SD\\\>Z2{kre\noE\q\,v\1,\\T^t\%T:\W\\r`$GT\\\n\\{e\r~e*\\\%$\\Ld\]\~ \Z\bcf5کz2\\P*=ۊH U=UH	(-\3\PY\#;Rd\\@V5Hf\Rfͪ\Ȼ[\\HYg:DAjFAvV\Ŝ.&5)a\ARօ\'[.\0(7W\\gȭ\\tFg\o\\nq\\\\-\ZO|L<\r\=\	S\\\ikX\\0[I\'X&k|4\ZT9Z\\r\\\\r\qVc\+\8\\\E kEq)\j\ߵPgl\pW58\j\x1C?\0\9*\\\ZÍ]\\]\\2gߘNu \E\\r({zCNVh\2I*\\\i_U\J7YH,\m\\\\r̸\6\r̤R\nK\0w{G+\2MvdQ$M\Ȁ[\\<\-,\n(0zr\\\\kт]ғ\\"\\\n_\R\ޘ=e`PӘi\cU\K©\\Ra٠\\\\X9\\\ZP+3!rJ\\0k\Xd\\0.Wd\n%\Zn\n\\2b\k\ V\ݭ	0Eչ3\\\	][\@t\Ci\J9\C!\^_x\\S}v\Sd\g1b\ǯ1/Ֆ\\\5Zѳ\d\݌\0\\+qi\\g\j^\0\0qS!;`\v{A\\609X\\ ٲ\E\Z˟L\\F(\\Lh\F\UR\F*\1Fr=j8#΍lqH\njH\\L\'5f\՗߬\8n>)m\na\mpz& \V{)\7H_\F\nW_#(\ªGw\w\P(+[RNz!\\0=z1vJ\aa\\\V]c60\̹Ŝ.O0*A-o\@X(F3\ĪK\fpes\}!	h<9~n0&\\(ߣi\_1\@\\\\3_F/bQv\AP\\n`ҭ\\)V%,_qz\}2\n,r\\+\uF~e\0/\\zV\\Lj\oF\,ؼ\ҐK\\*mii\\#:^\\\\w\RR\\\\Z@qir\e\e\"ҩ0:|\F]E\"6{\+l\9:šR;LM\n\\\\޿\nS\^< \Q[??\0jyY\\\#|ti\\-\X\Zb1l\\j\0\+ld6BgUx̸<\7\'\-\0.1zǴ\,-ZR\\\Tu/Oڇnأ\0Z\eΡ9D]q,X*g\\c\\\*W\9lΏ\9j\o\"\Ts2\\\Dl,\rS\N\9^ۃ\rk\U\\i̲\vJ\V W9\n\E1;!Y\\FՋ)YF	`\Bha*\	{\Q(qg=\\M\!\\\n\a|lw\0I^<)\dCԨE\/+\.:W\DeDb[*\FUa\rɧ\\\\D\"\!\'\_kPz^?؏d\:\Zt*9\\\\(+O2\zpPB蚼\\\\O4EҸaz\\n8bQ\!^\\\\\>3 L+]@^\aSf\]\G!w[c;@!\\rV\>R\0^\\C\`\\$)~o:$QʅtT2\bE\"J\*Ң:\ p!\Zg.\\@}\c7R޶z\nI\zwf\\&\\\r\]\jp\03@\\;r\h,^\\\q\\OԹ\ڿmBh\\#ȑ*\vT\^˄bG\nYg7\\R\ї\AS\[\'\\\s9΀\0`(^Рmh\f\Uz\0\\xZS\\\\\C\\\[Q\\p}D\0c\%ݡ\\ܒWP\0բ(\~|1\F=s\\G6a\x \\\pU\\\\i\U?\kSn;\0\n>Q\Xm\0\q\4ք*\'1c\\\\.y&`)t\/1\P!\0G\N+\BB\n<~#{\z@޲9hxY\\sd-3)\\R\(_\&M,ݢgz*9\\\r\bE6ZO\\\yZY=B\\@\\8P\\\\\&i\{4\U\?1Y:4\XbE\}R\\T\\\\\\3J\\;%`׾*%ѻUԧxQ\\\2\0W{\(\p\\'M\t\\t\q\Z\0͚E)\n\\\x\}%O\"\\\a%^ލ\b ɪ\\\?\G\\\\0}\\\\Z\u=k<jz\\vѰ\Z9 \'R\"02*\:ͼ\U\0ʉ֩\{E\\$\f @.},F	q\x?n(bifivCA\\"\'GY\8?>\§Y{\nO0\j\\'u\`\Y5\nщjbDh՘j\"\\o	\0\"ASH\\^\\ȿ\.\"iMC\_\a\r&%Z\A^\0\\\51Gk\Xj\+\\U\i3=w\*mn_\\8U1R\-Ők h\߅\P]f\\/\\\6\X务Хe\z\\*-G׈\Zcɍ\\\=K,#V­\\EW1b٪L>cf@\u\cb7\JbhD1[\\\@D`b\m\ˬĞ\aHqt\\e\8@U\.V\W,EqcL\8\\Zv\@=HOyo\2U\\0G\Eݑ<[[/\OUC#v-\',0.000,NULL,'2023-01-04','2025-03-02',NULL,1,'2025-03-04 10:53:46','2025-03-04 10:53:46',0,0,107),(2004,'Aravind Kumar Talluri',2002,NULL,_binary '\\\0JFIF\0\0\0\0\0\0\\0C\0\n\n\n\r\r\\0C		\r\r\0\\\"\0\\0\0\0\0\0\0\0\0\0\0\0\0\0\0\0	\\0N\0\n\0\0\"!12ABQRab#qr\$3T\\\\4CS%5Ds\\Ec\\\0\0\0\0\0\0\0\0\0\0\0\0\0\\0-\0\0\0\0\0\0!1\"2AQa3Bq#4\\0\0\0?\09_%\\%r\\0]~\\\\RS \0nh¢,\\\U0\r\\n\t6\{a\s5b>ߑq\\\Ԯ\r48&c/u\'Ԓ\\H A\0A\0A\0Db亀 \0 \0 \0 \0 \0 \0Ҋ\\\J\0\ ;BW\\*2X]B5\da\\Ujyr)\$3c\App \0 \0 \0 \0 \0 \0 \0 \0 \0 \0 \A#8\+2?b\\&\I\0T~5-\"ݢ{ЏT\\u\\\	*%\Q\0 \0\rA\0usº]H\0xQPF.H\0 \@A\0Ai	\\Q\;EO9\NQb\Q\dM\\raVc?%F15\Q\ \wg\w|*r\\\fl#\\/b\0U|\֑D3r\'k\ۛ\\T5GnX\R\S \\\\\\栖-CCl=\\\vRsG0]1ׇ\h\=\O\d\\'\WA\\?LFYWukcO\'y\f?Hڝ\Qb8^vـ}n\\[\^\G|SgV\l\'\J\\[\Ђ\f\\+R#\FדXJ@ĳQ\CG\01\\A\<v~yX\GBfG\  \0 \0 \0 \0 r\0\      \"\4\ǹee\0O\\j8\6侅\#%+{Ե\XpR\x&PY-^$\9\TJ%\\亣,@.HH떠\H_\FP\0H\\\0\"TM<e$-\%W\\\W0#I)\Y\o\jjMK8u\\÷,?\KwP\\\u٤[Բ\r큆1ܵ\k\\Gk~\T,\u霹fɴ7t\\9\s\'\Y<՛\\	6 -78z\\Z\\Rݛ	sQ~\\\9G}6\ej^\"Ջ\n\M,\vX\"Kg\U*#\\m\'?y#\\!\<?\N9\\O\Uzxx\7rmVZ-\ݝ\\\R;M\b\uVVd\Zz\Z\Knm\x|\\Z\PlM\g\\\\]s\\K\%\dГ\\:a\\\L\\\\"ڳhfq\R\\VfB\\Z;t=?]OJ|lQz\\V\1\<j%\\\\j\Za\r˺\l~\TafKK\%M\3ѺGndʲ$l\\\cG\'ηR;\-\ݵ䧨]dvi\b.	$\RA\0A\0A\0A\0\予Y\0Ēr4?4\0\\\0A\0A\0A\0A\\ vka<Qr\e\5mg%9䲩\6RW\V\\	#G{\'sY\%ӳt\\xܻ?\\\\\GH\\K( A\0A\0A\\(\0ޘb8t#5\!M6i):)gF\^X\\l\\+K\\"S\Bw\>R۶\\c^\K\\װB9kdga\n\~;\\\ywl{f\\2&=F\0\6o+6`W}\9?>I\\z\>T\\e/t\Jǵl39\=RǥIVS\PÛ\Y\\4\cY?\|ⰎF\*\5Q\0eYd*\qGe\x\'PӴo\[č.]\Ts/Ʊ\8x3#<o¸r<|<\fV_J̱g]\GPe\\$I\\Me\I2XH_?LNO;D\\FIR2\}]ޤr\;\	[\RdfjBJrĕ\\\)\w\t29q\\R\\\qϊeU5\=	ht\QKO+	wwd\\H6#6\ZmC\A\\\\?\6Kl\\\"W5oM\\\\\\XfQx\E\PTk\\\\\D\2\b4\	T-5stq\v\j]J0A\0A\0A\0WW\0HHR(\0U\\\0 \0 \0 \0 \0\!\k#ǣxqz\_,mqI\ $a6Cΰփ\ejy`$\4\N\E 㕨\0V9\'5\L\*\\mLxQ9=L@\#\\K\|\0(;h\\r\\J\\/r{o\v\\\?eAlXDYxv\AOUo(\c\+sqV,/wb_^g\1ʊ\I)M؈\7̈R%$\rNw5\\]ji.o\kQ.,NFY\F\r\\qf$VųԱ\\0_\%GS-9\'%2f,\D\˗reJ-`+᫦Ռ\m\\\\s\M\#\\=\v\DYk!q&\JtxG3Gȍ\\99\f\0Ꚙy>bDe7/B럇S%m\\\a\\\JJ\ߩ62}Yi.\ه\Mq\qE!{G\'\\yf\(ŵ\Ւd8a\gjJ\\=\f\pܒ8t_غs\0k1\߬0}:yG3\'Uݹf]4igl⥌J\n^\znЛ\ܢ3\0Z\H\5\\ļ;@\\!\ҽ\6\|{obkzW\߽lg\M\'\"]I?rg($Ys\gC3\n\\y(z{Ԍ2]ޢ&LY@A\0A\0\\.K\\0<\\\ \0 \0 \0 \0 \0F%\-d\\\Z7Y_iyӻzdV\E`\\\D\\\eImH-//I#ȱӏ\6YFY2t{\7\&p\%\Q\$.=\\`\09|,p\\_\uf\\	S\1O^~\򔖐yjwRߌ\M+G#\-\^2v\r\c\'\imF\\/\u\\n$\Q\\!\\UX\n\\}܇-D\|\M\#\\0\_\nyڥ75T\80\n\n\߫;䈿ll%\0\[΋\yed[Ie\_\l\0Z8G=f\\+T7\\.-ÏS\O)10;%\h;7R\f\9&sMċܜM!gҙHO\\52MϧY&\\\+G\'vs}l_):\nV\\E\r6\Q<\"\Vw]\+0tnڋŒ$ٗ\\\[\\\ta\2*p(\\\,\nJ2ćN\ga\\'\n\\C\\R\\m\96Yɰ6J|g\,\0ym\\oT\йFY\a\,\CfK\V==@;\\^\v\9\\]\k,\\ZKfbqgY.-\\\i\L\u^J\{9)c{\I\R;!\ǰB7}\Z\\\\\^\\\-\7v\R\Mj%\/K֙ \r17J&;Q\0 \0 $R$\\.4\0\3GIJQ\0A\0A\0A\0A\0f2YwjQ\M\\ETe|\_ڡac\1\4{DV\Txi\$QN<2mbg55\O\'\\\il|26JhX\"d\\\\0\\9\\_\?v3g\=\\0\\ů\@{7\\µ}\#\p\j%u	/\Yk[YS991;p\<U{y\ֹ+\f\cVTd1SS=,bk@[ʐ\\\\\\I\%T\R\:ko40|Gs\˩mX&\ZR\\\\\\7\Lmt\Ip\G7PjE\$\\\\$Z\d\"\O\\khEP\\\0e%Ed>R\cx\D\M\X7\o\\\\<Is\\WM>G)\3ӓ\#f\_Z5 \\Z&78ۓwx\̄Y_\\\}N\*&XB&\\N/\Nx7f$\\#ݭ\\\|HSǎ\7\\\nw\\N\nC3\]sg\.\"\\vbE܀y~\)\F\\)\\\\\nWr\\WGh\\GZL0X\II2\\J\,:\\dqh\\\_¤8\H\+$j)\\\\j!	~Jk58H|țĸΕʊW,\\vvkH7\\ړz]\\/+PsRV!ecTXN=f\6s\~\4&p\\\\/3\\A\x\zz\`q\0Hioz\rX<S\Eĕu\nH\־N0`\"z\K3z, pf&\\0Cޒ9=\	o4\Iֻ[֗4#\QL\\	\o&\,\2a\B\2BQ\\\2g\T\ \AGW`\I4]\\Aӈ$ޠ\\0Jb\.\똩π\'kK%\X\N-\\\+\ȼ6N`5D_ɤUg\q\՛I\_\kGz\pQS9\R\"OjZL[x\\\WP2?ҏl?b&\چ\[ESV]P.|Os\k\ߧ=S\~\\\\\\\E*d\7!~_A\\b+\w\J43[Yp1Wig\\\5d>^\Δ\\^]<o\\\\\i07\Vf\\o\U\f\J\Mc\qQ8\\\\J\\]!;=\\\Z>@\k>vX\=ק\\v~Sf\0\\\\Qg\,kcl\.U4nq\\r\\~~$y\0s\!w*.\*A~5h\->\\ϒ4cq̣\\&.2_{ҥ%\רQsp\z^	G\\\ޜ0\5\$}\C\s>p71tSm\s5=)\H\\tȶ1\1\D\ wF$mITF=fʿ\\Д+{\\\\&z\\\6bal\H/r-EC	=\\\Hw{)s!l\~\J \\'\\O\\"ZI\\oG\Ɛ\\\)\ZIAa\WH>u\')1\0v\\}MI=牟+\zx\9f\r\\\\\\\\r\(-\\N)IK{\(\rEƩ3k.+ϻC\W\E\r\[\\\\\\n#i\\&\\G޴!f%\\\\X%e\]M\\\N,}lq\\m+W\,S\Y\\\0I3+\r\\'9\\\5z\C1VB4{\қ4\\)\\F8-><5$\Ts[ާ)d\\Va\\\%C$%&H\P\\\3Z1\uSP\iz]L![I4`!I\\H\K\o8\Jɺ\D$NFC=\\\\D\{%\\\CKxhD\n3z\#\\\7L\&I@\\9Ԅh䐻1	/%m\>\Ś\1NY܎%-\"VZ_\|\n\\_\x\n%PRҢ0\L\\eE. \7(\SB\'rX[\ܼ\Haz?\\\f\0_\a\0n:\/<WH\.}9}\(c\[	X\Ԑ7KO\LȞI9\`9|(\3o\w)\\RrQZ8NJ\\I\\\\\/ Kˎ_\\T\\"s\\w7)T;\os\Ǿ\\0\PKjɼ6ڢ6\r\fR\\\~\$YYa;|zŮ\_ͻ\\w\\\w\\\{?\8\\=_\0ܰ\nyf\k^\on\\=*zr[&ՒJt00\\"K+VDZM3\\pTln\\:NFɛRI\9g6-NE\\\\pc77aW\v۵></*\\琷\u\F\U\\-5!7\\g\&%\\Q[y\*t˹jg\?X\p˵hP5an\!\\#l\9-/I\0	%mOv^\$zmbpkVH\kqO9j䟍pEbfr\b/\RŰ\\o\0niV\\O\r\\\\?<3+QHT\Nt\1{+fIxe 6\\\/\0KP`\K\\+z7)\l5B\ksԎ\M\ZX6{\e }Vo\-R\'1\\^Bٚjek|?\M\=8\qKwe۵L\W%UV\\W/\,s@7s\g)\?\_U<vr\\]\\\0\n\XR\\\Bts\\:\\D\|2H\,\\z_)\\ٰ\-1\\0)LL\.B\R6\NQ*\X}#/4\fqJ\9G\\!\\Z`\"\\Z57g4ᜁ\0YK\ zY\ߡ\k\L8}YVx\ݞm\wW\S5D!#t\o\"l&\3d#/d-6v:챠\'T\I)J\\5\Zy%^ܣ/t&R\\\frN$\	\n\]HF\9\"pA\Ka܅ȫ\6䌓.Ipw#\q܂-#L\"I%P\\\\EH\ҁHlOQ#֯tʶ\P)kY\Z\t\n`Xn\\\\aa\\t\"-qp/iQTP\Y̰5\B\遁f\Ok\Z8G-&\\\\?yj\\'q`6ˋ&K\V\\g\Q\\G-L\^\\\~ﴼ\f8U\Y\0\6nW9{\Q<M\|\\g\c\q\"T\=ŖZz[\(Ttb!<;\LBk\;GT\_\\\0?~/\*fY;c<\\\\7R\\\\\\0O\\j@\'\\-\\D\W\Z>Y>?\n\;9\c wf},}\򷟉\\+\\)N\\\\\S\k\VK&,\\$N@\'͹$=\35\\sk&\C\\&\\\rE5\\\ۑDeo\d\z>9D=Ġ\Z=o*Z\?XEK\㮨&yۋ\C%\(\!oh\j\SU\0\b#ȉgK\5%\rIR\\0:\0w\\V\d\\\HH\okl-\q*z\ʓm\.\'(*jN&\AUYQ	B򜘄\7\\\\a\\\tY2\\">\Q\D\\.\0\:ۊ2%/Fꇅm\~\b\Q\MZ\\L㣈a\\ո[B\\qS\0N@J\\1H8͈]{K4\d\\\\r\)\N[n\A·\o\rq/584\\W3y?gP\Մg\d\\Zײf\+|S(ԯ\rϗu9,lq#*xݮ\\\༩+WW\\ч\\vV\\\"c\+Q\\=,!cn\\5,Ʊk\\\\'\4\\RBBZ\0iE3,\\{\淼m\x7\nM#~\uk\M\+D\{Df\9٭~5xY-=AG\G;Sݛ\T^ߋ`{S.3MK$\վ\0s\\?k\\ryi\W\\\n\v+-/x@k\Οv\\\O\/\ǚҧ\y_6\ZH\NRe\LRi-J4ǟ4]6d1\\\\\n\\E.iw\]8\8\Gܣk8$.I\G$Q\07!E\8\w.\R\rf\vAp\	\\ϥ$Jh8\F.F\](\,c\%\޵HtͶm?zZ0\Z\	ka9ɜHmOXx&\2t=*&G4\\frEK\M\J\#hꢧ\\B.R\۶\"\2^J\xp.\1ѭzh\\M\3\v~\iV81\l:}f\֯<P\\0Veu\ļ\Sa\{O\*\\\э\\g\?9<\,\%H\\2=\\{G\\f8\r\\oaSv\D͛5oO\\\NC\+*8$\0\4\7\~~xc&Vwΰ\'\\\\\#\\\G\w\?6(\a]E&w\~\\&G4G\Mzm^xؒx托Q=ޕ\2w{\K[ٿD\I\\\̝+ۋ#\\^In!w\Y\UEy+u>-7ka\5\qy\\9t\Mh/U*U1]y(a5-5A>g\f\K#\p|f6/bXߌffpjs#h\|I\k_%~t\\\:P\\',3/Sf\0k\v\'\RR\wa\\\\\\(F\ؗJ\:D}\\5V}\Td+5\'yURǥ,\zj1_h\0Hh\+^8#\\m\U\T\)zQGm!\\'\?\N\:\@G<G\ `\lT]a1i\\0j\!\\\\Zut\^\\-\,\\<(\8\\q\"|ϥl\E$tϝ\xy*x\\xV4wva\-\\\\\׋\Dg\`y\R\D\߾HY\\0R\\\mi4nꥶ:ضpqM\˘?RInɆ$8bWWM{Jrf/I_gxtoE[--&fg w\"\|?rNO!/\\MK\\\`l^t\J\0\"\Q\J\݋\\Mb5\{M~\36\\0lM}\=\\E\\Z;rfZֻۃ\ݠs\;y|?£\!f\n>\z\N\*jgj\\ny\6\\wɭחZUN\AaǺA;\=\\븉)\P{ى\\h\^\\\"\\"[/2.H\Ni\B]\Fns\\\(B\2FC`\\\\\\\\n̝\2*6I\=2H.#C}\Ȼ\F\\KrХXR,\pwky#`Dp\qnh[]\Y\\u\Co1\	d\X|Dl\8>%u±\\\Zd\\n\1W\\ \FG\\qRQ 0B*\N<QhQH^\\\x獿H\n\+sg\\?*{I4\F\!0\iRi\0\\\0\\\nZ`/ؼT\WO?l_1\\E1CȃÒ\|.%\2pV^ H\e[k+yR\trl\\\֧^/C%EmA\\i\\z-J%\Z\\\2\b14@\U\0E\\0\%H7\MM\>eW~\\#\[\rlUXG\\0;\C\ڨ\\[\g\^Zȿ^\~\\=4я\Gck~Fށ{\\ɤD\"}\7\J\"C\\\\8\\ŘlN=\&L*\\r\h\)H\ teq;%\6\n\	\LL\\~|*:fX\,\>%zar\\Z\$t\\\p\CE\&]S2h\\fY\\0\\kSOGMN\\Օ\鯱\\\\\4)5\xKJ\ag\r\#ˊn\b<\ęLW\\\9\M\tv\eVe*\'6\\\0\\ٳϧ4\\Z+Y\j\,%\[xp6\\\\\P\$/k\>J\	16]_UUd#Z\&w\ap/<<4=+3*\v\Pƶ4\P5W5\\\^\\|Rv\\n\d\T*p\\q\Zi\pBK\c\LR߲E\{Jѳ\g\!|\o\%-BNy\r6.XO\-[#0anlyt\\e\n<\\ʹ\R\\\\\~\L>ʊ{\\ܷ>ƶ\|f)OLϹ1m6=\+U\WAv\'\>\^\\=ejȗ5:{WG\\\Зġ5$oh{\\e\"dG&\Q>\/\'JE\Ѱy{\^f.\\Z%!y\F\qԎ0܄1A\ZCdGٛ\ܝlB\\\n>яܝZ˄L(\`mj	]\y\"\E\D\\n\\л+\`#\Y\\̚\q\\g`Vi\\"\\ҭ6W]98?[vjKLV\\K.\\*Vb\H\!\ę\\"S\\0\\0\\\\'\r_C\0Y,\K\\D\F\>ݰcX\rts}\_\^gro\ɛ\q^KW\'\=:\07WǏch\\Y\bU{AY\\\\|@毕Զ	\r\Oť\E7]\L|?\0h 1Zy/H?\0*v\\\\S\0Z͐\\/D\;NX&RF\\Vc3;C\w\Y~\vgbm4q@\\\\.<\g\Vri{x\[\Pr\0E5\\\^\\a($Ye\\0\n\rt\\,Mm\\KS%c໥<)G7\Od\\\L fk[\81s\\~\AE0\\DA\ܒ\Mb{_<d\A\"wȋ𤥑\\'n\l,o	adqfI6v\s%K\\˟JYmݕ\\W;-\ \IM`ݛ\\Y\*310W]\\J?퐓\rںl.\W-\q̏;Mkdb\L\%\\Mws,\})\`K$n1Z\n\b\e\=)=\>d\P\,If\稴q+l̶yAN\".n\;p=H1\Y9\\0\`͇OR\N\E\c]Vjq\虫*\)\r\W%6\5TD\\%\:QF\\PbK_\\nJ[	#&\02\p/\Z\(Rޛ\\\'RUQM҄n\d!\\Wg\P\\U\\CH\\r\d-\I_nk\>]>j,\m\M\|j@X\_\\Z,x}e\	}+L\,H+85lŔ\&\\,NaY݀b\%wؼksR\0fO\ϗĭiٙ:\\\\b`8uvz\ru~\\D\T\q!\jvɇs1\o\0\Zo͗\S>]dvNHfq%I\rL)QCQ(F\Fi=\ȸt\\&2?U$`T#J\\\Sr\\\r<yQfQ\b\L\'ş\nWbDĵL)\(R\GGG.jU/&I/mtKP]ڎeW \Y\sUɲ\r\PzP1Z.BK<\_po\\IRvn5ؑHǩrk\Ѷl\\r=+I^%bqrkV_\\\\n\IC\բM\"X\\"-θ%+}\,l6-H\g\r#\\\\\'\\n\r7yq\\½\STDQi6qu\\p\Gkq*`gi\G\\\y\RL\^f\N\0LKlp0`\M\2\I\)\}\r*Sjh\ڪ!f\nbqJ<(\"E\\@Bճk=%:\&\j\\z6\0f\_\0컰 \0b\\\/\'Yd/Y\e}}D\\HB{ﹿܵtxo\ky\ aidf\\\\\u9o\\NRUS93i\皏wy?ڢ%bc0f\ė	\wt`x=ɩ\>\\#\Z]2\4`L\\Ş)\\\ϗFC\yBެ\I\\8aӖ\\\d\MT\\\?䣥\`\\L+O#\Sp\R\u׽\nL\\3\,WjU)4,\\ܸ\ꁘiH\|YKT\i.\0M\;\]T\^}MĪtR?\'X\\\jToqٟ\Rs\lH:\W!E4+Cs!\$\f)dn;9Bll\\\yu\OݼO\xh\	\*2\\*%Q)\YÄ\\0@ח\wL\֒[⍄\K\'T\TY\zGY\Fz&,f-පW\޶Ⱦ\|W\n\n;\ź#\D\ųr.sQgJ\N`\^%\D\ū,!\!\\7T#>F\\\\Y\\V\\j\\\0\JP\\rHH7%ogJ=(e\k	7n\$wb\=JG8\\'\\[c`\I#n=\M\C\H`XX0IfO\u[\\0?+|\\|헴\\\\\\sl4\oW}@Z}e~;Y\\\\DY{*?\\0?\)tq\c0)J3FDԤa@j{\sD	șDRTj\ᎤI\\)EM˛#\n\0>r3;Sb\R\$6\N$PЇ8Ѱ\\'\Z\\FE\5ܲ	kPK\\\\\H\\"BAda䒺\\KƕT\'\"knW<DeCڙ-\5$W%{:*QR3`\zrSm<}\o\J\'\rir\\_̬{\;\,\l,x\\l$,͚R\Cu\MN\P\7N\\HTdXK\\0F\%L\rv{\z\\^!Xm86\\YYχb\5B-џIP\W\\\^\\uxY\61q\\\\\K\j7aK\8\/ƪ\k$|\v\\I%AFn5ol\ܼ{s\e{ca݃	q\\\Z\ңv\\\K2\'gN+>p\fnժE\\\3&.zI06\"\4\\\z2l\}?i6+\%$\\z^\r\"v\\\\#\\HEyܣ\0\\Qs\&	\"\qy[2j>|@\Ň:\O\'N\\\ڗ\Rc\=({sF\o=CF9\L\V\\\Sm$Vm&^\6~1F,/5\2fW[晤l\\\\MFq\쪘\cw\S8U\\K>\k=ߝή\^YRF\X\\\ds\^i\0r\\@\P.[\рyk\'\"4e\O\0\\sӰN\\\n!\{M\6RT\ћ\oJ|\s\\$\"ʹR\Å	\?\QՐ\\\M\\\O\I\9\8bf\<SC\r\\q{jn:R\#EZv\<\.\0Vq\N%(\n\K¡\7G#\W*R&7k{\0\nϰ\"\|0Bp\_\k\\\슞L?`p\vIo\n\\R\n\\W\L\"/Ӂ?\vb^$|\׾\HU\"/K\\JB \Q/+Lws\\q44\0\\8\0ފ%is@*iԤ37\U7\\hxldbdB&McQ`!$\\\"\\ӁA\r\%\r&C\ \\\$\j\\y9,l$\\\*\\K=\XةM4{\"T?\\J\\u@\\rΓ{HR\|\rC	0\U\$\n\\"?zU\DN7!Y\\'\\YWo`\\\\fsl\XJ)ccg\'SZ\z\+n<\\O\\?\8UЅa\099|`\>T\\\<4e5kZw۬Jy\"\[ \\\\\\\P2>k\k)\\\}/S\Db\\8>/\D\\y87\#\\h%\;5\Mg#j\a\(\\\'[\rJ\\znRi\if\=#\w\\V\YivnJ&4Q\\5\?\\5g\4rNm`9*\"@ũBW¬5%\I\\TE`<Ygrq\\\d\))=\l\qr\wQ{;3}|:n\zg1|\3\#\jz<\\\\Q\\Gw\L\K\1\Oq*#VO)	ti$\Z\hN>%R-?2֕(˽嗌7a\MY\t\n\0\\>9ڨ1vg!Xn\P.W?bi\Y|9dq\2\)\U!Ta\r(圹i\ҥ6;]ۊ9\_\\3O\\\\a\̔\\l\3\\\VUjٌckvG9i+ix\$q?-9[\\]%Fk,\o\*H\8\\:_/OU\-ǩ齯M^Su-W\i+*[\2WԠgs\\A\0	\"\L\֏\˂\Y\eֵ\>i1&8**\\J\\jՆ\@4EO;7ReUUu2Uc#\>B\l	)Aٜ\33\&N\uQ{䆪ũ\#[&\ֵAÆR`\i%jc	\\T\](\pL\q\폣ܔX\08v#\+\SpE@p\\&ϒ\/dbO\I	[̺\\/G#jl\\[\C\\t\\1\ɳDH\L;(7.ӇK/4^.\\ȷ5\RII[\\$\0Rn\JSU58i؟u\ɗ$jd\5\'M%̢\"\;G\J\\C\.\۴nAQ\A\M7_hԚ\\\R\\\h{\D\n̄	PvZJCor\ͤj\O$\\FWE\\^vs2\S\/sW-\j$>bj\\r\\W0h]բ!U\d\\.qN\rEQIi\0ܕC0`\\/ٯ\Wm\Ln\*<-+p\Y>	5eP\م\#\0}\#=+i\	!v\\\.\\\{;V8EK!\r\=,md>͟M\Dd>bQUEif\/R[-bϮ>V@\\\0d/׼hsn\uߑLJG L\\\%JG\\\l+ݹ\\\k/\\{\&.H<\\\\"HTM\	VH\rf\䡪Q9\g\Od\'C\\\}Y5V^H2c:\\˩4\\üRRJﻻ\L<\r\\C2Hr\"v6/B\eܞu^ڋ%_&\=\"جmd7B\\v^\\f\\͘?\r;0\\g`\\Uxs\')!z2iGT4\B\#\\(򑉸H\)1\ZO8L\D\arIw\Bbqw\"\g\A=%\&v\^\\Yb.\<|>I\d\l\'\*z\;xyjDRAOv\\\sx\o\*%\|O+tWRL\ǫ5.\\\^v_ia\?\n\\H\\ir\"\dv\Exd#Ү\\E\nu\\\\\|_	f2\\8۰8ϫ=-\\m=.\4\\rfL֑\\"6\0\jx\\0\r˧\n\w\\0ﱉ\>\ݛ\\MgY݈\j \\_{#\r}]݇R\fn򿦯#_n+\m2kD^\c\"\$\O,/r{Hr\@r\ \\E\"t[\\0\ĐN!+]qC\C\K~\ȉ\L\\nҠ.r2%\DE&.ܒ(LӀA+o1TӠܗRF\B(\1YT}i\h514PxHɡ̱j\\rL\\UA\\^*߅ueǣa\CĬ4\Rv\Y\\\&Se\\p\uq\Q\ж\kH%_O\f՗WHn\e\\v\|\\;E\\~\ZR\}\\\\r*L^ \rY61uk\h\3\Gvv\\\r\\Ok{ŕ(\\\bP\\q\0i\\\f򕾫\uS±\ei \rCLc\F3SHPV7\\\Mg&q\Iy\ݵq\Q\HbF\\\\T,\Z@\\K\:I\4f\m)+zٵ3xY7n2\z(:	\n\\'vkr\%WPB߼T\9﹔l\	8;\[Wtw#Y䵅ŚA\kO(\\\sF\!\R \::\?\T\h\)	*7\\\pgC\!E\\\OvJ\F\W}y*b\\\\0\U\*\\2m\\\hD\|\c%M\T$Gc\\"̠-W!MuQ>D=ꡍ\\{0rJbgOA\\?HMyW	\^\ϩ\1$\=A\\Z\d/?5(ݛ\"\uZ\NVͽ(՚77Ss\\*\'\\"*hZ@gB\\\'f\\]Q33=^\L\\\e)[/;\B=\f\\\\*n$:s\\\\\\\Jp\̲Ǽvk\0.m==v@\0\q(A۳\q/ȯU!GM\rF\0>eC\#a\pi\Z\hSo\~%TҼ0\<֮\\!\'$\\O\y<\\\'/zM\ޤ>G?R\"\m\\jG\7\GlWz\0f\Gi-OqG%&	FmX\\,؀#\nٮ\n\ڎ\B~\rV\	at\0\\ZrrOb\%\r-\Bd	]\	NB)ȊJIЊBD\'\\(Y8B\\rL-jm+&\dXض\԰ 1V\/x(q!z\qV^&V\"q\G@EK(dXI\n5享Nܺ<\Pً|{\\\J\d\U\\0\sB9j5O#rY\Z\-?DmM8Ivln\{\'\\\\୏5ph\P1\Lf!,\f3J-\\!\7Q\x6:*cla\\?[u;]z_k6Nh\n\n\\\\\ͭ\Zݕ(\̩\[K%\굑\ɭM|HG\e\L\b,\>+r\PW7a_%\JTXhϛ.D&\=\2f;\\\$&x\\\nnSJ*TY\|\\\LVݛZ}:ΣP٤~/\L7Ӯv^C&\MGSs+n\\n2\\\D\"s;>/O\RS&ͻ\䕦b13k)H\v1\\\;vc\\?iG9\\fY\\\ZKkG\\$ޙ\4ɝ\_\\r\sr%jkaM\'Pb\Z\ies\\\QE7FӟQ;\v}Jژg#\Ú@\CɁLr\\\\\s%\n\f\S\5f\\e`\\R\M6N$\0:DNF\\\Z\64\\\"\\0\\e\\{?>ж|RX\p͆} >\\c_\f8\<\E`\\%>\\r~\o+\3{\'\Q\\"\*cɃ쑎!\"\Z8D\0E7K#-\P\(\_P!\{)0h\.\+\\\F\\R{7h\6\8h[ɗ=퐴Ww0\GzW}|䅭\\6\\ޔoco$\\F.N\DsQh\\>v\F\FCJ\IQoJqj5\r-\t2\"R\)W\P6ۚ25ZV\ViBc\\'!Ŷ\!T\\\n#k!\\	ԆFV:\T\\}*HV2|C4X*HI\B\\P`v\lbtw\dY\\Ƨٟ\Υ\y\z\\l\\\\,ץa\rȭM[7Ne+nQ5y*,)\61\\\QK$\\\\sYI(󸳍6󲚼\)\\\ʪ\\\-!\\%\\Z\Q9jY\vSE\s\\^_\cm._(q\vy~-_a0\ycڭ\\V}\#\hN:?֪\\"wp\\\'L\nCi\Ǆi\I\e\Qܵ}I#gwEJ\\A\;ɤf/\;WV\BM\\^\\\\W>zcxK\ܚnC5:mJ4P\0k~|P&\H\\#LM\}]M\\Q/\\\=6St9Zt\\Tg\\\_\n̟7\:.H\#y\nt\4drfH\\\1\$ɸ\\n\Ӽ?\. \\)R\"ds6\\Z7d\\\=PDb`;\3\\\\\\\\\1\0\\]\NZ8\\ǻ¾v	\\l#\\\@!\\\\\\j\gjo\\\Wٽf+OA\rCŞy??\ouI;֦6m\tHr	\|$\\"@\\\$p]Ҋ\0\\(\0e\\\(Oȃ\\Z\\aEta@\Wx!j\\nP\.%m\!j\0#\n5([\F@BaҠ1\J\0\\q}\\L\c;gM:\Mvn\>\-؃3+Y\\/?4*\GP8B*\K࢓\'h\bq҆\E|\r\x[#S\K-4I\e\j<P<Dm{>^\6Ė\LʒSYrJn?RBB԰͈!d	W\d{\`\J1Ve\\\\8	_\'Q\O$I.j\	\)д\\5!\\Op@\\\r>)M,G<E\3K\\\\\\\EC+\\izA\6bgd\G\>:z\i(\Cr_|\\7_?\=\?i(\*\h\뺙B\\>\\a8|\TY\0g\\xS\\0k\\',+\\\\xf\򴾔`͆\T\1<\\8d鄵Z\,\0$\fL\.\\7\'dS\)\\\zsS\C\\=(=Pe\\0o.\2\"TwrW\OK4l\Z\\HӔBYe\2\d \-.+D\\\vZh\\0ϼ0?l\f!w\[v\\\l\0Eo\/9ܒ\\\\\Ȟ\\[\w3C\l\0\\\n\9-^Hו{:\\2Wr?ףv[nh*@-q\o:51\x\\5\Zy\\W\\"yJu(\S<֛1Ь<\E2\Oc\\v=\0\+j$Yy\ޥ\-B\2oR\4r\-]\\{yj{y\\\h(\(#yoԔZ\\]\7\05\w\\\˙\0»o5\w)bQd	]\y%\H\\9RY4LVFy\3F1g\xQ\\'#i!P\V8۰|\\'j[`3\},>@\\X\RҦ\rϓďW\$\B\\5\yb6\;}\gv\8\*2\lG&\#\\G\:c\\\\E/\\S*Jڇ#9d\DYr\\٥\\m\K\"f\'k8ی20&s͉G\[]>\0-\\m\\HGb4v\k%\ߥP\g\rj\\'\)!\hc\g?Ss	06JcO]S\*]2˗.=K?Ć	z6z\\X\ѥT7.sH\\:\eңp)\\ǝ%LLX\k.e\\~7E\f/R+T8\J\,\\-\\\	R%f ]|R8\\82.\DĚZ=\څ)r8\\(\\6:,ىH1H)m\exv\RTSqe7\~\\>\{\'\\\\\\Y\p\h\\\\ \\Uof⬊F8س\5ݳ\\>j\6l$V\ۊ\Gl614\ۇb\\(f\%\ڜ.g\IpVJ*\^׎V\zMf&\\ȕkx\'ӟԘSH\\"\\\\\Z~e\\r\]\N\{\\0>w7\t\\lT!Nc+\<\n\\<{\\'Tm䨧ߛ\\x\;hς\\{\rOˑr\\\e3gW-\ʚ:Ȫi%x|@f8m\Mp\)\rcq\zF^\\\\\Nן)R\ӏI}epd\'?\"^G\	(c1!ZF\\\f\O#=e)\0\\'\?U{M<l\\Z\MYs\\"Ā{Ө\F\Y~%P\#\\s]\SP\\A\0ԏ޽Ekr\O)7푲(\\d\c\5\0\\\G\(;\\\O_~TlM7#|k \0\\X?z?K\?޹\r\_Xy>(lS\3)a\\h\\0yW鯾,k-\\\D\0_\	?\\kh=K\"]Q\0\?J\0\'ܗ\\0W\|\\p=l\I\\E.ҩ\|L\\a\>\\Z¿\e?r8\L>	\\;\F\\\z\0\\nos}\#\\0y7\\\0ŗ\@\.X[\v|=\eɕmlL\m6\`}mN\m$weFE\0C\ɔ\7x6 \'e\f\ݓ\q\0\꿴=m$\\\(>,\\\6\ő=wЫ\\Q87܈\l\0O*\f\'Uo+̻)>\~R\\rh\W`ҫ.q09=\"\ܴ\q\"\8	\\#03\\n\7a8!>)0\\\zGN\)p:(z6:fp\\\\\┸M#L\\"ɸ7г\2\U>\\0\z\\l&\5N\\(d\\A\j,Z`22\EmT\|b\k^ã\\\?b[\\3b\El\]\'\D\"J\\\K-71\\#\A\Z	6DYTuM8L\jM\\\gTl\"`g\ra\Q\w\\\|;hc\zjz\\\ৱ!U\\V9\0وU,?i\\\\J\i\\\*\6\Oͻ\\0\\rw\\\\\\\4Q\\\\/kG3\\n|R\#\IlL]\\E1\]8:i8!wqˏ$gSS.9\\n\\&\rduv\O\$.F\6.5\hL9d\Uf\?\\\\&\X\_%\\)	\9C]v7\s9I$O_\\ m\\\0\U\_E\,*\\ӌ1&\\ѶHduI\\0\;\}\n\-S\\xvy8̝Mᱸl\p\S\a5\V\%D%lJ?\ΟBA;\\\Ce\r-\\y+.\\U(Jmp,\\\]\\R\0J\*0goJξFꛮ/e\X)i k=2\݀>\GgR\LckDA\')\OG\XJBŞ\\p\\,x{Ʊөq\ԊX\׸\)\j\\sJQl.S\ren\oA\\x\צ;\"\\\{?\\\⑎_\z?J\\\\\y_W\W}\쾋\\Jf4\\\Z\07u\\/Q\g\#$\\\\0ҲT{5\\07ܵЌ8{zX\$e\rٽ\@\\\`\#\F\\.yd$e\\\a۳1\0\ܵaoB\ބyd$fMtՃ\J\\V´oBބydwČ\MX~\aؚo\\-#\й\m\\x\\VOX\n\=܇<;\3\]?\a(-؛\y\E=cRWV-\:	\\e\D(\ \\t\P\e\\>\n6+F	k\\7I)\r\`i\0/z跒ò4؅[T\C^\\r\Z\Ĥm\r\6|\N\\BWV^\E\W-\\\K\{nb\B}\q\\w\{\S\_\\\RFҘ\!\Am\H\\N\b\\\YV8ɫ/\Czʊ=*p7B`\\!s{\ab|&\2>g\Y/\\raWUST9#6I\xi\Ken2\9,n1\\	8߫82\g\)\\]\\%RNAɔ%Lc}c\0{\S5\	>W\\:)\Z\f\Y\\\%Ye\ʈBY<BL\:\\.?j\\0\~^/\Ҭ\dI\\'\5$cFM\*-)he\\"\,o\L\[%I\\5\+\+	Ńm\m\\O\I*Zib\\\\_w\aк\B\?ԋҕC}6pDb蕢\"\I[RM\\gK1tdE\\Dq\)\<I\ع2yu\tŊܺ\Ta\= \p\:\0|7\\\\\\8\1<\"F\p`S(\)a;\[\?zwՓZJ\\>\\\کaw\\,]\=\\rl[h\魼\!Yz\Zeiڜ\ G\F\E0\\\\l\\?\\Z0\'\Z5p(ҫ\\\%$V\2}LRS\Q\ٌr\k\jlݘ\S0a1o`\)r\jG\j# ݐrJi\mwYi#iA/\C\NE\\\M\\Y*=-\rT	\\e\\\3\'A\|2\6J\\SZlwzr^\É栧7\(ğ\G\\r7#\\\kR7kўWm\#.\k\ \\\\@Apy.\0 \0 \\\Ar\p\\\\DLړywG\&4-&m>]96\ޫ\\\r.>Ϲ$P\Z1\HbQE9M\<\'\\UʣکXZ\\n\\\Z8哩:TTup\\O\,k\\\\|H90;\0)\\r\\Y*\\%_6\XU\7u9QfΪ8t1\\Y\'Q6J\b%\;\A\';4>ly2+T6|IR\\a}Y&\4{	Vi\яC(\*KY\0Zo \\%\.T}eC\~\\o\\(\P\_\Rd\\\\_\Q\\\ZT\\\\\\\Nd1r\b\\RGJ\$\lp`l\;])\'\\\\@\\\\\H\4\\\~)Y* [ٙ\%\+\\_lb\Ġ&ً\%\\j$\ڝ\C1>%\>\\0]\_{\H\PVRM<\QO#\\\ԩ{dBIqQr,Oo47$cR=\\\\\.\0;I18T\-HGYr8\\\\,kjg3c\Z\ӟ\0\\V\~\$vJ3a6\?\\\\V^95d>\\\\\Sñ<4!\;YK`U[\\'K\ll\\\\0\a\'ɼ&\@\VZ3\圠\X\ΡV(<\58d\\||\\%UQl\\+=\rcFAᧆ\<-b\!|\\0U\@uZ9)\d;Eu[kTJ:],<t*\& \͓-fA\P&Y+\8u\5AD\0yyj%\f\d]\QUdy\҉\VĽoRr<O\\\嫖2T\(\(%:\\qDގ\\\Kd\0\K$\0k=˖r%+8y.6\wkA \\B:G\\tY$)M\y\i[DɁˌU\\\N䋈\\\\\\ù2\1Ca\s\\\\'\j\r1<W\\\_\T\6?-\)\0\o+j\\Q͉\R\rzN=\ҋ~B\\/L1-\h#\0\I4j)\n\\\\[5<V\\"7ӛ\Ԫ617ԉԁ[Q\0i\\\Iĥ3O\H\`jfh\#ϥ1ŉ\Q$G\L1[S\0+o\]\|`Kv8Z\Iˊ!sR!\\ܒ\\\\\TCMOjeSOwvc8I|R8:w\ҫ8\	\W;\'UK\rrfm*\s2L?j+Ċ0*͜\0R\\\r۶{\Z\\j955\\Yn\\\r/\\7?ff=\7~\Qԟ\\g\\?YD\\(ұ\'|-\\Kk0\\p\\X\LJ6.KId\^\	Z\By.JV\!&vҒqq|ۥ.\"y{+櫽\@l\\V\nT\@F^\_oU&\mX]1S\\\|\~\֏\rm\\\EIf{o#\\ǉ\\;\\\\\qkHy\nȲͺ櫊\]\J\\N\~}\)\u\kp\smܣ\)7\\\I\\\U	R\]QhUR`șX\\_\6?f\\'/\n\7\\\I\\<Tj\B\Z-<\]Z6n\\\g\wU6\Z䒃\\;\'\6\v\\\>\\C\5O\k\\~NB\Փ2Q\^,\KҤW}\!r`\\\(\\rY\\\N.K\`\й\8\\\!r\ \0U-lEr\o4@~Bc\AOS\\3QNj=\H\VEN\#\07c;qCdD\K/\jRby${s\g\,5MbiW\̜Ķ\\.m\(wrw\%\\m\H\\\W\\K	=\֪`Bz\9cr<F\\%Ɇ9\mf\\0 h\'މ$MjQbd\iD)B\.)ll\JLjl\G\\gҊB\7)Wm\8H\t\\@`Ww\\W|I\/\\G\\Sg\ś5ɅV\ˎ}$(]sj\c&\J\\u\\",fM\r\tF֜d\HVy6\T>-\b<lWsE\w}3\xn%v?#\nR\r\i\\\//R\6\a{y\_\Ş\".I2϶\%\TBmi\]\JO{)ǇʕݷIӗ7\:$\\\J\*_~G\gݣam>\[穤}@J\p2j|\!\\͖\tM0a\u\v\\\0\[>\c;?Y\\\\q͏߀\,c\Ӓ\S+\\E8\\X\@&\M7PP\X\\\z\\\\R%NQ\\u\&Ytgm^	(cy\\Z\CP0R5\\Nh\\?\S\:QV\rTY;|\i!\\:\6^&k]A\6.1b\\;Q\\\R*\ⲣ\\\j=[3\'\-siʈ2*S/ز%v+Q\j?9}ksjy+\鍮͛FCQ%E\\\nt<__z\\Z)d#u\\<7\\g\QV-t<\>\Oե\*\h{\\"÷.\r\z\'\\_$[.C܅ȗ.d5\\\0\rr\ȷ.\\\\A\\{g\r3O\\,ƿbCs7{\'HMPr;R==>\י\X\G]Q\Zwԝ=(S\M#܀ta]k\n\Q\⢻|Y7HǓE$\:}؋ڗ.C\ è-I#{\=^MSC\q\w\\\\K$lqUX\tRM,}9\8\D\I\y\\"\\K\\;\A\"!\L-\\0NOaqL̄\o\\\P>\0\RgR.i?$t\P$/q\\r\F7|\CW4x)Pm	Rg \'pd8\6~I\IPdI:\|\\\<U\\\\\\rEɨx[\*\=Im\\/r+G\\*mOiI5\'\r~1s[\\\U\lR\H4\0\u\)\a76e]qT>\\%ﷆj9W`O\SXôYՔP\\|\\\\\V`m\ڤݝ:7)e\¥x˖b\U\nCF\\nJ\\\R\nwF\5\m7ਝ6\\\0\U\rQsPo*\L\=H\\BMe[S\;D\.e\\\\}_8\\\M*ws\81siuF\T:5.\V0j\"f\ \\\\r\i\\\0\%R:9nޒLa\n\(\\tp\0hbVG&x\$\\\ҫc+l\Kn\m*\#d\\\J\Fk\\꜠ĂI(\\U\\"Ģ\;\SܞBVS8\\\r\E\\xb.\x\YE\'p!k!j[w\!j`[\nI\\	6~Hֺ;\n5.t-t\-\!+_\_\-j\\Z\%\h##`\\\\\\A\\\\l1}\7HEԂ\hISp\\\\S\0\\n˰O\葠\\\\r\I\"\d\\\r?/#E\?B.GB\_J4Kԕ\\A1&\J)b+.h\\\0UPBNi \o\2蔗Y0\$Rȍo\_J\AW,!4\z`vc\|I\Ђ\n\\CQoG(\\4\0\Hm( ]*^\\AE\_\\ڧv~7sRP\0\}H [\7k\޻\n\0+D \:/\<\\0\\zSXy+eX\\\\Wr\i\\-ǹ\W\\"z+H&\\.H g2 A\0o\n@A\',0.000,NULL,'2023-01-01','2025-03-02',NULL,1,'2025-03-04 10:54:36','2025-03-04 10:54:36',0,0,113),(2005,'Lokesh Kumar Reddy',NULL,2003,_binary '\\\0JFIF\0\0\0\0\0\0\\0C\0		\n\r\Z\Z $.\' \",#(7),01444\'9=82<.342\\0C			\r\r2!!22222222222222222222222222222222222222222222222222\0\0\0\"\0\\0\0\0\0\0\0\0\0\0\0\0\0\0\\0>\0\0\0\0!1\"AQa2qB#\\R3r$Sb\\\\0\Z\0\0\0\0\0\0\0\0\0\0\0\0\0\\0%\0\0\0\0\0\0\0\0!1A\"Qaq\\0\0\0?\09\\\0y[o\`\\9\@:D/d\4~\dY\<N<!ǦJ\0_^!\%VL|\#R~\N\\\^\Kp(\˜\{Gjwzl(.b\\".C{Y\n5ODDa8\!\\]Q\\\0<♍;ُ.\\\\\\\n\"\I(,.sU4XcxD\s\Oqj\Ĭf6㪈ӌ\dB\\O?\H%\#4\|\NďtMv\\x.\ŽY\m\4pةË#\\\e{2<QPG\"LN\\G4싰`\0h^MB8\·F8ͯ]`\J\!\\4\xr\\p\\G\][\0 ywkuU}v|\j6\0X嶬-\%\|UA)>\n\?I[\\3l\\\'I\o\\\K7\\ǰ\D4\F\I\b\\:B=\\\\\\0\r8|\'M@[\\y)R4ĝN8\g8]_\\{xt\H\ǻ>2ܬI<q\69g\\\-\\9}{\.\V#\nrGֳc5hY\\.\ֱ\ix^N\L}Lti.\$i\\\Lxzyr޺y\Sؘ$!N\\\\)ʕ\'[\=!7ׂ\TM8\j\iA\h*KR/h5\B\ 96:n\m\ѵ>\v_Ksw{#f\x\H\ڄ\2C1P\n\\9ќj\ZݹQ	n}J%\^\j\:mrcT\Q\Mi\Z*\r{4mS\\@\\\\Y\c/\\oxXd9\U\Wy\i\q2!\"\'il\\\JhY\"M?S\	\gd\w\sb\{E2H؁7?j|P$Ŗ\3\ˋ\\%)bs\\p%\FSJbX\\>r\=\t)Z3pΊrN\0Sɧ[+{8\!s\z\\\as\\\\\\ȯ\8ZsJ\FR0\0?ޥJNRb]\¯\\bc<zT1\\\\ZFG&\bn=\\!y\VSj*\Qw$m\\599\6\\Y;\nTt능$۸v.\\Jo\\C\^;\\Ƞz\\1\mkf\e^2\RŲn\^\\ox\,@))\\\BZg\n\|DH<2Jin\]ŧ|$Gt|\FF@\YwJ\\\_Y7r1P\$)R\vY\6aH\\A\,\\\n\"\˩4R\\\\\r\\\=V}=\\5S\\7\ϒԚ^yR2|O3Ot\Y$=I\\xݝ[\]\\^\&[sӚo)͇4Oc@\~id;)H\o\\rV\m|\.xriWVн\JUӚ\\2S&=\`c\QC\:F\I\:\g\\5CcvD]\\"=q\Kܒ*i\ڳ<Qr\\^vN\糰v)c4%P\0-y\g\q\a!0&\zqZg\M\Ո4eP\\0=@g9\\\\].\5$\$r>\a\\0M\~_*>C\\'-.ɏќE*]\\'$b\\F\\\#>t\\\\[\K$\}t#n\\/~8\\\~\\2<\\'$\aU\ɴqo\;\';w\9\E)(\T`\иҿ9`wb_hˉz҇R0HYSL\r\Z\\,\YџASdzT\vr͖^(\9{ENVN4[Ӎ9THQ\\\ߺ\\\*	V=\\t\"I9^MZ\0A^,5[&s(!o5FF\r$hK1m\n=\Q\\\\n3mJFKx:v[SN\#y\<\Tl/vGgcfD\\i F\\C0|\jڑ\t+\0\7AY#\\\T[5î\hZڦj\%d\ $q\Zbi\06\O\\\\`\\\4i\$UMY~#\\\ZEլFKyB\0(\_a1+N\\`Դ\>fL\H\\0\־}I\'KwAa\\`t\LVL\T5~h\\Z^L\zsw8\!~?aO4\v\\V\\ށ\\r:\MkfC*\ѕ\U\\>\b	\\\|qQ6ܶ&[vz\\,jXIO#\Y7o9qپ\Ok ԣ9\r\?N\l\\<7uݴpW\\.;Ow4\8\}֌zXٽ\+\!3\֟go\Bq\~\\K\\\F<j\=i9\#Vī{վª\eΕd\tǺT!bXR\2*̑,B\T1hV\^\Q6\)\'\\\\"n=@#UBD?Zb\r!Z{a2x&Mn\Wy\0S]ŲH\W\h\%*\12\)#v\\\n;졔az\\\ZU\\玸\\"3\Z@\ry\8$ \+\$6ZhY#~\_{2*p|R\E\\\36+\D<O\)\89\'\PjKh1B\?fSF{\\3\\(\b5&\^\؈eR\R:\9\g&	qp\\Ϧ*w\\i\G\\\0#O\Z-7Le\'n|yz\nV\4&N\豈3\\i`j\\\\m\P?rk7\|P\ln8rd\\#\06\'܇\\"i}Z\\fyi \\9\y\Dt\1\\?\"\\ci}t\U|*v\P=j˖C]^GL숇Ͱ9\Ӵ[\\\:\\2=8\08!zqLq\Kr\\/c\\O\\\'\ҧj;]\`)iH\pU1prt\\*v\sٛ\2\Xda_AY\\V\Z&`3\ :\L:Ƨ\\R\\00B\9ϭջUov\\ݶdc:<S\\]B-	s\\^\\\q\@\0\\Ayک#z\\w:%#;؜\T\\Y\\\h\n\\0\\0i\;\kE\/9\\Z\I\9\[yCfGfR\L\`M2C\\Kw\5[\\\>\O\n}\\\>|J6_\r}[Bl\`Y򩸏\G\Jv\\.\}\d~\1\]<\LěBI\I&]F\B2\0\MVk\\3qd\p+\\\0\,[\\\\bͅ\\\8\E$N\Z}N0bۤh\0	؏\/\6\NnK\sb7qx\GG\k%,\`c!\\\͔ʷv\*|\\-_.\Z;5`;\\?AW\dS\丛\\A\G=\\|\h\\I`qWגvW\Zżs\h\Z\\\\\Z<\\|t\;ՒBT\n\\7y\\rY\~&s\%N8:\\,k\P\#Y\"\5i{ջ\r\\\n\\5`\ؙ\M{7Y[\r\Q]\{Q1[_O\U\Y\1D:\\ɹ(Ȯ>y\f(\B\V\˥qI\\\#޲\\\ҭ, \8\0\{ms\\\ؔ\}k\_\\n_\\\<pv|\]I]ԥ\{;p \rŇ1\\6#5ۧu<\\Fx\d߭6i\sdw\'D<Q\=Ef6|^\a\\˃[<jBr\7&g\\2!(įx?cP/\\\-%%\M۰\q<v\A\x[|\ctĕ\rȐaѻs\!q\-;\D\\\\`=WQjn\/jpӮ\0utޣ\'.\\1\/e\4\"V9ˡO܀+\ӣkj\;+\\r\x#P\,\IܦIH\@p)}:	~)8	o>~\0~\KRQ#UE\"\\$\\Z#J\I\妅z%\BH9\\`*\\$*Ts\\\;\74\b\\R\X7{n\B`tk\\H*x d}j\7%\'lS\-\GU19n\ڝdG \\4J?}\Tv;\3\\WwBX&3B\2t\\=x9\ڊ\cqı8Ry5$\\\B\\%Am\GX\%Ny~c֘\"\02\]TdW\"5bI\\mԬ\n\ ӻ#cj\U6v?3qұҫ/v\,/\\G_h\n4;XϚnI?ް٥	\4a?\9O\fw?\\޲aG&\Z\\\٫\\\/Z9n6\9Q\W/\_^+Ɩl\\\'\{ŸK+lm\\!\\z\X \\\\I\\MÎH9/P6\V\@\\\J\\F\\zkamO6\\\\\u\r\\\\\\K\\\0滉\\糺֛:\l\\\l3SMbOl׫\\05kM\w{]Ywgրj}\%\\N3=qrӹLD\A#ڮ\$,H!X\\0\\e\\Ɗ Ć\\01B\\V\3I!A[\\\o\r\L\\0QqQ)\\^\o\hV\D\|(8ҁ\\1o^+5\f\?	\r\u	\\'V7s\LTM\<RC;d+\aA\$[iZW·a\ߪ\\"Ty#\\3\Z÷j\\\\1%GRU;QڛI-Ka\W\\\J0|ōЋ0ʋz\mn\!\ԒLm8\ո\!].\\\$\\Ba950rƗT\'=*\O0\2f\ \JEಐ*Y1$\\9\\\!ES\0\E\8kiX	i\\h(\"E<\P+N\^΃sEl}q~]Z\4m۫>s!\'.1,k\\M$/#k.}*z\\\\`6y\\Tt\l\U9\n^\rh1)o|H)uaSy\F\\&\\i+6v3\\*\0;ZnZ\Wr?N~~\\XH\\صI9\Թ=*U\\܏җ\\0h%\"\,\ۂ:\n?\ח}2\ۻ&=\\s\ʎ8\'`<\\\\\\\nsbO\0O\n!* \\\p\02\\(\\\\\\\@B吹\y\'\檬r(m\zn]\?a[\\+<ҵ\\{\'u\\$#q\\:\V\?\0y\\u\\ȳ\r$Ls|\jw\c\|\\|82r*\BY\\qu4Q\$X\b\ƽ%k\\rx\\Xep3\04HТ,\F\nS\0T\\?\<`\C\F\'\s\O\Bh\e/-Ď}_S$Ay9\n\g[\$\`Hχڠa`UZ#TLj\\\--RG\'\<\\S[\UEL\mzBӮ\\+s\\\3L\49x;\d͓z4\\a\[B\\GYSY\\j`:Vc/O\]ї\'S]\~<y7`B\\\rw6\7;s>ߵ[\m?\\ldXqCq\Nb8^_\\N\]I\Ho1\Y~\\R!=3/Qkh\hap\yfpC1\0\$A>.0\bI*	\+جq\sly\:7\\U6ȸϿ@g\*Įz\\Զ\|\A\\\]\Q\/\{E\n 7l\"AUG|;\Wh\\xB瀮uyfOz\\/>|c\\(ep\〾UZ\^\^Q\\>U\":\;Ȥ\\\T\,]ן\\UN<Lˋ\Zːh\\\,\\̼]M\&FH8:\gm!pfz=aSV_R^\q\ުͩc\zDs\G\\R\ t\'\<]|;1lO5ˎV3zWOVl$\^I&}rǫ=~B\\[B!G\ނ,l\\!@_\DS\\o\o2zո\\MqKg-犖\\\MG8_\\ޅw\~\,+-M\BBXqY\\\`ѴС\\d)\ϴϭ\\'#!\lsI͍N<X\r\\һ?%k-ٷ&.\ƽ\\\0\'\jz\iq!\7\(z!\\vz&9.\ݮ$\\),}1\\s\\\,\.,\\\|\|\c;\\6rt\\rk\\\\\\_^jz^\\Ɲmw#\z\"]	\\K%\!rrܱ\\z\\}(Ǵ\\\ou	\F\#?\\	\'8\D\kz1\le0\/3\#\%\9kDkЇ~\RM\Pa\PItNrxBƊ\G)^\<\\\\05ў6vT\\Q\T\G\n5U\r\"g\;n#ޅ\\iY\\g!\Λ7vCY֘\Z@\\0V\\\B\a7W\9f\0z͙&e\>\q\T3h\\\\P\BA\n008\s|8\KSijH\H}*&L@4\\Zltf5\a\U@k\\f]F\?\aX\\nx\0\I\nl\\8TE	0D\\Qz\qZ\\\7/1n=\Ӡ̟P(\Z\Z\X\,lMx~vo?|W\Z_e\uW-/ʿAL:7fl\}6n.\\gnAoaMIA\<\\*v9A#Ǹ\,\Q\ ކ\/\\\n\&\\?Z3e\\*ܢ\0P2\.a\A\m\ZZ7\\TWC\$S\\\\Z\q}ߵ?n\@\9cn\\\\Ɵ\\~FtlZ(\\ϔu\S\\:\L	#\\\OB>\ZK/SҾA\ͧj/5Ȣ\\m69\_C\YGb\n\/[\dF\G\Q\\kJˡ̷Hѵ\\]\"\\\Rs\S\\7:e\{\\$=9\1\V\#i\\\KG`\0\i\"{F\s19\\K#\}7\\ޭգ\'\\.N\\U\];8љ!s\҅Tԅ\=p)5l4\ʹsq{o:qӮ?+\3\ǹ\*\-h\\]\";\G$\ll\\`gap\>٠hzu\\\^OE4\\\lVI\4\OA\CP\S%\Q\\\w11\N\\=\c~\\Y8\\Fw;\j@TOҭ3\\Һ\ULCanz\؊\'m]>EoE~\0U,͵TdAV4_QML㺷\\|?<\\\e\fKX\\!&pTm\0\RzSj\\\֡dF\\\e}h\\\^\M\\\o1\WFS38;G\BS8vػCOJ$\Y3\\[ˑ\(\\~\zT*D]xy\\\H&ă\\O\\\!T[\P+fF\445]\XD\=또\rH\\ˆ sǕZ\MQ4Z%\\3Tm{=\\qq#-$xK9\h\wC\G8\\f\oS8\S,X#Qk\ݾc\\{U\0\Y1\n\\%m\\\z\q\cT\\'>Gʔ;C{G\\0r(\ɀ8m `P^\\fUkb\;}Zv]Z\\\\Kp\\r!9\\\g\s\R#\\O^&\\R\\i<\\\\\x-G{s\S]\\?I\>\r\N\1\\il\"|1\\\\\z\Ei@Aݯǈ\lMA2%\t)W\U9&Co\rm\\&\H\c<ЖFpB\n\<;\cc<1ڮ\fC\hs;\\\\=1U{I9\ՉnG\pd_\\\0hWz\ZV]Kc\\e*Ɂ\sȨ\InԈA߯{3\_SQmpKJrS\V̄\\\n\"\8I\\'\k\;t\\\_\Z\)\',0.000,NULL,'2022-01-04','2025-03-02',NULL,1,'2025-03-04 10:55:38','2025-03-04 10:55:38',0,0,115),(2006,'Sree Hari Balisetty',NULL,2003,_binary 'GIF89a?bp\0\0!\0\0\0,\0\0\0\0?b\0\0\0\0\03\0\0f\0\0\0\0\\0\0\0+\0\0+3\0+f\0+\0+\\0+\0U\0\0U3\0Uf\0U\0U\\0U\0\0\03\0f\0\0\\0\0\0\03\0f\0\0\\0\0\\0\0\3\0\f\0ՙ\0\\\0\\0\0\03\0f\0\0\\03\0\03\033\0f3\03\0\3\03+\03+33+f3+3+\3+3U\03U33Uf3U3U\3U3\0333f33\33\0333f33\33\\03\33\f3ՙ3\\3\3\0333f33\3f\0\0f\03f\0ff\0f\0\f\0f+\0f+3f+ff+f+\f+fU\0fU3fUffUfU\fUf\0f3ffff\ff\0f3ffff\ff\\0f\3f\ffՙf\\f\f\0f3ffff\f\0\0\03\0f\0\0̙\0+\0+3+f++̙+U\0U3UfUU̙U\03f̙\03f̙\\0\3\fՙ\̙\\03f̙\\0\0\\03\\0f\\0\\0\\\0\+\0\+3\+f\+\+\\+\U\0\U3\Uf\U\U\\Ù\0̀3̀f̀̀\̪̀\0̪3̪f̪̪\̪\\\0\\3\\f\ՙ\\\\\\\0\3\f\\\\\0\0\03\0f\0\0\\0+\0+3+f++\+U\0U3UfUU\U\03f\\03f\\\0\3\fՙ\\\\03f\\0\0\0\0\0\0\0\0\0\0\0\0\0\r(\a\\Ȱ\#f&\"EI3bXqbD\r*0Ó(S.LR ab\bcdƼ)sKϚ:\\(\0t2\(i&&UJJUɄD6k\a_Yj\u,¯eAȖ&^.J\5ݷo\e+\_т\:x+\\,#^X\@N|)I$Fgrƌs\\r9E\MѤn#(љeY3\_F\a\'6 2ބ\'B^θyc\ПK?Lr!D\"GRo9@^N\^,)RtV\\\B\Ot\\I\\ یaTQmMa,\ kC\6j\Zl\\|\AT\\|o$&7_0FuՌ%XWe%Vwj\\Rx^&n\eSEZԋ^\\Zב՛%FW^-\UA\e\]\\rդE\\4%jh\ԧQn9Ru\nS\أ\Uq,y2)f)K*r\Z)XxLr@*\UuBzZ,\EtKy\ZQ\a{B\C0W#\J\"J\S-\ZʙZ8\&P0Dg66gܪÞhaF;(QF\v8%\B\+(\hTv>\YZ=ŕ{G]rx(\XV6\o\H^цLݔ큤! \\\s\Ġy6\\L7ǔTQ5ٛv,g*m\\ѕmbY\\\b\ji\'w\M\\"\\So1u\IB$\!\\]	ܡQɸꖮ\\bD2f=\Y\ZAc~mj@w\\r\^\\iw\Zx\Zr\\\͖-\\"l\0\r,\ &,8jv|\\DJED\U+Se^ɀ\\~\\k\W>we$\"9I\NW\@4\\\?4\\y`\r\ZʜfrδN6\m\H\"z\rq\$Y[\H1Q\p\\\\^3Dz10\\Uz\R%\\#\)aoR\kk9\n[\\3C\\fPcړM݉~\b\&7eL\S9\E@D铀5F?O&%\\\(\\\b5*w\\\\SY\TR\n\\\n {66\\\r/L\\Q\CY!\\K&	L`g\GJR>Q\\"|ƹS\[416\Z\к°!\\>\JD\\N*B&\ E8\v*\\S$֝=\\P\N_\8$Kz\\(!K\\$\Ò\|\`\(\L\r=\_iTp?~~Q?\&ϡhlp\'Nt\S.uRFIA3\n\Rve%T\$ՒΝW!Q\t޼WH\')H\'5B\\r\n0mZl\M\-\"iV$\zݓ@\`<sb\n&\p\\\?h⌛(ѶR\iG\M|\(7b\\j\1說LҎy-pv*~d${Mg}Hz\3	\b\\%i*KE	9\s\nS-I}КMQT\O`\*?Y@thbi\\i\iiY\ӆKј\õv~C访I\\=v!ϋ[ɠʇWIgH\\"e\"7<͍Ȅq\\({\\r٬E\3\׼\"\]\g4\@*\ݠL\Ű%\>ЭQTd0eIo7\Ɋ*I\\.>7W\鑷\,c\\T6\d\\ʾ\#qA\'{5\\ڴn/\\L\Kh9y\0*\O\"\05@ǳ\6\e\\l1\\6 \\u=\\8_9ed\\RL\\j8$$\ǰ\}(6+YE&b\D6\\T=?\yX/am\IP\R3@JeUU˘#0U\\\\Z\Wӊf\\N\\\$\\hi\\u\F\\I{Y|&\\kdf\lf9;\\FP_\nI\!\\H|U\E\\/\EE !{\\`DrS\\>L5\	Ƶ\\\hp+fUjZ\`>]dPX\@8\u3e!\\0\8N9EܻmG/7j\\GMg㦀\\#	\0K\P\I\@\&^`8yaz\$@K\c\κ\^^uU\n\vY\K2\c.-9\2^O]\<t\n{\\\\Tx\Z\\i:\xwhJ1\Z\q\\؋\}D\`hNh\\\\8mo_\\\\;9mB	U[Y2Y\\\\>(\U	\9eշuڸP\\a7\2»#\n\ek^xl\ǛeϤ\SYH\\\\Zts\\\r\-ݏܜzp1Y\!u\r7\=*\^\%z.Y\0\rrp4Z&P\OX[ e0p\0\w@q:S\?v4uE:]%aCQ\!z\~5$~Cr\\mwC\0\!.DtB{AxW\S2c\y\\r#,nL\8i\~?5z~薆^@\Sj6\I\9\\^&w\O\vÇk[V|uvDkLavE\Rhe\2c}\f$5{ahO1GxC2~\ǉEx^z\cCwx6uAx TVnJq!8#^j䃒UYi4yqayYw7s\WH?#k\O(\0P|&8kWkTL\p&?d`RD.t9w\fn80\Z{\'kB(5\S6g?6yIdCBzC\$CiD\0ho\\y!Wo}1u3GzwUb9+CnQY5\rFx\\\\7!+°.\\"JK\\rb4v\pwU7[7y W:YU&|\3XfUq\(EG?@S@Q\\"QnfVx}i4I\g\,ǐ\xAh\$\Sz\V\lgY\1굖xsiE\t!pu3S8q\\p\؍\0U3ivI?J{\-\璨A.1/\S=E\ggRnxmieyg~\Al$>7=7u0B\^7\aN4$	NX2yVh\cyE33=cP\Ǉ\\juX|`u\'10\p0\0yxe\ȘVv<\_LHs:g}H9!X$u\rs\$\*ֆFs,%\!\qnyⶐũt1/\7\\7Q2\x\S\B\\2(\r&e\\	\p\	=ȇ\\j\H8㹞\U5ei?L\\\qK\fqA3&zmv\{sGt3	 s\\b!\n\\(.w{x;Ɯ$\\'dAH.gq1F\Z^6\9߹I`wUm`\ɝף\I?&\ȇ\35Ugfa`$srFs\UufZT\%d8U2\&n\Fs.ajhhY\'\rV\rEz\H\\h%c\6o\Q4&5aÇ97[&/9\[2:ZEZkiD:ģ\\J\-D5W\\Z%5~\~b(\\\#5T70\!M\;\xI\'z5#b\\H\'YyCව\sNbt\~\"m\\Z?\ȳթ#H\0łL?vW\{\ɇ\Hv\jHPq\"4&/\wN\\\g/t\jc8d\BÈu!z̺bZt\\rK%\7\\gn0lx8H\3P\'\ \Z躸|\IڣdEUJnFʤ\\ZSPw\\Z\baշ\Z>Q/ʅ\6S\"Aj;G\smqNYY7n@5InP\~\\n\\8>oqQ\	t(9˸_8\Z~Ŵz<\|qǁj:p鉍L|\\YfY`1\\B}*WÓc8oeK\s\$:6^)nqٛyQw\dmH!\4\pOud\\yp1٤*\eZVU?>IU\ɤ/6UfU\\"\ZlH\MD7_<\rX\Arzo3Ke8ʻ$#c!xt\tp!Yko񼰈4j1f4޸O\U2<fU\(ș{[PU\j\Y2|EE\È\5D\R@\gshER\,tTX\ѬY\y\yZZآ\2v\'n\Z\\.\DB9\>p4\\Z37äʣU\\DN+E\eE{\\IoG6T0\l+O86^\WV,\-hP/iԑ~z\\hn\\\IdҨ\J\\0uOp\\\Z0 4\\"ѵ4\n\̞iV\PT|ؤRɈtVRs\iyR Rz\5\%hɛt\WxxӡW\7豧ˉ)$m\A[&\\'V\&\LK\(59fBt2_\d\"\\\'\ZX+\	]\Se\7\V\\:wOYT\ZP]xz\M&Bk;\\"%,Ez\\qIt:\f~zW{xh܋)o0\}!<Xpd6<ܘn\-|\k\\Z\Aa=Q&erd\r!\J\Z\jD\kS֙Sf \Eb߱NBR}5ũB,Tƕ i`\Neʘ\ʘ\EC`Xٕ\\Z^yC\\Rp:-@g%\rEGC!-&\8 g\n\RhPЌ\ټ\@ӎ)ea\%_84͑g2ɖ\\*\8͊\\VYMt\YXYhQ`v\R\'\\\J\«\-\L!5Q&D\\"\I\Ip!4Jɨ;`\\\J`\RA4<\!s1bk\$,wTX<\'@i\s\\c\\\%L3 ˜9<|?\ Qp|\\2嘾\\T\\(jLuO`\\ɶM\\}\\b.A#Vުe:B2b*NLU2HW\(&\\\cVL\\\;\r8\n\\8N\+5T\\r9\\\,\\I\\/e]-InT>/\\\>\c3	/Xn\\J\̂|\\;V\0?a^>1I7%\O\Qa\x\Z\\\'Emk!˛y\4\K\Z1/j%\\9nǓ\0K\\Z\0\ZN\\\>\TEp\b\桌N_\d\\"\IKe>v\W\kL\\Ļ&\*\"5\8,\Rn\Ņ\\bVXI>\\1Ihy\\'z3	d.\Uf\\-Jk\{\\\_F_/H\>\\nL\\N\Fo\\\\k\vyҤBO#u\\ɊBA%Rh\9#\\=W\\/\\*\\)_pvedVNe6\n\D55H\N\[0\\\\c\S\\/j\c\?\\7+==UC\\w-f\)\\\q\\]$i\0!l\@aL6L\0dÒ-LxP1)(\bƍ\nb\+Ǒu,ɢ^#%\\L^\^\d9\$1IZfK0b#i+\x)ԥI\\0%\Q-Gn	\Z&l\EeE\LYg-\Z\m$FJD\.^v\\+lAI\/#Dac\Ral\\RPV^\Z\\a*%N\h\EIKHr\'\6͑$Lo\qHP\I^*e\n\Yf\\\\qc̐\X\\nΛ^kףDǊOVlYp\\}{\.\\v֒@^QLT2lK\&\ \Z) \*Ф\"*\@s̠\(7H\4\\Z*-N\ \t\v\Fn\M8\b¤&ai8LH3P\2j\nco\\<\o\\j0\Ϭ¨\E\S\//dP\4̦\l\ZhI\$AL](F\"tl¯`A0%\*\0S\\\T; U	8\Hk(\\L*$|\\$aE	\zD0\\"$}\I!&\.(1,\j)I\\\\\\1\\n4\[K.7\\Ͼ\\:y\]\STxPZt[tQ\\\033,X\PHo`D\Mq\:m[F5ۜ\)\\ZW\8Gz}\غ\$\: Ҥ$-4\2*3\na\\ٜV\\`o3/i\#M:\ճj\2P&DԠLX+9Ie\\Z#Ȭmh\pӭ\b`FJ\&\Ոu\\ovV6^)GoS\\&2R$3.r(1bᲥL\n3`\\\\"\\1EBK\}:N\\\Hl\˿tA\d̤x:Ⱥ<Ec\3N7\L2EL\Rm<od\1G5ʱe`?\&\U\\7\V\^>Iа\L)3R9X\ceF2\r]\\Di\\2A;\V\\\48\ D&\\"/ӔdHw@)\\rLl\Z$\\o\\N\\!.%%Q\x\7I0\\8{ɯD\LҶ-0K{\LR~f\M++\"\"\	J>a\E.\i?yᏞ\\P\n2abh^A#=\uDY&M\P(m\&A&$C\\Z\#R\7*	\\'\9XT\`\谬IA\U	\q\c1\rELa8\v6-\Ӏ\'Il\?\\Wȵy*g9\\\N.Sb&+,D\J>!#0\ٌw#Ĥs%Nrx3	ul\+(\\V[\C\׫5\%ySl1\\޲0\!\#\Z6ىe-{\\bpSj\\n]!=P+\0!2τW|!]\&%)z՛\&$\\w6W+08\J\0\2o\n\28\Z?\\2n$BNEc*X&):\ßɴCnEJ$Œ:\\\"B)t2\\\'rO?)\<d4\\ӼԉL(#F\\\(\DO4٨\'zJ\gȸшPZI*$\r؁\B\'\Jʕ\\\c(^M$\ϩ%Z\Z\ïn$\ed>\fvQ\\b\0S,\Ȩ\A\J3X!_\"1HlGcjTOr,\n_jdd5\\0\\\0[p\P\Z=J\\\0md\(})RQ\\\X(\\U\̔EO<R\\Xi\\\\\*W\\-D\Yt\̠Md!`<\\La\n=u8OA\p:U\nJ\,\VO3*q\r]!\1Q\0YSP$<\Fɶ\D.P\\\\ڥՀ\\_D\%\r*I\3YH`\\Zk ]\`\P%\(#,L;s!#\\@8I\ڛ\Rc\k\nx\\MKu$d\\\\H:d\K$\\"\C>\\;R;Y.\.\\\0\.`\)y	fI2:\	\\Ԇ/F\;\\\?\\\n\rg6̀9[\\^&1k \\d0A\\@w{G\a5\\sc\\0\m-Z\u\\\r`c\\ׅ\\\'\£\q\O\b׭\\"TAzAZbbwƌQQ؜x\{\!\n#~\\\\'\\r^#\۸\N\"G\\\\\\rB\(\"\H5\gآ#}l)y|zؽ\U\\\^Z-\!V<y;Yx\\ysg\\'9F1X:9~ޘ	.LV-\\[\\\}F7\W\u\~	Ê\Ŋ\>ۅK\`x	\zӏ\hA\,A\!\'\3Oቯik*G\'q3\\1h.ŋ=\j[c󑍃p\`+i\+	VI+Zr	̡\"L \i\1\0\7\`yh\6E6c\0!5;Q5>l89\\\C㸲萄\Rט9t*\\"\Y<63ۂ\0d؛~\\*\\%<E\	\9\]\"Xz\*\r+;\\)\\\Z\x0iZ\\7$6]\nT</\Z>F\`wٓp\r\9*40;K=!4P*陡\0\n(?\GOS):XȄHP\\\<ӛ\U\s\`1yz\ZFp\#\Q\#	;\HI\0\\Cx=\Zlh:\`\;	/sMh\\E6uA\񎪪\sM\$c9˘Ut\'TB	ڈH(\\л?\kHBHښ33\ش	2^@[\n;F6\@>\)W[8\d\\"\ԓ\)@idpG0*Br\\E}J\\ǀ\0q\K\`NNY2iD\ˣ\\'3=޲J\"&M4q5bC\\;\hT\](#qʬ$w\\m\pܷAٓ䰟вF*\'˄\LM	\ZI,3\\Gc\\\\'\\*ɻTK\<A\7\HE\[\\ڍ\0\n\\'\Ќ\y#ǐ3\ÄP\\tO|\J\¬n\ÈDi͗x$-+Qv*G:	A\:G3s*\!ԡN\0N\-&Z\DŴ$	\#\"\®\BғN\\\^)fKIE(9b3<\\\ƗtI\j\62JdR%\n$q\\<#\?	d P\;ql\<\ZF-614\D4\\G\"Jgռ;\u\"DN\\\A%	\\Ρ+\h\:Ic\w\\jd\5ɱB՚\Sm\{MF\\\Z\rCr.eA\\n>GG\\"\!#6%N4\hK2\G\ \SBQx\"]zB\\\\<:\$\mM\/\!\\ٷ\"\Zp$(]NUwW7\Öܾ\\Æ\\Aj\\\eMR\*N\'\0Jğ\\\XӋ03I@)b\\\E)a1UE<ռ+Jp㈕\Ȼ\ׅ\\u\n\\8RZ(R\Փ\\\|\\̈\ɺh\̩/\\\*+D4\AMZ\r\>I\\ET\\XK)\GH\|\ZBPb\i\I\aq=ˌ΋\\\\\\C\n\\\8\"iO8OiK_\}S\Z>X\8ک\Z%,($]eM\0}$BO\b½;\0+\r9\rؾHજ\\n\a\n\\'\G\<\S\ni\\\ԥ\Ř\XY\\o%Z\\\\E**~8\)5}Z\\\Tl_W\R\%\C\S\rA^\8\Z*\"!c\\<D\\ZE\+3!\\\\\'\0\\.\0X\$:H \\apK\"E^\\,\\H\?C\۷#abȉ\\"yOl\k5Se\l2n|\9̶,\M\Z\\kk`>\|I竚(<۽ġܮ\ZV\\!V0ms	R\B\\\\ZK\YnW@+\E8*\\\#\[b<8S)Nݸh\cビ哚@Ꝩ\\\1Z\E\ҩ\Ǹ+\KQ5\7\\\\\\\'zd\\\\\Iv\rL\<$F\cI=Ne;\\<\W{]|MҖ,P\7YnbEY>\0\}`\Lfŋ\"\axj\A\\\`\\\pk1\r怙AY\rmòi#R@3Q\0\EV\ĥKn\\\Uȓ84X\KjO;P\i\5\\G@\7\ݏ8\=\W=qe\\Z橸6Gyk\pX\Z\BZ\-{fJcM\0&\\޵\\=_\aǶ\־8*1`H^P<\r\\jWSUW{\<,~ޏf5ljOx\I\I\0.xثi\+a\F\\\ڵ\tI}\1ΰB9Ws_ZrEn\t\ᚽ\u\\UQT\\n\n\\T\&evM\|m;\\ki݉\\)\@\\嬍LR+3Def\\Zt<\#np+W0]Vn\,\55S\\o;K`\%\8\؈rKhZd\ӫ\\ C&IG\Nǀ0ږ\\\\WV\I\rZ7$~`}ˋm\S\n\T\U8\53A`\\#J\6k\rX)\nz\|n<4T|\\\?¥\l\\\4\\\\;m\gyȐ́;\\(\F\O\,gZ\E\\@n\d>+\O\NS<\\ҾD6\h6\E\a\AF2	\>\ћUd\̑R\f\d`l\aB-=\\m`b3\q!IUJ\ZM\U^C^\\\\YFnH\02ʔZQ\\e\\\${k]!\\D\Z\\t	!\\E)\td\rB,\\\c\Np>f\ӇBo\ņ`Ty]\\M\\\	\՞1̖S5\\_&or\ɸT\ƥO;ʤ\0\\\?\ԖUFekt\L\`\ݓ)\Jل*\\׫^KPVTȶ\Aߍy9uW\uVLxG\0,\9p}D*ʪ/(~h\\|\\\g\CK\;\`\0a\؉y\\e^&	$A#\R\(	\rBb0\Zc#̍\\ y#ƍb\H\Z6L\0L.]&s),\\a\f\\Y\\˘\`:\ͣ%\\\ΝI\\J\\R5V}\nE+È\rY-Y.\\\"\\I!^\\ċn$v!Vl[KR$^v1\hnXr/\h\C[\,\\_Vؙ/\n݆\%l̙	eLXP!&\\rO\5\\y!t\Y&Ŝ\8Y2\r\<\י<s\:sU\\2ń\{v\\m՗\\aJ\:gv/\	3qF[bY%L[!vWe-rQaQ[I\Pc4_f`Ky%\D)c\F[AvZ}\r\RK\eR\Zn`ҋ$\u֛m(2B \6%p1x\GJv\\H(ݰR69\\sXU\N\\fwYiTU\\N\H\|c&L\d\S\DYJ\Z\5\Z!&I-j`\\E\!\\'	\ruH`c؂*$F[\\'Pjj\"&&\Z_!T]tA?&\~6\\'a\0%i$&\9wuR\O\\Z\Қ\z\PS;\Tp҉\Kj\$\X\0lHhC\Zd\\ _))a-\"F*(>\Pe}Z/E$\fdDvhFЍ%i.\2s\/\\8\D) n*\J\nѤF\'M\OA_lu@QkP\\&RmIyef[&vg\^\WB)op	\PnE2e=tW4C\\0\Z{\RR6WDnz٧U\iU#Z&1m/Nc}-޻\C6dm-\\AJ\rsGb$\\6b\U]M]pv涶_-^컿vV0\\\%ш-\ڈի\\9|wD\\z\\r\nXfw\}E\nyK°ʩŴ\\1\\k\\\	\[cҙ]\k{\\\\H~D#\V\%jq\'w\\{\\ir}垦<L!Qԕ\i%\\\V\5dWib\\\aУK\\ҙ`H\":[[lť_o\P\9\E2\\x1#\\\~ۑNk,TP\Eȶ\ht\Q\\r \f \Z34\:\qN\S.\xQk\sH\N\ZI\\y\Iyf	l\0v\+`h[1JD\/\$s\\Z\_ s(Ll#\4\4m2\\h!\x_H	U&\$\:J@,L\*G\y\12L/RH5\\R\NhAl\35VZ	](G%BrM\"#ub)\Z娅lq\\\"m2W=Hۜ0/\\\\#\s&\)\\RB\\b\kH+Ϙ\r0b!δ͏ȀI\\#G0&\<\\ȝ\\)Psv5p;LT\.\I?\[5?	DD$2Cѕ	\"&(5K\\Tr{K\\\* OIȩdE0vUs\I\E	dd\ɲW	m\\$v,	H\\嬧+\L0ᔚ\\\\\'$l乬r\ݦk\:(\'=\\\\\.\"\\-nb^Č^dsIdĪ4,rK&T\\"1\MB\\,\s\\0yCIJ*]Nax\㴒Q\tڤ\V&\I55\'Zx;t%>\FX\Ү-MT\І~D3EJ\C\PG킺v\%\\\P\-5*\t}\0XV\GAM\<w\\ID\\3KdI(A	%\ɗ\\:3L$\\\\3\n\)\\\\\nzx{.0:R&~*\~|²/M	Q.\\\\n\#\5G6fbGU_\\X\'2T^^\T\\<F`3\\"eeW\䥝Eq\n\0N6u*\\=2\K21\ߍ\\\ު\n|\9\'[\)\#xv-$\Yi\^!d^l	M\\54C#B\6,r	7\\;zXT\u\\"\LEFf@\̉Ej\HCrMbn0bScf%O\zP\AvQ\)5\\ZOGͮWEN\{\F\\nXQ7lwas\],`\\F\\E\nނ#K\\K\W#5\"*6QB\hP\H\\g&\;Ү#OBNm-l\3Q\rύddmSޞ\\39[Џ\+\\\\\\&\\(7ʻsQ#z~\\z˖PӞJS6y(\\?\Ȥ}x5Rf\\y\o\Ao}\EI^\"tڽBZ\\>#\\\Pe\\|\\VwWX(4\0\ZeIoX\u\h\RtM\tIZ}\\\}Fa \dYERڪ䈓u \OiF\l|qΐ\\\C\ȋQRIlq\99tC\A]ո0U\"\!K<\\zx\:MtHB\\%fYd\C\Zf\ˋEa\\\r/\U,-\`TN\ި9F\!-IL\m\\H}Wo\\"\\Z\`\\݌OR)\Lh\I\\\	=!!\8\!\&G\\\E0Н\\\,5\\FMD\m\ZnԨ\^xQݬ \|UilG\`_D \ݡK\\TD\L\K(1g\\m\r\\0PR\\%L8\r\\D2 EVSU\E[i\"!\"qEy$\GrBn|J\h\K-\\ĕ*9M\n*훩a\E1ס\n\\\UG\Bh\0Bs\/V|E\\\F!\Fq`\"`)\\ t<P\#\\r$Ԝ\li&7T\"&ǅQ` \Z\\\mc\\\^\sY\B	c*\݌\\`c\\5`\n\Ol\H\aP\r\i\RLa\D\߹\G\\\\\k\\<P\c!MJD[T\\p\M%\-帨f\8!:\X\Fn\O\`\ZH[d]$\\R1W\rԝ\nr\1\"N\aJ<&DK\nL\\d	P\"\T\\nzZ\\r\`+&% eIgF\\=҉<UebN8\?RUFHmR\4\-*HYm\s\NF\\D\\\\-F\\\Rz]3\"|FXK\ު\-bF\f\\!\ɻ\\~Lf\\\Ԅ\EPdf|F\\\5LPi&\\%z&NĊh\\\"A\E徭_ds\K	\'\&]\UAdh`\\e]lTфVDa]\L0F\\\f\\\\\yE_G\GΈx\P\\\h|\gATŇ&^uW<\$fKj.U\"u0責X\w\\'1W\Z\Ez\\4``\\\\!i\B\0<#(BΩ%]\'A\L̸5DP\\\C\\8ƀ%AvP\%b\\Me\r\\#e*N\"a\;ѓS8\rr\!\eEٍ\H\FhP\qH-\Z\r=Fia2\'\\]u(tni$Q@alA\|\\?Ec\0%\єpD[4GjU|\\*\f\q\{\j\"N4\R\U\\mէ~\A\Z\\aEE\Ld\L\b\\\v\-n]w\s\@k}}\G̔bQ\X\G9.\~\0\ƉA\\K\\NVG\POb\5\j\):)VV)\\NXeB\\\\΅1&\\/6_m\\r%lVh\s\U\\\e$a\5cD,*\(D[pF\ \\xU5GA;\^\\h檓\YD\=^\\\T6-m\d²\r,F\\Jʗ֕\(\ \n\\Z\Ԭ0\\np\.ipM\D\zsJ\&\߼l\ng\\~ n`pN\Di?ojhպ6?z\Mp\̽\\9\nbAt|\\\*e\& #]=`\)\\\\\\\tF\֞š\!\\]\kq\\\dRd\fY\0\9c\&\g\+Ү(:\\\jP\\u:~\$\\\\Z,UER\n\\ʔ-n2\0\ZN%q]\\ZY\\\ř#JkO\"sа\\"\\ \\Dէю&\q!\\\"	U\\\\@0Gn.r.`r\\ߔr\Fnȃ<$eqμ\L^np񔅗6\m\\a\0پ\.P^H\Y\0&>MF\"q\\$6\p3\\\;\Y`\X\\\t\M/Z\]LH0+RO\؏\@\06\Wϑm\z#\\r\q\y㺠\\gN\Yn\I\E[mٜfJ\'!\\ګ\h\\Z#\TٞO0̸\\n\Z4cEd<\\h\Z\z\%	N\ns\\HK\@4BW]N\ePl!\\&҇V)[c\T\\X~\\'\\'$e_}\fA!\ȱ&0\\3iQF\n@\\kĕzg;Fc\\\\_)m䕶x\ߝ?Q5\\\&)bf\$3\\ +\l`Y\g\{\ʉn\\\o\6\JKg^\.g\y)A_\09FvJr bpĉs.\n:46\\\\\z\\\\DH^\lwpq%Kd\\Z\ZHSC^\p\K)\kk\\\fߚ\5oǙnk[\\"w\	$\,-\YsuwT`\0\mV̂\'\9B8 X6x{<$Z7w&F7c7z\%WV\\\n\L\\nV\\Ȇ\1\\1BZw\Y\\Қ\\YUt\m	\"Pcⷤ	t\\h\ȍ\B\^\\Zh$x\9gqkg\_<ȮզiO\|\g4\\\߲DEU_zWL~gG@\\#hX\3m\v9Kt.;8^&)\!\'\&\_?֜-~UZc8B\"$uKptswp!6\^V@\OG| @\Iߌ~\rX	ڲ\n\\\v\X\0\~\1L\\O8\$8m\s\l\mGzYP|\\DpЀ|\B\вg{\\|+Z\9\\swbt6\cv\c\߀\\kE\Fa\f\\\+8IύbYC#%\`C[\\q;)!]\"͍SVp\rl[.g\\Wqڧx\\Ʊ`\\"Z\\\\=\\LFAv\G\}رD\\Ǣ\\\gSHċ3$\\>H	_^\\u\L#48\L(#/@C6,y\\l\\F8Qā+6\\y\np\0I\r^M֋I^$\\I\MI<O	h\B\\Ɩ0&}\T荕J@\iQB\rhQE\'OFe6#n2څ6ٓgɖ\r\h([6a#F-ވqCbV\\P4a\,B\Ζm%\IWg۰ZmUS1`r]\\3\r\d\~3\c\+&4\\aEdA2WH\Ì;J,(\r\0[\d\SwN\sK\+	\\0~*e2\aT?=\\ԭP\B0D*,\*˭v묶\\n\r\:P,\\\0\{\nz\*\O%9ET\I\F{і_tE&\\"D\rC\oh#\6\(7\l\h![Ҹv͸؁7:r6갤vdH7$	Cd^Q&\\R\*\0\\\0\\GS\\\\B\\rKAj\QI9\B\\G\ru$\S\[J1\b+S%\Z;;:!\r\E\*z\\1$2_}\\\LN!\Z*\\9.\N8.5r\Y1\r ^2L(1\ĄMh2\Ÿ*,3Jj\\ϣ@\\?JD-ЭZ\zT+LX\\	\r!>`X\CB-\*\6>_%Cd՟>3\\\Z\0+6> \B\n6\*\HN (5:$Dfن\\g;ʮH\"\L$\\L(Ftw͘\\	0$)L>A׿a8ϭd_ԽKRIy+\J\P(rbA\A\\\t]\[\p<k4%G\\\%q\¨\K`\7u\܂c\ \\h}*Wt\n\ҍ(ʼ\8QI\3^z3d\*0\\0}A\J\eӶ\\\J#!8AɊ\\~\;\rÌ)\\ӥZf\0\F4\\@әJQ&D \Ɛ\\"͌WO\\\xS\\ \\h\\\I#\E,iQd3b8\$\4&5gy\\\\]Pb=<1ʞR\.lBd* GebW!2\h~Iۧ\nǟ!j*\\^ 2F\d>\dC27D\f&\a\F\\dJ\ϲ8\':]av!$DU1\dMYC\з0Dy@zWTz\n\)L\T\Y\/f\wGM1N\\\{rJ\5(\\qb`\Z\\lFehQYgneE,\<\MPx#V7\%%8γ\YIEYMj\)\j(\#<\L\E3eM\\r:U{Ƅ\\\)`Pl\G9\\"_eґ+㕕\P\P\S\rg=\e)݋0әkV(\Z\x\S.!\q\CzFHB\s\Ukg9Jҗ$\o\%\!&H9Eec`B\\/\m{\hZz`P\>GE,\N`\\\g[r\w-^R53Urg܋գ\3w<jhAA\g|RpF2ՎI9N\sD\\\NZy\o	\\\mꅸ$1s\\\\0r)^ţ`ڌ\\\n]\PSⓕ-b@Eb\\\F2d \\\0\Z\\'\1sQ.E(M\)A`uB$6\v5%ao),ʆv\\\\6AIfݰ\r]$\\\0עWn\K0e\\Ք\0m%\0\\\r\Jˏ\Ɉ(R\\\\L|\5]M\\)h8tԌHp79CRSשNC\Z!QpqG-ݚ\h1]\\nR%i\\\\\&%\D\f\6\Dhd\{\\'H_!)]YˢҦq\0\˹פ?\z\r\\\%-f\'(\)tfTd2\\E@%b\"S4f\0<A\	\&6\pL\NSv͒ίe\t5: \C\\0P4A\%u\K=7Qьo6=?\b+\\>\r(q;)\/QE2\W>׼\w4SvF\'V\n&1\͌\\\m\0)\$$t\\U\u\"ᝳ\͛!djX;\\;&P\\\t\0,.e\rѮÙ\ }S`̗͇~1\ܿm\=%SV*F\d\n5\\\Zds\u\\6\O\Z\,B\R\~\n+B\j\rD\\\\?;٦a\\\mJnO\"VJ{\[\\%Q\\\T\\J>\w\\r2\&%}~#xm,7O\\1.tm\wl[\Zɚ]-so\3\ZSAgi\R!j$$Z\\&\\\r(%\"\\\}V\=\r\\GG\gCڦ\fS배\R\\"2\\\\\o?`.ɐ\\¹l\r\\+$tB$F\\s\0\ʉf2\(yX+e9*\\liDjdZOH#Y$\$`,3g\\\\r\0OoUaU\\m~>Ģ^?d{ʰ K\\\l),\b\\\,\_ofi|LI_4\\`/D\+V\\*\\1\>of\iZ&IXB\\*:\"o\"xG\z+j\\8@h%(дp\GOOTd\0SdG#\"|\\m\rÇ2\0t0n-\n̮\f|\K+\nebְ}Q2(\\Ħ]\ˀVȕ\nTV\~\)(z&&ye$\| ْiz\\TQ$6OH\oILƦ%k&0A&?\Lf߾\eXc\\\	|l\~P#HG>M\\\n\\\KQ\ZPtbX\nlE%FGQ\0d\)\'Db1Q>2\	!w#Zk&6\lnZ(ϫwƪB\!\[v\"d\%\'\\\Fp\0U\\f)Ҧ>\Z0L\^\ʡB\4pB/\¯\\^\J#\\C<\mL\\\\\\\$D1P0\<VNxdf\Jdfͨ\r\\\n+\\"b	&\nL\h\B`o*Mb\"\'&\a\\\"\blF\c\m\p\gb\\2\r7D@k\F\,\Ze\Q~spT/\\Ov\c\hj\$\Ҡ\\Q\N.$\q\"\1yr5٬g%Z7J$Y4Gj\Ö\"\Jm&*B9_y\*m/>ن\p\;\{qH\n)\`e-taT\~\c\=\\CN\n`\C4HjaRtBq*\\5zPLX$\RHBdS6\\\\i+\\\\ #B\n=k/(\"7h\")\$T\bI$Oip\\H\l\\~\0e|`\kJ\Զ\\x;\>\p//FG2T(޳m8\0\&$e\\ CXg {#H\Z\H$\9\*nƶ8\5\\\r:\ß2\\it&т?$`\nCR5,\b4$Bst\\\/\\.\\\\rA\\"\qC\'PH\:cT(3OF2\ت\\\\\\V(+ِ\(\촘*O:I\lf\lBX\[i\/N\\8{d\mZݭFp$\蘶\)AD\bb\\\&*di\Fr\\Axh1<\^\\?\\Sxdb\\Y\&\r\||HJ\\\"\s+#<*(2\6\;X\v*TB\\\"ʍJX\6\$(lG7\\Etb<\͙\d\\:K\rG/?%iW4\\^\fqq,\\\'V\6-\Bz,^\p2\"iE\\=\^\\\\Os(r|bsj\6\(РFP\5:Btd\J$v,\nNlK\D\"\v\dԆ\"X\eU`\$!Yz0&\",^C\UXG\R嫤\\\J&U&H$[\n)\U{\ReE\V䪉ԒaʷdT\\cT*\\	5;\2\15s\n!TeYlQ9jwG4sO\OAF\PQF7\{C:\\mw(CB\nN<t\\\nD0s(uBl\0G/_e]^]\m\(f^\\7\Xr{\	\lsZ tw\)yEKp\J\J)\'Dkd\[9$R!O\cbt\'F\\\bFҮ\ձ\\\\27#4s.UF\'k/eTDl\Ǖ±V\0NVr\(\l\̐\'6f\%gT7>a\r縜\$\8tC\-h\YP\g\r\U&zp<-,\nW\\:a -I\\\>\)&+<.r_D4V\xeR\&\F0\p:(T\rr\0`T>(!jl8\\}(\r\\oك/ 1nzZ\"HƖZM0|;\ry\'\&Be6\-IUb@Ƅ3(4\r\0n^\S=q_T\=pd\'z\"Nk.r\6\nn\\q\al\r	eia6^)֋],d\§JNtb^H\^J\4\\6\\`g6L\6w\x;#\n}\}\\'rƐ\B,\Zm\0[xzNNp 05T^^mQ3P]I\goe%\Ӻ\5\\Y\r)*\^\=@UqT([\\U0:	\\\^D&ʂy\"\L!\aB\n\\\\ϼ2X#[BBh(\\'b<N(+\c~\0h\"\$KT\\\ˇ2\\X\J\\tc	\'\=Ƈ9G\+\Z|#\,$4\>`5HuO&l\xzc1 T8(i6҂\\cw)_^wW؄k\#9Ijuͭ\J˒\\5P((z\"h7\E\5F&C2Q)$/Fb\*\%9\^\\%d4^ŀ\ai*,*Rtfs\t{6\\I,Wj\^\"K#z\_c\\\\'1\\+\˼\Z\\\\yͅ,_*0\/2\reIY0#\\Pf/6|\0\bUp\\͘0,(\z\!\:b\8)x:\T\'\"9E7\\\2\nʗ¬ji\R\"r\m(\\\mMݣ\N\b\jG]󝢋\ۗ\\Tx\P\\\\Q\J,͢;t\niD*nbW#P\\`x6\,yCJ\Oy\gL:\A]FmAf\d\\k\b@|ns\li(L\\`\{\\jH:\\dnʑ|2}nl\jY\\n/3l4\:F\n\\\[f,^do^Y\įEL9HطFQ[L8p;BĆaܷf\H\yԃ\b0nyN\%\$\\\\\\RZ}\=9h/\"\3\\㦅\\gY]U6#\\\?\@?d\\,4C\i 2\[ڍ*;X\e,\y\/zZCNt \ \n\H0Nh\B\#!\\hj\X?\&\ћ+\I33?\\"0\Mr4PlƑ\0̖0[9xp \02$FRCF\0:󐢤\4(ᢆ$1\ƍ\C\\r-6$lΜ\x˔3Y\a\t\Z*4g;d퐲ʮgEs\nS\'ӫKaM,jUº6Oj٤>2\"\2g$\\2RE$E\\\_$Dٱd\0o\TXбd7$p\ƾwy	\g8q޵+j\ôvM^\\!F~=Jޘi%K\*5֕t0F[b({\\"FZ\SاWMIhQyjbAGz\kP߃\'C-%dh\\\"$}q\JU^mTE5n\r4M4ɶZKDbYLR]\r\"/:\2\0*zf\a\rbd`lal\aboAD\$B\C\	\F	#\\\R!\@\0\P\T\'\PY_R\y]\rU{ꡧޛP%UZr\GVEUIE.Q\\ˁ&`}Ֆ$Ux!Ae#	}ZMT\"y6\Z\ZƐ\"ݶd\\M\VJFeG\LBHFGsMG\uV9W߉)\Yu2Ub\\&}W\\\{ìIq\\N|M	3D`(\r0Zg\\\H#4YD\5NdXei9\բgð\\0M\"̠Mjom4Il7:\Io\a\CȹlL2r\qJ\K*\Dc7\NS&=eRgu<%%mXɘe\'z\u\N`Y~\\$޸\u]\\"6\\"\\ \b~ݱ@rK\5ݝm0Cҍ\H_z\\I1Պe%\m\2$ܒ쓶>Y3r\\ #:\'+ryw\'v^\'\V%V\}\\Zi=\Sb&&S\E\5O?]\1b]6`0-W\#\\/3\1Ǫp\\g\FբU\\"h\ E+\"m\W*P\CY|\\\fL˃6\H\%\A\n\:\\"f\o:v\$\'.\N>K\\\a\%7\r\z\\"\*_^$jB PUI\%MCoa\\>\\DEb\\IT\\5^6+р\$\ ?b4iak\[Bu.f?`&vneN\M\!$w\r<왊Urg:Im\rO\\\"G-QDI\3\\\xa\SrTѻ\Za(KiƧ\Z4b\G\>Q\'\Z\*#H\\Z\n3\s>\'^l\IvoV+`N9IP>9϶5D\\X)\ٓm\*\g&\\i\^P\I`m	]\ņ\\	\\f{{\E\F|\Д$E4\3g:1\_	0_\R\M\\S8\ұXǛs:\Hfz&A%$d͖&h\N)D\d\\U\h\gRJڨ.i\i)iƪ \݅m\\EQ\W\^\\܅hǐtD rM\]z\Vy\E;\\\O\Eizmi+PLd\PL \V\\b1m\%\\\\-35\"\:̉YGMM\\\>r֜U\\nw\Vmi=\mV$J\eAT0X8T\7(\{`\\\,L_z\%-gi6\\"/\ʄQN\0t\\ \\\$1	^LĢh\\\2+\J\He\\A7I\	`g\\\\ouG=Y7YẼ\'hZ3-r\\E\cg\@\mo\q\\.m	(}读\p=Ea\'\Z\r/XtQ;A[o:aϢщ\\\T(i17q\\\\"L\kŉ3t&ж9ֆ3\r[I]\7k&\\\\\	=\S(\JTɬ5x\\UQ\Zɪ}\(\rd\c\ab0,QQƆ&\{=/\Z_^$ԁ\1j6E.2JS\Ab[\}/\ɊtL\^\Z\'ň\9\'w36IW@2	\\r1aoq\hCQ\ \\z-|\\<\Q\\=ȋ\}Vl\\&;\Sf\7\\la\\ȇZ]\V\g\\q\\PA3\ZE[Z\\$\rpa\ec׭[\0\vs\v\\\tb{z3\yLhsF\\\'[_\׸&)\>x1\<\3\Z8M\\;Y\!$\?T%\\Ea һ(*A\g׷\B\g~5\^\\28:F\g\Buz\\\~\[\\.7\.Il\\\]a˱Aק;\m&dl2g\hQ\Y\L\#\pRap1\#Sxa\\"W}vl8xAsU\6z\Z\s\W/\r*@(*R\_d\D1w\"\R*\0F|\iYev\M#	\6	\m\}\&a\\}\\G\Z\\\Gx\L+g azDAD\\~\\\<\HI\A\S\Zy5U@B93\NTWGX\5{m\\s\s#!gwt\6,8`\\J\J\\5((\1}Z&a!\\v7}B(\"3z\ZS\ZO(.fB~4Q1\gH\\#B<T\r+\_:G͸3*CaVT^\\3JQ[`Q\0_\Z8|u\lw!=\<\r\C8tQ>vE\W\\"\n6\@\@\\M1Tn\A3\s\$ɐnf;^\X\ZI%3-aAGg@GdL\d\DdJ#x\ဪV-\\OK3\/\<@$-Q@\e1(Q/\\"!6n[fғQCPE\\eEXU4\Z\\"aB\*%	\LڶW~7\Z\Z\iauC\\".>1C\'x2iޡR\A(i(\\vV~>H\"	bw\"4\"\t\fH\U$Bh\-\Ak\\+\0`%1a1q063y$M7vV\Z:!$a0+R3B47|0sN	_H\6\ƈ M\wu&\\J\(]1\\gv\\\"`V\\bH^DaR\p&\"\RY\\a[u}\x\Nja\"<U\]-Y\3QI\E\\ş6y@WVȱ\+\\=R^&=UTf0eg\؎h&S3\Z^9X\hli3Z\\"1/6`A\"\'\.\\,\At촃\Zs[C@\Q  R6V[&f\h4\-;!e\p\\\\%.J%\T0\\TjW$\U(\\WD\7C\"\@R8tzA8: QD{j\"^Y2VheU!m1\Eco9u\|0\2pf\A.\\C\8ߧcGA\\-\hV!\241f*TBJ3d\Ztxa!z\\k\\Cm\6Ii}\zeCjl?\/a\"\L\JuC\MB1/*aa\>=Lک*\\0rLbk>Du!)\d\6},Yv\QQqH5U\_I9\0Z%\\\nX\*\Z!\\r\"Q]r \{\"C#=v`QN\񮮴u\ToU\ 3Z>P1Mj\@Si!62T%9\E \G O\RjTnvo,3`@%$[&	9y1p\"3AwፂgfXt(~%	86\1wA*\hgW7ۈ+8\zg\\\\/\[G\\V\Z󯃁{\"i%ؘ\\\"t\\ \[,\%ij\j6\2Y[Xz*\Z\e!\+C+\F&\"l+%(8To\\+M \\Zx;\х\"֢\ꃡ, rc\\}[\Qz{|r8\?\yƊÉKwGNnAmj\2\QjQAWzF<\8CrK\_V\V\0\8̃H¦C\rF6utI\ƞ\\0k˫F\u\y\urSdrџ\!\\\9㟄;\'ju[yw\"\\FܺHl(\?^C_\Wh\\{{C\ X\R\S\\_ٶ\(.\[톗{XA9\iWj&I^\4\k`䆆.0U%˸7@\΋l\\\\\	a?+ԎY\\Iō\X\\ ӣqʍbʌrT\Em»E\cBT\L\\2˻\Zam7q*A~X\\dk)Ȓ@aZ8\\n\\;U=/$sAϜ,Ǧ\D\Z\Z\\nt\P\\!\\\8\Zܨ\0WXTeѻ+*oƔ.I5 \B{:\\rыC4b\4]%\Q\n(ܽ5=%.16\=ӗݙBMk\\ݣ!z\`o\ \Ox\\n\Fm\"5?{DZ^\\l &(\S}t(w3\@R7\\\"oʴ>_+5՞\k\L\\[8a\eWxq\&\0r(),\\V<)\\:3lF1hG\\\\b͍ _\"1\'\o\ j=mm\\\\'ȕ*Qj\\.Ӯ\GO0K\0\(~2]\!\Yj\:4wxZ>?\߄\j:S\\2ك\:\Mt\&XG]>\\vK\3:5F\{mP\\\/\\\\\\\\_ZC*\[<\\L6+&k\YZex,#2\a !\ٙI\S\\\\ٔI\Q:oZnhbw7\D Q\(N\\A#\8f\/o^\3\hr\7d\rM\\P4B\\\憢\v\\ѣ$\\׿\/$\M2Iw;IQ&B~<\QƠ!F\Z\\͙6\\5\\ZԪn\ދ\o4~l)\\"}끎\n\d\֓Ru3\_tw\fxc\^T*$2\]=\z*[	5\9\9#V1\X\\2;\^&\rr\+\b!\-\\*\7^hh	,].\J\S	\R{Q\d\7\nFkFrHmf-{\Z\u\\h\1T]\/CKuʦ[Ź4=\\\\\֬\ҲM\57ujȠH7?׶X.\Μ]\z\8<h(=\\va\J\-\\n\V\m\,47R)r\\<\\qN\F*\0**F5\\84r\oƚj\\˗%w\N\r\\.\\L\OKm\D(\~[`C1%!C\r2a\z\r˴Q\F^xKR$I\"񊤲e$-\hע8錴sgE[\(ѣan\\SO&\\\\UFh+NlC$W)얬Ei\T˦]$E\光\ʕ\"O\|qHF+	y2cFa%gL\\\V3\Ǖ+˓,L_\e\3Za\3`\7(}XзD\\r\x\\\\1\kR]{\\\\j\Y,ҲH\\\Ci\a\Zde3\P\rB\\u\WLJ&)\Qb+\\\"ZD?\\/X\"1db\\8\LČ0)\\4L4\2\\"Kf\a.ˬD2Iâ;ib\B\-K8Ta\(ʌz\ʑ)1V:\N\'jҧÓh<\{\\R*Hdʩ\\ H(\-\\IAg	\n)5)BQDJQҔ\;CG4\d|=s\\l,?ar\Zx\k\ED\t\ %䍡?aX!I{L*\K\r\מ$嵺_\\=\(1\\n\\`$yj,uB\S߯T(\_\fK\\\!\6iA.\0\'nL\l\PSТqSe\\K1UK6M\ZQ\+]^\:r\"\\xo\nL6J^zrK\^I\f*\\GT\S>:c3k\\"Z\8\Q\\ٮ\\rEJQE\iZcI%\"404	-Q2,1\\ORQF\HqdX_-2Y#äֽ%/!uZ\\\\"vzHق\\.\h\^FnL\墤mpɬiRϩ\Rl#f_6\\z\)@\\0\0\6૰n\Dj\\)j\pk%\re*=G\Lb-\0~NsCQf(\|f.R\^\y\4Ut5\\%b<	Qҵ|\_\0C4\n#TZ\quI[HW\f;\\\Xb\rjYi\0\l^a\>\>\E\3,-)\i\a\'|TQ⿊]p0Pd8(&֩N\\"Ua$͈q28\2ՠ\&.\rA^\-\7$l\},\"\gJ\`nu<Ef.9iؙ\!e,\ڱjc,\7Lp$\	\nR4\nzJ\\bl\\)\\`΄:ӤT~g6\n\r\Ph!\':\\0=39tZU4M;-8ZW\aOx=!\#\'\N#>\$4,w<UM=T\,?MY\\,\	jR^\3\\\\\U\"o\Tu	\r&;	h5ѩ4gs3ja\"\IxѠ\0	\`\ȃ}~v`c\n.IN\\R\(RM#3i,\\'G\%KA_\r\\K\'\ \0\r	+ra\\\"f[ʢWF\@IhQScL\\M5$(*X\;>\d\\X\\AbPWkOnq%n	!Wh\'ߔP ?\&ת\ޱMMI3\ng\\\6\\58\cy\6e\\\$Mڰk]\bRlJ0T\a]\\\ZEgC#DKTO1n2\\0\\Z\\\U*Qg8\\\&e\\\Z\i\:\ŮW/e}=ȱ\eF	V֖D5\氡z\lnYG\/4>\\nJ8\{S\\X\|\Rq*W{\v2\Avɪ\\&\\2		쨯j\\&uE\i2\NБpgٴ\-E6+\>\b\E2\t]\j]\vU+z+*\]Qo\LH\0\\(\:\\	*\\*2]\LC\r$\zc\;̶\\\.0\\8#,̜y\6=w\Z\\yU\4\(\\gE\'kP\n!\{\b\n\nİ[\WَRI`.Y\7\\\\v\{Ip҆^ߴ\2v\<\\"?H Z\L\\]4\PWǓ;Z\E4p\:\\\3*<sfy֮\\\n\\)v=\<\˼\aR\mUA1\6\\XC\ѡOdr\LkMv9\@uPf\\rv^g|\Zd@P8W[ô\G-c\ßSvZg҉\3\Z\\>W77V\DC\!ȝ\rSZ\\.\x\hr/\\ҏa[DY\'ttI>\1y6NGO!P\J,B{:R^:\@PX2\y [,і\\(D˗\PuAE#(\0\I\;4t={*\\r-\"\( \\Z\n%Gj\'㨍B.\1\r^\A:;I\3>Pcaf.Q06r0l6\٣\\\no>\"u!tx:Q\n\\L¤CP\\\\!#%r$\(\\H4\\n2}\\rw9?{,H\na\\Y\9\j1 Q\{BQ\)Rk͉0!@\BBiZ\r~\\n>\Zj%S8RCh\8ð\#>82\	\wB(\{$H嚏%:\\r14()S\+\"\1;<8{?\"7~\:\\\\=۳X!ϙ*8&C\˓bLC\\Zձ,`8lIF1#6>,*\`(\"\"W˻D4\\1	|7\@51s\\z썟A\\u񧯲\\nʎR(p0*\=\n\<:@\\\n6!Ub\b\+UJ<`d\Z4}	jm\ʱ\\\I\\\\7y\hJv;,\"|9`1\0<GR\(\)㯑L!6\\\\ZDcZ\<ӿ\!$4C(Pa\rZ<\	\sٲ\\\vL -0ȷd+\8s;\n<%\\M98@A5T\P\u\:AI9IX}\\\\r+\r$H/\d\KQ\Iī\\\6S\\'Va\\CN\8\̫.cT\FI&uK<̥\"<̤\7L6DPF|$UcʷҬM\#MSJ\l8cA	(μ\ZTe\M6-ȸP\'\&\\й\YU\3ȡCo7\n\M\.\`ӈJ\NPJS\ز\@)\\\\"s;Q\Z\\\8\ 22\"8Y4,\r/4\2,\Ebƫ\\d7<?\\RY8\\M7=8\˴\R\\r\Bʘ\\\ZL\\_&\l?8Z528:ôB\aE@[\d:\\\a\C=Gm.\\\ )\\\\D#zD\Ge*ȋ\m	B\\\#\4N\0\4\-H93\\qCO*0\Ο\LIb3I<+*C\ `L\PmO#aP`2rS\.]ɲX\\\.\YG\\\xkX+\8L\n\FqFY\\\&\n6Y\ӡ0\0]\\)K8*E\D\4ݢs	\n\hC\jW\:x\FP\I{uۏ6UV\\'\\'\\N\mF)\\"T2IU=Oe/E\(aiܝHr\\Վ.\뀖ո\"V\\"\Z@X, \ %@@\"\\\\\\ic5J\\\\a\\Eӏ\\FC\Q^nTD\\\h1\\S;)\\8ד|:s]9\\כۨ\Z\HmbQœC\X3\\Y\r ZVcS\ \؈B\ޚR0ܮ\\=\nU\Z\nMj*#\\{]\\\yb!!3.Q;\L<\{@\\/\s0Jd\܅G\h@\\Zu*^s!zWH\\<ųjC\6	Yi]\\ZɌ#ِiꟚS3\3m:BY!.>\\Z\\\FPOe8\#Re%LSE:\\n]ފ2\.}\1q1u\\rނc\\\nV7a_	V!B-\S9\?\\ryhҠנd\\ځ|[T2\nҟ\(9Iƚ`\P	\<jޢ`\\"XvqO\P-]^4_4pݙ\nV\0\rFk\\dT)8\M9毞\\\V\\HNۊۺj\\\0Q\\R3N\'lDNÙ\`\\E\Kӥ\ۙh\"\\\Xb@L卍XM\\>yA\\)ͥh~{	_f\n*Hhтf	\eV\^L\Z\\\\0ht\\\\i\9\n\\<\Bl\`=\rŗ8vSPT0\\1(Q\\cOŦ<\=C\,U (\u\F̙\?\nQ `)\\P/&Br\nTCۼ)V+\\\nQ\f\˃T\5 n\6FϫSUi\\^pa935۱?|\ȝg\bĽҺP^4Fp\\ \;\&.݊S~ۀ \\CSR\\鏅D\[Gf9\"g^RQsS\W[\S \DaW\\\^Df\\n\R\\\\0y\t\r̩	%j\@	zEl\\\\\'C\VMv;\"5:,I\ի\2/s<7Pg[\Z\KX`c*x\\05V\'F\P,\	\^\r\v\uR\\-\\?	\\n\\\\B\\ٮf\\\-\:dhi&l~\he2baF\\\\Ut4\n\piȈds\\\fpms1h4\6\Vޞ\\Y>\0:\6[K\fߐ\F7d?ƽ\^)F O\Z.xe{$\ܱ\c-\\ǃ=O\n6\Q\3\W7\\s\\0\+bALG9>\\l,s{B\\w\L<\\ȑaѠEq\\\@\\׋?\^\\n\\\\\\0[\\(\`Wy-\\*b59\\]\\\oq\ًr\S7\\nza\\\\w>\hW6Ӕjo\3s^Wa\\?}\\$\C\#_\\\2`4j\\WmLT_+w\V\1s\\\\\S%`%!P\mBHF\\ON͊+Pxl\~Ci\r,g9B*F˝+;r\fO7ı\5Z\O7\9\x\YT\\7R\\{_\\<?Ebp5N=\\\\\\BŔH!9z\%P/LJJ(I̢a\l%\"\Z	(}\㙆Gjl\\LǑ@	r\\"Ia$Ŕ$lؼaÄ%\9,\PE$\nh;ɚ}\4\0dPiA85>\\$ǔMS(\"[\.\rR\\"0\rղ\2fB^M\%iWI3I2)\c\\0i2\\\\\\01,_Q\XEd\\c\\\ej5W{\ʫW/	4ؗ ʓ\آ\\C#IB\U9\E%2d<\\Eh\Z^yMFs\'Ra\\"-\\N\S\!%>k֝%Ծȳ\\\8\Zsƀq\Xrƈ$\H\&	\a,\4SLe8\\\g`=dz\\wG#1QGeՔRG\\aGDbKcEX~?IX\،]4\D)u#w9_v&\bJ8i\h0\\OJ\rQ=E\0MUPS\\P\y\A(l\\ YkxRmbqlidW]р\\B&DXB:XӇֽTDdW2j4\K`\i\dZG!\gA\~\UW\\QG\F\r(%i$\Rc]\^ު_w\%d\yDщ\x߹9<IA\'UT\G߸\\\G4굖^bn\uW!\`\Z\\խ\n\U\0z\꬞D\ص \JPa\2\\X\\)e\'.\$g\\daMȻh\X\c\rʘW<\\'\E.>!\O@Y\H\6ca\\X`Q]\\hZr)\0\\p8]w\1^Wtb\nxEk(Y46&	ڒ]^\\	kW\b|\"\'q8k\\X&ӗ\J\w==U\y\K.R\&n\OK?e\"L\;\UoFi3\FZ<\h56DaIipMURG}\\b_o\)ir\"y&ּ~\;\%\)\[Mb$P\RĐ\|\SaI\\A\@Ov-%]X\Q.(vem\\A2Ւ\Q\`K`l!آ\\M+\ѥ$#e\F{sLJb\\L\Hp\묏F\Z\\0x\\$B$a\p\Z\YmZךLQ\>E9W묒\\i\Zxj2\L\!A\53\\OAS\\rV鐇Ya2\m}\L\\((n$hY:\\DY\	\\r/)\\n\0bo `Ro2\y:|Xj\	+\٣S\\l0(ܠPv=%1cnd\_Z\\!(0/\\()\\:	ь\\J~و\B\!W*\\"b<ѓƨ9f	n|\n	$aQ:ő\؊չ5Ā?:YL7\@MVqݺ\غ\qBW\(\I\\\\\\:E}݋3,XRe(J`h\nc\]Ȅ\\\v\hE1Gd2\$q*#K+RPM䨅⶿\\R,̢#-:Ӭ$YC\>\x\\\n\nT,\4\\"͏CIYщ\Zsִ,g]\nB%m|\E4v\,l\\A\E`\r_\H\\PK6\h\1H5\+ӧ)%dg`c\V@mT(\"[\1\$	琳Lj\XW\\dөIKKJA7iVL`\όX(yƩ`\.Z\Nr\RXeJ\"ć&`\+Ǌ\:\\]+-H\\}\%\!H+\Y\VWli%FEf\#hZ?RqD\'k\iV\cSUӦ*Rr{xSuk\\	.\[DZ۸:h(J1>&nj΍\\RE4ب\V\\,4[,\*$^Ќn/\iYkD@6\|_KN\;sk>r\n\\"˦\*\e\'ئ\\\/i\Lз(}!Ph%\\([%m2\#tb;\^%\|\c\=\Vq\PG\3*Q\\U7\';\Zi*\OL\\ZҕT;c}B\\\\}z\\I<[\\YH.AAnAb\\\P\\I`\03\E3x&!\r_\Zqj{\A\yE1ȁX\7,\)\]\E\r,\&\\\'\\1\"\m\Е\a\*D\idjЎMT\nSb\T>#TWL=Cw-]K\\96E0y)]\\N\C\LD#>d.I,*v\\7;,gi\iް.t7\\"\rU\)$t\5n\0\헺v!8snB\4YS)Of׷A\"\U\n\s.d\\H@>/vw\$\Փh#&\\"w:\\b (u\\i$lF!j^\b\.\K\\\\\0j\\\"\\\7Z4HktꡔKїH\\VEBtTIQ\4\E`P\[T\^P\D|\\d\\B-HBjZ\S,L\\\YKC0^]J\\)AƔJq(C\@\L\I\\\,Z\0˄\PiE0HHm/\rIE\Z\)	΁\CGLdJ\1ԃ4Z\6UU\8ٺ|\}\O\\0\N\\\\ˠ\\\\ ȯ9IԠH\u\\ֆ}h>	\\x\QɆn\\\]V\\\nn\_WlȜ\|Ic\M\$\H޴ɛ${\rY\1\d%\b\r\^\KN\dύ\.\\\K\n\\\:\\\!:j\\"Ԃ$>\\\ZusM[g\\K\<\,v\\@Ja+\nE\IP\\@\)r\n\y15NE>\\\\\TW\"Ź\\z\a#\\B$G\ٸO:\\"\5D\r>RD$\\;\\Z\(F\-H(\'b=Dȥ4AL\Hm\\nAAПL}\B\\IP\\)Dx\r!ʉ}E9Ō\W\\<HQ\\LGH\Z\E\\P0x\\\!촃0\7.B72\^0ȗ5]t\Pe;\\62e\5\\MUn\\Pw}ƍ\\	mD\\lY=HmQ\'\Nlm\\IVҙ\s\ʳ)\UEI8H\I\T\\`a@Aa\"E\a\ \KJ\\Ф\\\6f7\[\r%%\\Q\eF\.\\\#\ϵ\\\L%X\n\YH^y\/\\ \ߐ⑉h/\IeIu)UF\\Ǚw\b\1\%|G1\"\r\\\ݡ\{\\|\ZҴd{\\LCe^\i\~B\)XE\\P2N;r\M\\'\lχ\Dd<PmLۄNemEu\\N8Lg	Df\5L\O\\`č\J\\XAYK*\\\$\M\T\HZ\G>\7fաL\\L\g\\LN\L\nC0l6\ZhRDĠ,\nی&\%哲j	\DQ\\T)^@ʵ(\\E\\@\V\\Z\\f^V\\\*2aH0B\]E\	kxcO}\5٥:\\\W{N\\$ \"; 0,0/Ó&eNN\]تh&h-x)\qq\YZQF\\ݜ\X\B\Y\)A@\aaeZB}脄\iB@\|EBψ)R\\sR\w%R\\P\|hШ\\\AE\\kC0\.,rcI؁\ݕ\\MJl\*R\ǵ\f=*\Tfa!(Ey	`\@Nȩ~d_\\Qń*\\iD\B[>M\\Xdq̈탼eGOT֏\a\jQ\\d\NjC\~\\$\n&P群\n\­~iJ\\r\w\\\\\\^eq\\u\#\\r8\ɳ\)\Zg~E!\ڃt[:FLU\Bj^0z\ᐭ\R\7\Zz\\r\I\,\le\\\z-\$C\ \\\Q*B\&\\-\\\m\\l\\nk)Gl\1ۋ\%~oJ\.\AdBBà\Z$\\\Q\\&Ϣީ_M@\<KT\\񯼎dA\IǚXj<\\nm0j~j\fI\AbJdiCtc\o#oY\*\\\\n\1\,AIG\B\(@.)\Z	g}\0 \\\)?Qh\\\\%mL\\B2#\\!\.\\q\nS\G\\\\+\\\\\\\\j~b\]Z[gNB#\6\Ƶ\\nbǶ\\3{\ Ȝ<\\H\\p\J\\\_\&\%kUZM\Z\Za\aZ\lz\r\\߲.\}b\j\\'\\\\N\qf*\e\\}&\J\d\0n\\\\ϒҶݶ\`B\7ô7T\/D\\\VG\\OЂZ\Md\Z\F\g%f4&f\3Vd\:tV\.l[f/\֠\n\\-\\;\\?\~56\"3\f\\na]\&g\CQإؘ?j\yPW\7khMW#&ã9pZpUá\\\Zz\޷HYӮ\`V\H\\X*240\\nb5/lu.+tRJ)\<\0\$f&Ó\n\xȥD3\T\\\>%_\r\6{g\K/h\\\ \\-\\Jʵ8 ^ɵ֌E\(kgt8)\{\r*+\gS+*I:\\	\VAsu0\2\.X&~vcZqĝ\0e1W47\"\\f4\\ru\+\|\p&Yw\&2}N7Wv7\\Kwwv(D\\ht\;UH\(WFzb*i3\\ճ\0\xp\\{-Vg5W\\!fi\r֠9f\HB\.7\\h\ȥ)D\5s[8qt\D\\\\v3\\\\"O`OƢ.0\=^\\܀\	>˫\rj\\!\J\1n\\rVkk\.2W\YO\DZhj\o#6\Mhf0qUrGR\kkh	W\\N\,\\\q<hm\\\^\\r\\6>\46#x\W*YS`-_5xl?pF*;B\\:\vH\\D;\~ߡAdq_v&&m:\a\\\\\Z!k\\\H\\}w\Lt\\]ve\\Fu,\n\&\=V&\\k36E\+bw{wm\ֱ\\:\9\h@lfm2\\\@\\r\n]xh\\#&\VF\+ф4\Z\\	 a\Ez\%6/<px\q\<E,Ch<#\p\(	b\\<\2\7\\׮jk&$P_ZKZKtHp\j>\h#/~\\\r\n\\0A\77>D\(srwEl\\ژ\ϔ\\V\0Ss$HG47\EX\ӌ^\\\C\\K\<>\N2z\İd\	$(pa\n+L`%\b\Z7\n+\+]x-\er\Z*#tL.c\\r\H^-M҄0I\\r#\0*\(T[Ą	#fKZoT\jTR\DZuQبa\.bH۔\\r\mEz\\Mw\[O#fD\m3o\ؕ$)ZachSt\Yh\r30+wL94\\Z\k\+z\C\f?L۷B\r\f(lDd\ahѢ\v\\\'{N{ct)MI.\\2.[lѼ\.@\=\T%y\Z!\\n\Bj2-\⫭(0\n\ZH\\nk\\\\n+:C-8\\^\LF(E\r\l4\0\\nη$!\-H&.!\M栫ҹ]\2\\KF:;^R\D\)\'D\\"	\HS!\é\**\\\n\	}t4B\K¶Θ뮶4*\K% *+\\Ђ4\8\E\,!U\3Ҭ\թL\rXt37=8\\\2\\`+HJ\9\sN\+L\\Zh꩖\x\6\ݫN$FӒZ\\0VPJDQ\\\\\\M+)B*RtQӂ*\\'[40\@\p\EDc\\`(\r54\"}\\ d\e6Jb!\2Ոj\d̏7͙\[o$qEjO$uSܟVRΔ\慗\e\\0\U*EX@\\@\"9\\:s,H3\\b+\xT\4\+.T7M?;*a\U\lQ+\d+\\0+땘؈y2ָ$$R襏ҷa\\"\֢]$IZ~[j/l\zRS\\5so&ܞk^\GAXJ\\\\u-\<\wtC\ϸ%Ud:<W-RN\\\2,\*[m\P1Pz$Lj\ZE\GsV퐕;\\JX\ZFs\Z/k_\nS\д-\'\k\`r.${\SD[\U]	X\T`0L?l\\C\3⪶R+\%0~S\Z\'	%nhP\9&\e2\\hn3Anp)\	D&%#7y	y\'B(07s8X\Hŋm\PL\\r\6\z\"\	J 1E\\5\\b@\Y(U\U0Z_eF\K\FFəQ\"_RlFe\n\\m\\JqtH\,2{A\0LN,a\I\E&wL4\]\J\Jax\j\Sh\j\RP]kR8#U\\h\\\' Q}\S\p*|~aWQi<\f^I\+\̊XS\E2&fR\Z\Ze\l\b.\\\\\q%]I\044	N\A\,\rJT簘\j	ϓ\0]9t<sdk6T(t\8+m>\.\\6<f!ZQ](\\0 )\\o2\F|bT\>8\"5Mcf4#\0H~E\\Ң\\tc\rh\ZA.\hj:U}|Р	jKAHg\\ EcpFH:9ns\*\Ed\"\\w\\$1\|.`MF\\'}.|0#0Da\LF+F]1\@ضhF\̫^\/\"\\fhD@\\n\\\PtĥTAģ\)i`\\\F\Cٯ̻*!\Ҥ\n-9eH\*愯9\\`h^W\P\|}|z.3џP[&\\G]Q\n\ry\n\4K\\l$T1@fW::\m/\'\Ŭ4:i\ʘУⲯ\\0)\ug&4\"I\vOzvź\LIhG\%+B\@\RFy\nY9X>ɹ\\.{gY~nM\\0Rظ\kW;Y\=6\}]LIբ\HejMe\\nH}U\[e\½m\\sSڷ\7\\t\(2;K};\ ՊT\\\\\(\!L;T-\`J\\\n\'\\K޵[:\\l\-\\\|\/2!wb8Í\0l7&\+qeSiĊ}p&\J`\"ih-\\˪\"\0\\\ny8W0]\Al.=Q֙U\\\\\f;\賞Ҡ\Au[0\\u1\5ɼ21	L`\?.V\\\漘h\\o2\\\l#SͲJs.3\\ԥ\\\\MyI\m|\\V\\0\f\ɧ\\\02@C\Z\\\_.\ͪ~\\!\na\e[t\V2%R\uT\\nղh螟\&k\)?\F)a\?$Az	AG\\"\m\H\-\\|K\NUl\t/\RE3,\\N\\D\'(f\\Xpsl|I\ǖ+\r\@K\	w\\/H\h\\mb\nK~T\\\\Ova?\"o\ǔ\&n\1|>f\\0,_\0@̈́B\-\0eRE-\'&l`	U.\H\dJf\N\\j\\\FbE,\0΍o߾(\G0\b\\'\`\\0\kt\\iv#i\o!\	,.i\"Ix.)r1\"D\\n\\"@b$[\\P;\F$&aF\\|֬\\\\Ob`d ѐ\e\8\@6/\XdU*\\(D\\l&\z\rмm+\OjBrlid\\I bH.5\nH΅px(bC\\wL\\0\\M9<H\r\r\0m\Z\\rSc\'\\)>\Z[jDf\>(E\@Pf\ڨ(\Q+\n\hk\ž\\\\\\dx\4z˘d_b\\ q\0\%J\\7	i\9pMj$t1\\k\a\"rQ\`\o%\$\'$\r\ڔHʇ?v\0\\\\"@d\+P\nFi\P#3\\(L0+y/^+W O\\\3Ĳ\6\r\\t\F\2\\20\r\w^h\R8\4\Iⲟ|\'9\\\#ǳJ\!$\\nER\\A\">%4>ct>M\'\\\rZ\'\\fk_(\\\'\ڞb1\Z`(%+\{\'B\t.r$7SL\5I\\\ETC[L\ \\u+\1\ة̖3/-\-9	e\ȶ\Ղ\;\\:n<\<uHr9\s\\J\:\%\wP\`!>\򅉘.\n>.ȭ_$}&a\\L\A8\\MD\mC\O+\O\\fd\o(\E-i\ \@\rH\9zq.#Si! \\費CTkQsI=rZԓ\0\rS(\P\>\\>\:\\KA23\*F\h)_\ZK^\%\b(\TNo\\p, \\\n57éI\\5ވK?p\\n\\>2\'H*\,#p\(\\r(\\"\"8\wzG`3nw3/Wѻd`70mq<I\\n\\Jkm[\Vmu>A\K栈\rb?\4 \M!c(̃A)\\P,$B\TPpWXV:WJ\¨hDM*o\߄*QcP(\r\S]3GN-ɣćF\\\0n ~@\r\\0|`9G9Ni3:iQD\i\wSI\Sb%zq0=NjF>>\\\tF0a\0\|T@)\0`c\\0Bƌu\\Pul`V^d^\\\e<*h\\d\]yk\\Nu+E0\VV\\sh4\\r\\0\\wy\w\9 ZQ7F.w~Qbo\"Z9\\UJFD.d1>\Ẃy\I&a\\\Nv*ʱFo3a`0\0C\K\\bo\\wբ\ȎZ**ts(jGgO]\߈\f\Zm\yb\?K\0`k\-)U\r\@w\bG69\h	C\nG{So\s$9.c/\0\\Zw>\c\3$\T#\t @\d?\(7\n M7w(`6NE\Q*BMSyf\\[\Z3h|\5h)\qwQLEM\x_\\ \^ s\0W\ &\'`yS!@\}\\fxLN\*\3$\\<\l:\\\8\\`NVB$\\\e`sa\'\\"n&F\\\\nx\\hL\p\ff6JR\\i%6T\R\\r3\,\\0CqV (y_lgL\W\7\"vG/\IF	{Z^K\jzbS|Wb×|T:Ciy}=\G0\r\qYN\*B\r\\\s\2B\1&B2~Pg\'\npf\O8\h׀\\\\\\-\MrQ8}Q\4\Bnĝ\r\\ꠢL$z/\^QTR.\R!{!\r\ֈoS\\\\\\"\\\sGx\\0\rt\ҧ\0@,D/RpB\\^\Z,602\tyzF^\B;GDcm4\\n\\e\s(Mi\E`x4PO2 Ԡ\@\r4AǀD젮w`\"zHYi\!\:M\bInUݺo\'V\3\w\:t!NvqXCzF\Z|J\"f{GYGfP\ϸ\@3\uw\\I\e/&.\ ٩:`\\W\r<O:$9S\\;ӯHCZ|Ǔ{b\#Zx\"Hr\k\|/\;\r\E*\B4NC\*.\2\6,4\4\\\\F.HL\'M:\5A]Ψ]l\xwk\\gP\Z\wx\k[\r\I[Z<i!Pm9> I00\Iim|\\W$ȩCyqy\R*\\)\TC/`cؾQ\\(~f~bPWVȜht]]EŮϲ!,.\\"A\&\&-\e\\\0\ 4_{!I\"L\\Iܟ3.H\]i5\]W8\"\\\owUy|^9[#qP6:\r\\@kve\$w3M\\\\c.ZC\l\\dʚ[f\xhS\1-,3q+;1\W\\'7\9R!7yknC\\\G/\+7Uv\\\+)ZZ\\n\\\\J/\Z(ٶou&\\`\0\'P\@f\^\Q c/(\/\0d\sz7p\@\\^F\\\9ptx\ĲQ\-\\(0} #P\\\9-%l\\\]$܏ޒq8\L\o\\\ݩ,\\bv1߫d+o叭+咑Ca\ׯ_\;\G)|3\0\ۢ1r\cEh\\(e0V\0\^nKV\\%\\o7\n\\\Qi9QO8z8_ bhfK0%	\\#Iab\\0 b\H\CM j\I)0^\\\\.V\b\'0vÄ\rlg2@6ϧ\d\~\re9a\n\ԩ쎱˺;y7\	GS\:\ֱ[\\ul\\\\NI&)C#&M\Z4c\L\;LS&Fh\"F\0 \X1ҢE\`\\3Ba0\\Zd<:\i\[%LmC\Zu\\0\ZN\\j	\\\Ǝa8(]\\\\[\b\1w\.HC4È\F-Ƹ#\8@\\Q\fҰI\\Ks\40\"\N\\L;?%\NI-\N9	SNL\4e9PQe\VSuMdcW&TQՖ\`e\NL\"2|\%F&\Hb=\{i\E\Cad&\\"ɦ\A߹F\p\i\\\\h\\&@\񦅖)Plfr\t\5\cʩ\؟\\B\Z\\'$<c\\wQ8t!\ZD\nIL\'RMv]\Ӆ\RNTK4Q%UZi%X`;\D<SV]xx!	1b\0-\\n\$@wI\`\n\i\$Y\eX	\@ffmdA\Zm%n\\{r\m)fA\\rʦ\\ڧuRu\fzxA4eC\n]C@\\'i\\'R\\06K8\T:%\΄\ZUkR=SX\.HomOZUf\jYÎe<e5\\7%x\]G*shdB\QD\ᤔXZf\a\\sTPD`hɘiYGZp\ۙ\\\\wGR\'u\\&CD2zC(\l{\iIDNRjL\\\\n<<\S\\׊S\\\]W5ƞX\,ձ]\T4\\0܊-\|\^\x\E$*tY\A\Ej\k\{\\\ g\$cQ@\\\rcsCA\H,a\Qk͈AJ\B\\"\:%e\"\ZaV8\vY\v3\Z$\'\\WYhG\ņ&D\&rqZ~\Q\jâ\n\a|km\\"Fc4\(m%	_B\\4#\g\0\"3a@͟|}\Ky\i%\`Ns`c2B&sZ\6\HZ\'N;\AB>ʍ\	CRBLa#o\Z\h\D/2V\&<3JO\Z|\V9\xՔ_HzWC\r=aȘ<\&\2eXQmW=3	/\n\DRe&=\&S%uI\]i\$\Q w\\@\ei\'rH\\h!N\\9>ad\lq2QebP\\"8\\)D\r3\$Qd.J/~	x:P\.4!\"mr\\\+^aV\\R\lm\Q&!Òm/\\\"ڞ9\)I\h\"\\D>@\\8\hz9yGgm\ߐ\\g`A!I ~\*O\EL\`\F`\-\VP]P٪\'\8^о!L\t@E|\MZDU!\"ՈuXHG@J&\H?\|1\01\fuo\\ \Ccf<#6J\\q\)Hj33%ԯhor6tO\ٜ^\\n\Oܡ\\(\8)aEV\Le\`\)M\Z\\EVT~f+[j\'><\MG,D\%<\\TL[du\rkB	&i-Ha\$\k!%#[\\5\oK#Gj\\\(!\nL\\\o\?҆\Q2ƹ\tHf:y\N\"+.{Pdod\~G(\L^LIb`1p?\\" `e~QC\\F3LJ\:ɬ8	-xDi\b4m*3W2\"(\jT*s\&\[HCD>\X\\I\MְL;c\VYOF\k\"RHt\8I6\':\ew\P\1GϙN,\\\r!\"BL\\\R\Y|$Cwd\(HB	 \09ȁ_F͎D_φ\"\}hG\.4~S^l\$)6bbt\yg\\\\&	\"#:&S\'ݣ|gL\[Fx\|[۔t.[]N\Xi\F\mڶ}ǻ\Z8NgN\{\ϱI\)717A\ \n`\~Z\\0o]\\nPf1(<\r9Yhj@PS\"q	(Ia\kTs\UOi\\9Fh$Uۙ-	o\ĈA\Cڦ|\0$ף\\$a\vp4OR#ېr\-ʶ	=\@7\\n\\\_c s\m\KGdD\)(\'\C\fTzw,~H)\lB@\\F2\x<F!ðq؀C\"-qb\=4z9ai`\\LE\"	\\[\@:\s\3E$0\?Ghǆl\\FldeI\F(B/߆&\8\fHtR_uWv1\nEmue(\R%	\vͶ_nT*?\:q)>9`h A;@\2yww x\j qAy9K?\\q\E4Qj\"5=3*F\Nlf6#\V\MARYzBnSl[\2F\QH(\\Pa/X\'Zb\Z9\\N\}]n\W}H\1\d/\QN\r%)#%xv[\\,)\Q\	i\\0w\) \2	\E`43\'qcD\Zq1SB\#5)5j)%*\`$F\PUFiJ*E!$٢(.\0]tT\\tR^\&cf\\]\0H\\VW\a9	S1&\^dkgi]\:k\1D\:eh-\Q\nh1܈\0\c\R)\wp@	^deq=4Ї+Et(\"\\3)\'oU-yяàg9	\p؏y\~\#\Ԗµ,h>q$.!N\R\\UW\}\fv߁b%\G\\N\ZT_\8\1\'\n5(km\(\"S#Qn\lI\RQv\\),q`;RC90x\jg8Hi;\%!C<;!gH\;\ <bT6\6[ \-\\0s.\\\z:-<\C6k\EBB-\\{\\$tQ%4X@\ROoU819sW-PH12A\D\Z48JI\(>\x~\_A\\q\Z\ii`i E\)\"qJ\"xpp6i\0y7~\!\3zxc,\xSwb7\3Ypck٢AU\\EhCXh`E}\\$xMʠB\]8X[\6\O*}@nw|(WS	\6$m\QoR\\(\Ggv+\7 \1\-Yb8\0הy76jz#\)wFK\\\;/\"5X\Bc8\\	k\L%W?kB-$!{(X>݄d>[Fخ/\nf9aP\v*P\\^\'{2(\Gچ1Zr@\UoXbo\\P\q%\")\5NUxghs\2y? Gu.3@0gزh\)RM\0\xVqP ui\')\[shk\ C^@Bhc8\0\\:\\\nQl\G\\0tM\$\g\\A~\7\6g:\0cf\0\u	PSPj]\vG>\o\\pppʆ?E?&sH1\w;ٴ֩*\"5>:f{hS\kɞKe1?B}-q\\2G5-_*t=\\9bau%۶t!OQ8l\\ћ]Ni\\1sN\>2{p\0\0{\0\\8pw:\s/R9gw`;?`w~\pq	/\J$rHMg\A\\9iF{-\\[\ډ@\#\;J#7Eu\Zt\\T\*Qv\\jv\Qjbv1ڶt\n3\En\Z\/pgƈ9QA:\r%Qps1\nNF1kp`\0@\\0pp\\	T9@\X!A	G\Q/*%qSW	\1g$BE`D(CHꃂ!Arb@np66h	\\"\0yM\B{g\\\w[طX08f{e}3uҷ\+]b\Z\\Zy[\e\8\EZ88	\]\Ұ\)gAQ>i\\01`2\0\\\0\'\0wx\6Zвȹh!Q	/Y+:@JqZM\2ƅiӴ\s\L2=B\\	$<\\\\1\5Q>\ed\dd\[`ط\\Z\FF~t\d/j\P/\@4\\Vۅ| Q\8o+Z!\q\\da\0p\08p!\\	W qFqBj	\\'\3	*E\(DFq\$\\Ő!DbϔJї\ږ@RAR\9\z;{;\"\\\\\\Qt\}Kk\Z\Z&G\e\\58Qe!\0^zJ\g%\(Sr~\\\\\\mm,\s\0\|\,ǈL\:PB\jB+Q/Q-p\\z@\eja	\zU{\Z\0L\~-;~\\m\\EaM\\\W\Cf;8t#\IƷ!m\`6\\F\\짾\0a\4\FtO\\\7i%)oAI\u\QqQrGrS\\t [:\@`c8\m\: i0k\zغ\(\-EiCIڥ	\iÊٙ@մ>\(\\uk|ѭ\\Z\$}\P@n@8eg\\\[&~e\'O¾F`1-\ltN\\U\Q\g\&m\듗b?rw,\D~\0\\\r\7lHמ[`S>\\)8\>\\^\\~\؞\ھ\\\\\\\\\>\\^\\~\\\\\\\\\\\\\>\\^\\~\\\\\\\0\?\_\\\\n\\\\\o\\0;',0.000,NULL,'2022-02-02','2025-03-02',NULL,1,'2025-03-04 10:56:54','2025-03-04 10:56:54',0,0,149),(2007,'Kishore Vedam',2002,NULL,_binary '\\\0JFIF\0\0\0\0\0\0\\0C\0\n\n\n\r\r\0\\\0\\0\0\0\0\0\0\0\0\0\0\0\0\0\0	\n\\0V\0			\0!1AQ\"aq2#B	Rb\3r\\\$%Ccs\&4DSt\\'TUe\\\0\0\0?\0\\X\Z\n\4yϵ\\Z Q]phЊ2	Uj\7Af(\En\hVnn\\%\0\h}\\\\\Q\0\$\\T)|c\IO?\rx\\\Z\̯1~\\{ш\pOa\rU]xs\59Oxz\w\\?~\d\7s~X\\\\ƃ\\z\\0)qx#\u\\\2H\\F\lOԶK\vG?ũ\\BG~\y5\0<<<\ز\\Z\lIR.U\\\\<\\\\"G\\dC\"#b/q\\ʢ\\\\JYr(ħp_zy	\\J\'n<Q\\j0\⎉QWY4L\n7j1\\}\P\M\0x\΁\\A9\R\\nA<\=\$\\{Se⑼曑\N|\\e<n\T\0$;w\Z\\̪;zԼBϧ\xIn\\\\\0\n\\\21\q\*.+ݻa}X\nS=\\}h\i;\\f\\55\'$\0qޝk]\ ]o۹Jq\3R엦t\\^3Ǚ\r\?L\D3by2O\Nj:j?\K\9Hԟ\*RuW\\m\k`A{( y1\o>uYx\Fq>\ \v\\ǧ\능zf\(\"\1qF3\\c_\'^j\\\wI3\"|Ixv\'\Pu\\]1Q\\\\Ē8\c\=j!\\\+$y\J|e\~T\v\O \\\ZŢ77k;F<`wG\\7;\\f\\v{+g1g).d|`\\\ZW\\0zr*\K\\\0o1\"\2A\c=Zu\zcN/\YQfV#\<T\\p\nu>\y\~\O	}\;┇u,Q\\\"\q4ALOjNF{\R\G\\\4\8\<\n\\\n\98\HM8\\0)ny8\2dvVV#8\[\\g#?̟\Rsjq6\4յMB8P1\.G`3\j\_z!\&=\J͖$yϵT\3s\Vv~TG\(Վ;P\}g?*Vhʓ`\=ʳ\:H\l\QZ\\t\b\ep\\\V\s\ϴC716eOFT\\?֘7\r#\l\0\\0\\SO\";\\q\>\I8\"\\1\q\Y]CSe\Z\eeʳ\"g \\0\;[<\\+\Uh\ӣ}\\\r#\\'\\y<S\qɏ2\)p\\\ZAHs\.ϯ|\*5\\RǶ\\\\3Y%\\H\\~8OFE\ \\v\OB\>\<w\\Y\"\"Hm\E\\76õ	\\05̗.$\\ec wHdɎTnվ2Oy>Y>PX\d`\\۷\\W:a\\\Iq&\\0\\\zmA%\nb>fpch\\^Ӽ/\\;.\-.<\_*\=7!vpeX\\9s\\+<1\\;\\"\\\lvF\Kj뜔8O\\r/\G\5\\\\{er\\yv\H\9\07+\\\n\-B\\9=\\TuB0!\0+\g\z\\/\\r\y]J\Ӝʺ%0THӚxh$\\V}2x\(.lF\<%S(B7<\?R\zF\0\\ڤ\	[\p\0\\\g\s\`5.\\/-n\\s\+LUⰷ\\Ir\\\n\=\T\\\~f#\ݮh\P̅\^0;\\[=^8\\m\[$z\\Zx\Ex\lR\$\l\\Ib84	\\σڑ\'Mc<\[\I2(~\\\sa\9\15؍Y\0Ii$a!a\\椗99\2gmiJ\\6\Z\yQ珉ґB\O s\5\hB\\}+DK$dV\?$юh\\rN+ї\F[&rh9\уDՒ\\_\廚 \c0\>\\Wiǯ|Qa\ƉCnu\ɷ\\\'\6\@+\?ǽkt\\\c^O-8b[?֛0;) ϵGCp\s\\My\	\\\\\F\\\\\\08x\8J)a&\1\0qGƄn`㹪f{y\\npva\T\&TP\\k l1#\0\\79\0\Y\[<\D@p:\>\\z\"<UU.%XXd9\Ó\\Q\$AR\\$\\\0D\"-\^\\{\9cj\r(VI<\\g\'k\\r{\\\\O\3%E\\NT\^H<c\&zm\&u\0# \H큁\0*\}Q\\\Oi\O\xbW\6\B?-\+k\K\vww\\ZfbL$WR[,\\\w[h\'\0~ӵ\\o^}=\\@\\\ֹ|~\ְ\ȉ\fn{z+\\^\\\xn9\ng\Euu\\\\6K\g͊mQ!`R \.\\Ă\O\Y\e7\\rsKT\vUe\M{;ÏDm\cr\NHn\9\\\io4N\0ڭ\0dH\\\"\s\\o\U\2\\\^\jm\\D`#5\|b\e}\\\r\q/ޭ\0;\")`y;\\Z\\Qmv\n\\kG\2:,r\\NY/NH\\\K\;{M\Z\S\MKQE\\\Pi ~?Jr\:\\U\kg\"zGv\0\\\Z3\\Y\5-:G\W:T\\\8\\V\\_Rx{swh\\Z\\@\nq\׷<B\\ޛmw^\y\e,\Hb>_\5\oě=j\\墆h$\;j\R\\S8\\VL>jxY@i֔~o\|\1\\2?!uE\>\\"\?֍S\0}M#\\~D\5ȿ\c\b?\GJ/\I\4\!x䑂\\y\S\ *~\7(\0\Z\\)\Z!bX+wuhl,\\\r\"\\\Gj9\g\1\\\\\i07\\ߊ\\w}+ᶦFx\\Y\	lH#׏\Y\2iB&\i{\\E\\\0j,<f\\\Y\r\X\JnX) \@\.*N\I\\6FF\\\n7\O\\'\\fBF$$w \P,?#ն*,8|guR\n\0c\8\rm&Io\\\	ˁ۸\\0\\t\\6`\0Z\B3C/&y\=)㺐G*\\\06iO<qR-gk\\[X\\\4\q\\'a\O綗鏧^\\2\\aˎ>~aQu;\?z\R\o\Z;@7Ǹ+m\rߝ\>\\}a\\nծ4ΎIm\{I\\\YQ\<(jn\\0\C\%OKU|V\\NXx\\\О\=,j7\nB<\\\\'|lw9\=H\S\\;;F\\&E/$rv).׽q\W\wu!-ܖ--4\\VD2	nO\0ry>\\Lif&\0|E\ZXp\`RL\0Þk\71-\޵Gq-i\4m\=w\_:D\$\Zk0$V{e=T\\9\\ّr6`\08\\]c\\om\gg2.\\(}Nw\\\Ӟ>\\ii\Ş5\\RѴ,毒x\\H]CF@;NPMz7V\K\\\=+]y(\cM\1\~_0qg\\[忲Փ/qtH#\x\n\Xg5#\R=5KHl\qM*\\\\N\\.Ku\\\\l[}N\v\\FG$l\rx\؏Sѯt\Fk%٬~R\Ka	\d~uqe\\z\4:{\on\\\kmX\hߞH2Tv\i~Н\r\Z6M<wڢ\M&\\|Bb\j\Z\~];Jкw\xn:K\0G\1N⬼3\\'\\\\\+]VMB1n&\3]\IGqy\{\\V\rsDU	\0\n2\Z՘\)6\ь{\nOR\0s=\$\\%OjC;\2pi*\hn\r-qJl|\\\Ě\#\v\Fo\|5<\#I[ghb\\<]Ct>\iK7\L\H܎@3\s\.}_\\\hVmNSq9p\p*_ʓuf1FJ1&{RqލXP\\B}\o\ݩ\"G䢓\H(_,\08\j-\me~0FyJ\\M\H\*\\iL\\\a\\1P5C2F\\1R9\T7\\\\9Wʷ\I\\Ӝr0;~f]h6#I4j*dv\\g>r?@_QީlN\,\\	\\d%\\aXpY>\0\[y_A\w\^\\kLcW\"\!N\p;W3\RMgM\4wL%W\8\f9Y^y\ǽbuc\/\\6u*Fn`1\rv!9\!dbG\S\\r\6\ees}036cb@\5\5\\\.2\E\ȧVYD\\z\G蚬Rv\.\'s\_j_|s\F\\n}\H\Ds\<a4L\Ze\\Ϸ?ʆԫiqvt,\O?\nAtL\d6rބ\Aek\r\\1DH#\\\\0`\\b=k_Դ̳\w`\EJm\0ӆ\cSX\ֳ\\k:\Z%ӂ`\y	obѶO\ֲ\ZU\[H\(<\\r_jKa\)\\Eu;N\\\\Y\#\\nMzΖ\\rFe.>\$eOn\(J\\\^mԶ,\zh~&4\c*\@\9\\/>\6=?\\\\\"f6\q\"3K!v c\s\H\z~׎i\\&:ThLJ7n \\HY<ư>\GL\WT^ì]0yh\\\\~\A\:}:[Xt.cI\s#H\rw\Vg\+D֬\KmN\Y\m\$&\'*Fd\\Om\ЦҚ-ԶW-@\\<YBs\n9\>\{\\vZ6ţ.\\\ے\1\?\n\\@\V\\oץ\\X\y\d_[]q\\\N\8\ɢ\4=豎(z=\[\0\Zk9\F\ず\7\0\\g\m\\H\Z#Oi\'=]X\qm)a\jXE\"5\Ȥ\\,VC\+@9\)[\\\KS\J\r\"\\dу6\Q\'84\\I$\q0\rG\P.-m\;\?\U,\\nrjja!*\'4%uf9[w@\\)e8#of@\<їxċK\`ۑ\\?*\r\vk30\\Cgl7gո<{Ҫt{\b\\-\\y`r[\\\Y:o/ṿ\\wm6nQ\n\\07|\\\\Ŀt=N\5;/|v\ݹ\2$!6\	\p=[`\\\m~-\\Z<\ \\QKu\r\Ė\7r\\ULvAQb\%l\\\#r1\O\Q\\JN~C\\S\QF8?\\\\0=n\\\\r:̊T\\\\\ \l\\\\K\K\=#\ze\R@B<\4]\`ЕVD\r\4K\\}\Z\\Jm0\0X\\0\0pO\k!m)\\fL\v\"tkn\)\P\)|H2sݲA\f\Y\!\"sǡ\O\\\\rsH\"P݂:\o(9pA\{c\ξ\F\%\\\RD\`eج0# QW[-\RHo/H\\N\.9\\#*\=Mgu4\nP\!\caC\i\\\;\\N\T$iqo݁\\s02Ob8\]+\\\;\*\r>\%\].#s>A\0\j\+\zF\\ZԺ\\QWAf\\@W~\\a\\-;[YZ?z\\O\'f\q\\ҋu\\zWwX\=sI>:K`PV\8|$\)8\'\n\\ss\,YWfc[Sk\!S\\n5M*>$\mW\\~>\\0d\\\M\Jn\MS?ҹsEEQ\\\\+Qvhg	&qDp\4\0RAe!dq\\ML\ԕ#\~]\\\=~t\2\)On\q\;|TK[hY\\3\\\KM\\\\\\0hVHَa\,\^ծy.\ֵE\DlI[;O2\\aQ\.}Y\b\Wɣ\\֡$1+F?\\\0v\`cyoV\	9fr\F<eǰ?\\r~\g\\\\,\ɉ\ӈ\y\\0*fW\o\م\Ƨy?\"܏\\r\\\\\\\$\`\\^\\8\\\άdUW\\/\)\3xzvir4dw\&uĳ3\\Q\\Q\t#i2\$T\\nqr)z\،pq?N*6;\\(D^x\\q\H|\n\\ym\\0I*\$J\"(\pr\#ן̹\\>ޘ\O)d\\pE^%\I}i+cY\UBǹxڿN ﹥i\O\U:6%\\\K+6\0\n\u\0Li%$\dQ0\n\n\\\Mhڭ\\\!\ON7Us\q\G\r\\\\z\\z~w \\noڠ\2I\\\HxҾ&hږ[\6\\T@\ǚ\1L*\89B$Qg=6P	\/\{Q\I\EN\0Eg\'>\$E\\\ވn9\ʁ g\V@\Z\"ҁ\)R(\)a\\PȡC\"y$\{\$\0Ƿ\;DW\\v\\!\Ɠ-\L\\\)2ZL0`\\)\5\NM\}\\ᐯl\#{\1\\\Z\ύ>)_5i)i24\nH\\3\F\x\W/\nӮa\\fP\\	R	\H__YGf;\[T\\Y!x\c\t\!\\\\\\b\\J}\]tfyvW\*\!$-\\A?<UnP\\pk?5\\sԍ\'\\u}f\m\T\"+[h\\m{ \n\Z&ȣP)\$\0ʨ\5#K\\k%\}\\0\\1늛gl\IP\D\z\\yb}\jKP\\vI=?\:\tw|[	n9\m!ps\Ӌe!\?җ%;>Tқb\\nH\;DY\"$\\\0Km\\\U\R[)E*r\04j\߅N\7\Jx\\yKXa[\\֫W\f8\\[\r\F\\0b?1\\P\F#z⍆T\\CԴۈ-<)+\\\\*3\\t.\?\n\\\E4\\H\)\-\1ۜ>|\\\rWg-V\L\/͵\=`rqF\'\\קzs\$\,\rܔ|>d\+\r\\]]\ \\9d\\CXaRX\\I\3D\\\sIT!F\6i 8\Oo=\fҒM\n0y\J(sJ\Cp\ߜ\@=s@}qDM#z}Ă;c֛.$\\SS\F)TF\q\+5\:\G=\,ldbQ\,\0\?*\׉2h>2\\~\\TP\5כ\!$32)8?\Wl,׺\V\m\\JbpNw\?\\ם1K\\X\\0H&\?4p=zVN6Ӵ?^\nuˇ2A͹Kc\aϚg.5[y\M9[N\3\OS=\fPc~=h=r\N{=83\kWTc`\0\-6yv}\\yqˏ\zt\C.\Emb\\o/EG<p_[\G)BUn	\ \[\\/wm5dx\0\0\ g\V]9q<2\G\\\\Ō\Ҭ,\w\a8!dI\'xϿ?:\j:\u1\qI\"P~Ub\\Ls\o4ȣ*\3>O\\\+=\\2yC\(\\\\\DU\\\0_ҙ\t)\A0z9t\\FIUU\ޕ[qF\\\4\]\6;O\;\+\\Z{pc`\=\rF\\/\99\\S{㓟J\\\\\k\\\\\\\ZE.\dd|T2n]\;\\3O\T\j\Lꋝ%WpJ\H?B+_\KEz\0\Ȼ@ǳ\+ߎ\½\\0\T\W\{˩,\\)\\\0Ꮘ2AykuN֭a\H\\\\VPCSh\=\*,\\\$\98\f\G~\\\!\d\'\CZO}{Rn\)>GiRJz1I\0\╚P|R\\C\n;P\hi\\Pf\Έ\wLd\fu\0oy\+\0DX##8\r{WmT\\\P\\\\OǺIZ\K\T M\W\O\\}\ZK\?i\\\H\"Di\Z\\\\0_3CUk\I\䏥\m\%\M4*7gq({\\\\0h.\$\K\+\\X\'s\\A\ktj?SVR\MfH\\1\[[+yl\ԯ ^\]k\\&XR\\x\\H\'\'\k\\Wh\"\WdH\`|Rp#W:+\y\ZZ\\oG\<<C\\\a\_g@\\H\H6\]KEű\N\TI&\kH\EX6G$`9\I\}`\j\\R2E\n000F*/St\Z޲(ӌE$Aw`\O\kj}5ι}UBN\\c\ۚ>p\0{\"Pb?{ڠ[\tR\ @\xn\o\0}Wɥ\'\EK\\L9#ӊ\\\\4c#\\0\:s\\ZFe$\0*RӔ\}\T\"I?N\r·\0]\"U\>Dv\\\'\\n͢}=\Ү%ʍ \\\\̜\~tqU\\\\\0>\p\H\/t\'v{:\3\c*u\	~\\\V1i\sqiQL[\\\?\He\A\xk\:_RhZ]ƛt\:m\^m\\'\\[\\q\‑s\@>3\4Q\P\y\\r\0#F>>\5ʌsAc4K	PshԂ3I<Q\)<\C\'ވhz6\'w~f\)Ԓ\n\\ޙ#;^r?c\\be\\0\zM7w7;`䏩\\x\\u7^G\\Z\^n5\LN\\?^\yn5\,ZSWU:t+#۾	8\Q\\nk]jk{\\֊\\\~@@\\r\"2\w)9M̃\3\W}%ms\V\.]J![*\;m\0\'\]\\\\\,ַ\0˷\nCN\\@\$@{\V\	%\\\m_C\\gi \nFp2\rvM\Qoh\\CwwsŒ\'`Vkm\Z\$\>\zZ\E\\W-\\!\\\?g\rb\0MmcKlr\;\=պsT[8\\d+(\'`_^A<\\^i\\Չ\\y:O1\0g\'\q۵^uI\\n\J`,{+%\\"$~\m\ \Ԟ\Ζ\Km=\XN74bRI\\X\-\$\>[\FSj>m\PG;\c\?\UE\0H\(2֫ᙃy	\\z_N1\dz\H?\\0VJ룕\+\7<\,%\\.\/g\n:\]\5\$\"d\_\YmOeb\\0YΖTg9l.\VcQХvDea\(8\S\8RN{Q\0w\'\g\\\I\\i\n9\E\9<OE0\IZ\g\+\atk\c#\Af\0q g\\\\0;\um}ksͼчh\s\#JEW\\\(\FFT\a9~Ɯc=(\ҋ\r\FIr\Dޞ#GH+DT\6\\zFw:0qGl(ϥS\\\,Rs/\\\\?R+\\#4ht-\\\w}4h\X)$䃎+\\ZӗV\-\\.d!xn {\eF\0\|\;\^\Π-\цo\\|@lU\r\sXصN\\q5уxe1* 0\\ֳb\\{\[xb\\=\\\O\s\\JܞC\\J3\H\\ڥ\j_`db%\=Yd\n|#\\\\\]\Y!߱\ z»Λ=h\ZQ$Ew$\9\0+\~\ZGG9$K\"|\\t~\ZGYۼ\]\[ܻrp1\\[\Qc`\w?!T:M\se}-\2*Ɓr\0\0緦?JX\^\\b\!Dd@\0ryBEꇌ,\e`\ǡ\\\Wl\Ȓ\?rmGH\m,W\z*\H\Z\%X\0\\\\\\H%@\\"\\;|\αW/g9\r)Qo\\t6\u\X\4+ʺ\B\0TX:IU\¨\ҥK?Ia1~\\dd\\1\k*\\0>U\zQuHÝsYM[\\\Љ\6>fέ\6]\Ck>\)c\\j1c\'\\T\![Uݙh\a@z|\&̮W9\z\1^5}Mj\\\y5Nϧ9\ь(a\}V\N\|I\\]wA\\\K+u#\+\A\_\})aڀ#`\)D揌|\\@x)\moq\RHR\n\AX\#\a\I\\怏O\1t$Z&\\)Jǥ\.X\\gݫ\\r\M\"\@Y$HAR+\p?Ҿ}\\kUx1[}\"!b\\>v\0<d\\G2׺\P{xc\\\I^`?\8\\ԨRFR-\\"]\F\c*n\z`7qqYͺߝf1AjITS1\(횯\nfX\4bX#mq\\?\\\NңSpK	\7@<\\5\~\W\b\nK\\\*Uq\/ַ6E\\0\\Hvw\\\\v.\\%ć]E\\\0uvt:\ᵌ[蛐O|Ի(b##sI#~\_\V*\r&\\\\wǹ\qY;+}+\h \\\\<gս{\\N\0θV,bX1\od\KH\\Bؒ3\\")9\\0ssƉ8\#T`\\&r\0\'m>݄\v8܃\\jm\0\0ơss\YΣ\!\\i@ H=w[It:K};\ZcV>#++uI-8nXaO\\\7p\q\\&H\\\\qw5\n\0\\1\>$^\rduI\0h\>8\0;~u\\E\+\\}Gc)\tLpk\6_wj\$do\\0\\j\Ј;eq\\\7L!OjG!96\|Lnz[\o\\\ҵ\'y:wV`\\<\Zit\YFAS|\ڀ>ޕ{P\\\ O$RP\\\=sE\j!$=Ғ\1M\Q4#\IۊI8\\\D\4@\Y>\3\^\ɶě,@_*\=Ks\k\ݼ0\̥V\g!J(\qQsWϛ۽\Cq;\+\WV,\=Ȳux\F\\\oޡ\Z,\\XdaIa0XAۿ5\MkT	k`!0B=I<\Q\\G\XMf\=ĬKnܠz1]#\][~稯5$-s\J\3\n\\\Gi\O\\#4Q䃖$c\'\Z\\n\m\\n\n\\\\]/\Z\\\r6\1S];NQ\4\1N\Ԓ8\\R.o\'{	n\^}\\\6M\[&\\\f>.mDU\Z.\w\ϥDӣ$B	l.N_>ҞЌ\m*yldVs4fVqv`x\ɬm\6]\OJb)G\'\f/$d;8皩\0fv10%3ǭC\7\\\r\T\\ZdJ\R2\EF$\g<1j]\\y>`\E\5=j>>$β=E\pv1\|\s\\g:}\-d~\yt\nDr$cX\b\O91)L\\~u&)%\h\a$\`j\r☮	p=\'\u*U\\\0\*O\\\Sx\\\2jV$±\߂dR\)͟:=bSR=J#\$P\N\\EއzK#Mg֋hT<Sn8\7B\@K3\dG\\Ѻrf2\nőZY4\\\\Ҿjx\\牷Ŧ83Gggŷ\#-1\P}\q\c}4\QJXTr@\'ƺyJ\\\4\$k\n	\SXNդ\\\\'#ˎ ~^\\0\I\\\\\=d\֍\o\?Z\}+c%syun\ˎ\\a\8<W\	4\|峻f\'<\+i\Zy\)UY\p(\;IKH\)\"lDr\vrv\ot)\7\0*F[\S\]M\ѣ8݀\g\\\*\\\\ݣ\d\\\8\'\U>\1\NS<\d\\\p\ޫ<\7dH$~\\~uY1]J\e\\gbNO\\"\\\\\0\q1W\\\*d\8\il)B\0\n\r値T2\jw\\ڢ,\\\y\h\\\w`s\8n\ThKw\ԑ@e*\\v$\*]-?*մ@\\\!tw\\"\'\q\\\,\Z\\F\|\'#\0Z\\ڨ\*\컾\ܧ\Z\!\TU\8\\\H\.nr?*(3\G\nu\\\\ZD\4>s	\\T2S\3ȧ\\Lф ҶDb\\w\Dԝ;\1(3\H\\hsM\\\y_:<z\&/JI\Bn);>t6|\p8\'3^<\o\t.ӺwNqֻ4/-.Mā\\|\:k2\E\yEÙ\n\n}|Z\0\_\UTc\0\\\e\63\\W \\?>\U+%\PjA<\;Qd8TA\}{\\Ԥت;\]{\nn\H-\Z\\.|\($<,@\\'ҽu\z\\:dP\-c}ѸO\>\RA\',jrؖ0\կ\?\6\9T8Ucc\<e\$#?>\*\\\0\	-*c\Zk}\\2یp\C{\]jrA\\N>^~	1q3v8\\\\OT]؏|c\8Ⲛ\\8,H\\?J̀ዐ~,\\LwECd\v{\0J\ҖfﳐW]\BbU&}}\m\W\i4{c\\RuB\0>{g񏌏mJ{\\+n#Ն\r5	\Qվݏj5U\\w\`zbK|\	\\\\4&ԉ*m{?\W\Z\\a8+\)Qo8$dc\\\\Jd\\\\\7\i\bȮN2ymy1R\\q^\~\<q\Zu\\Cj1\\Cs\0d8lKcӅpa86z}+<횴	\J#E\\\9Ͷ9\\\94Lb)QM4\ŁH\\%\)@\0m?.:\]bd\!d!\v\$g8\w\"\\0\0*\0?]\jP\\FC.\r\\O\\\!82IK叟\\0\sIV\0\Ol\{ӏ\P\\\\b\zD\S\_L\\\\\\J%\\\\\,c\U\zC\Z\\n\0@}Mh\5ڭ\g8y\\p\L]\<\6(V3\\0\"\A:p][9^LOyː	\\\\\5Q\V~c\6Xaf\\sv\]^\\bQt\D\ǯ|\\P/-ڋut#\'1\\\ڼ-F\Cv\\\ەL\\\\n\\\\bY\L\W9\\?F\\\Qԧ\\Tjz%UG<\q_1fU\\u-\;|\Sjᘌ7`3VW%\>dg\'-\\}p.\EA샒TMa4\"S\<q\^O\wNܷBL\z\\\m.\-zg\\@p\z\Jӕ4<3E,\qSQ\E>\\\'\F:oĮ\\\֚r`m }A5\\\Uu9 q\pj@\"K~)XqځV\0F-\\nlS\3\0u&$\nhy&!Z\֜\n1##\\\͹&kb)sIh\\\\cb<_\\|>\[\Z`\\m1ᛒ!\_\\\n\[Ri%72Lһd\\'?ƪ#yQ¨\\\\Gn*k\y6e\p	>Gi\HL\W?Z\}=i2_\\Z\\K4۠\\\>\ܵ\\Bz\1\-\K$\'96\V\؀aTs\\\\"\?{My@T\\JK\\M]^<.60}7𲲻+Xy\.=F\\\\\zfU9pvx\nb\Lc,q\X\{\?\˦	LA®\ڹ\\o|V{S[\U\*8\\\ʩeU\@W\>\#&\V@G\'\~ b\:e3ZA\\BIgT\'\ >1\cc\\\?;\c4\\3!e\4_-p9\Z@y\\\⯬5iyO27\\\\;\ĥ ,\?5^H{\3w\B\\\\⎔n\\'wfz\7St\K+\\\vXG\^\\A\>FɣFi2\6X\\;\'\\\~\^\!5\\ DBߌ.>x\\_rN\]\֛9]\\)\q\\\U\CϠn\\\Z>>T\Z\\Sf\\.\1afX\F3N\\\j=6\L6\\{|R>`>㏷^MM\\\$F\3i\d\rIPе|ƿk+kQAШ\\S~2};\߾)w\q\\H\\\G[Gy\󰱤BS\0qkw\\m.\^\{x\e\\\(\0\9\5\?\uk\\'\[t\8\νЖQ\\JJGn+|p\C{\o1,x\r1\c5;{z<ΐ\l]\\F24cL!<\B\I\\`5.\@\F\X\\0|\G8ir\\\q]H)V!0x\\{\)K@-\Ð;\\Px\ZEH?\\\B\bY8\\W9?08\Z3H\\L\0R\pTn#\M\ڽ1\ߋ\'*\Og$\-$vH\򪻭&y$r?U]\;?D7j\}\O!d1٪J\'@OI\(N*\\&s,*I\\\cӲ\\(fGd*GXX+|G\\\\(l\pG\\:\N}B)9@\>\ι;n\3+<\vu\q-\\|I|\(\\E9\*3[NK\\+}nu_::\\P\$l3\+\b`C$aH\0\0\\Us1\\sRW qޏ9\C#$m\\\g\F\_\,c$x$3\~\\\T\{P\\\Da)\\\Dy=\r\JK \nXc\j=\,;\n	\\_%ܝq/\\x5e\\.\\0O*\\\Wy\(;AOܤ\c@V\5{ѽy\6!k\\q\\rRﴣ\[\\s+Sk\-\a\>L\0Z\\Zkp\:fi\CZ\¦\vc\_HNK7\vǥ{ݥ$e#\0V %GECk&y\ؗX\m-d9\ʝD3?\ۑqVN#0	]G?j\Z[\1\ZG	M2;\\E\R\r\*\Xʨ\`Adad};\r\?\生ٓ\\n\\ӎR\\\\\4+\ufoU,W @\yQ׎\\*\14\EK!.GL]=H\"pUX\\uΆnW2?; ΨzntM\ns\'oʢu,l[\UϠ\\XXOG5Sw\\\sTe\ 4nqM(\4\H?Q.\#\v1I\9L8,ɍ\_\Zv\!TF \HU\\jR\L\TBwnθ-P\\6\\	ic;Y\n\ry\N\\W?~?үuG=\\`eq\'\D\RQ\8\\\\\ni20\0\\\\P?]TZ4\6\\?ϡ%@k\6D\RDW֮#b\\~$\nO\z\"E\'\")D\q+1\\$\M4c\&O!\4_\'e.\4E+qE\z\n\\hd\\\yD,1\_j\}?V[KXc\\f{xPV\ѷw9X\`\p\4\)o,/l94\\FH\\I\-\Z\\G9yXϟ\\:\5ݍ\u	M\8\A\;{>\\n3ܒ;WlCGnϾP\ra\\y>W:\H\iQ#8\n\52p#ԥҲJ\<@\\,[@Mn\x\r\"sQ\V\L\\\*\\h\N\F	۰q\#Ҏ\k\0-$\(E\!ڳW\]\	#Ep#\BAǩ\Ì\^\\氞eip]\v<g\\3X\\\Z[I\nWAǧ\:\\n?\\<J<HgGtBd\n=rNOjrߤ\+.qǏBҊ\Aݲ)&N\\\\j\KyE\\WpRUb9\gK\sF>[yaj=\\0*\\c\cFY\\\0١G\l\]xIq7\ɲhQ\1\Yު\\\[WO\\R\3x\C$ٷ\cJ\nɧN\\"2\$p\\|vԸ\\qI9w*q]짪\0ux.\\\H\{U$4r\ȯ^\`\\vc9*\\;WD\j1c\4\j\Nf\j<͠\pr\n\ڝ\(5\ZN\!\\k1\󖘗ĞF\\Ŧ\0a(\0ZhұXC\[\niY\J\4\㹎?\#\0\n1)vG\0t\0-0\F\C(4ˮ\r4W.(\\*=\(l֫\5]\ĺ)T䏞2?:GMu.lm\\"\¢~\Gy6\\C+I.\\\\\5Sq)\9<r{\GNuA\Z\cL:6\}*~\8g\<\p~),\x+\>Ƴ-M\Z\\"_s^\\\1c0^8\" B8\\\#d\>u%&d\\'4&e$퍲S# T\0(6Ʋ|9$ #\JI\-\\A|\"\8ڵ+F0~G c\oWX;AB\	>\\\nHʻ\r@#\2qϽBKbC\8\ݦdT\'px\8\\.\v7\ǿn\]Q]P\7\\DE;c̓\\V;Xy-\\<oe\c@H˃JR!df_p@\ܟ.MsB\s\\Z	\?\sU1T2{\rxmS\\?֤Kq\#S\rP\0sڪ\})%#Y\n\cU$\/\\n\\\b\DY\4rdh\\8\|\\)\+1x\0;ֹ+!V \.Ɲ$Ԉ[ʉ\l0\rt\t\ԭۋ-,\\\gxhܒJ)<\o~\\׿~\ZfjrgR\\\<\nZ\K\?Oǐ\\Z\]\\ǁ-{Y\0RhG\\t݀\_\u*	R\"1ڒ=Lc\V6\\\g#E9\\zA4{E(\\[\\\mG\0*\\\b\\~\[m\Q\#\Tjm\\nA{֛i2\\}i%_\/\L5˯\)\aC2\X1&b\@\\%zO\0ȏ\\u.j3\niz\"p\8\\WOi$[_\m\n\Wwe\:CI\-6L>\dA#W\\"v=\\\*p\0^2$Ϡ#d\eoZNF<\\gckp\W\\U\p2\WA	_\Vq[#H\0Uw\GU6\0%1HU_.,Rn|)\\>\0\[U\.[\Xjh\\\@&\\\r	u\6뛆fQ\ƨEC\0hyc\\r\\0_Q\`\\\'\)m\\[<juSR\+0N\\w\\8\B0s\)\\\\\UA\]`e\"\rŶ(\\lV^\0W\wyA$y`r+\'ytK\\@{R#Օ\\'hT(Rl3R?\i\\(\{\Znx\.Y\\%c\I\\\Oˮ\](I\"\2\~y\!NUB\G8.	a\0^]\,NI\!	#\\YMOL\nA>üO\UIe\\r1~u\>\N\\]\\n՟qJ\0\ԛu/\F}+\\d׮.u.՞aq{ws9bX\\@=}\@\î[\\XE\\\JG\j\\ϓ\]5\0u朎\T\{2}*\\\=\Y\\\TāWҕ\\\ћv~G\I\\0Ҟ_4\>7\NG\/\Z<\\\0\'\\|\\\Y֌}\\0\0,sM\\&ܟ\\tnҭ\\W\hV1\c삡KanZ!\ALhX\~)g\ҝHH+R\:\x\ᵗj]3wa\xl8Bۻp@\5\W\\\\\P\\aWIƨ`9\T\\wzW\"\'c\r=AO\}*TH$nh2\\%M8-\}E}C\+\0zb\W,P\'x\\t\eE\\l8\'\Ҭ#1X\\+\\&\(|C\"\\i\\樮uH\2Ī΄~b5~KX\\!\0cIq\JP|s*NIe!\\\7UH/\\n\ѯy1\\'2\\\\U]\M\\\\`\0\\҆(YCi\枺\\Ɉ/Ϲɪ\\;\0\\\IVd\Z\\Uy \dnS\+9{\H	\7[m䫑\jS\Z\\\y\G\j\\hm\\;\\\\0櫵ODP4\'\\\\]\\'\\AD\p*\\\\\M\Vl\\"$F#\%\\D\\\\A{\Zm\\9\T\w\\]\\ݥX\\8>M\z!@\O\~\H.oSj0J6\\\/sVb\f\\y\T{B۷70eܞFA9}<9գA\\Wd\~tkibw+\G\s,wٖw\\u\<ŀ\\(\0q*[\"\DP\0\\07\\\\\\\s\5cmn*\\\nF\0S\qJB\'Ynj\˜bn,\kp=*1\'9\a°\j~\rKei\w`\+uP?h1?01\0dW\\4Hi\oj\\)* M\\⽥\g\K/\\>[\ߢi\XD\\Q؄Q\M\U_t֒\ kA\\A\:\{5T]\\\0\\a\\0?*\\_-\:vגO%ɌH\	\\g\??ƫ\C\\F\8\FdMǷ\5\[\J\*\ނS0?R)\Z\\d\0Y~#դ,Y\\qGU,\$*\\j\'4\?=\$	\"\\L3$+$\n*G\Uޑ\\\X$pB2\S\աaRrI\\zIj$V}\\\T\\YUԳ``\UM\V Hm#\I7|\\KV\I#\'\ky%̡y\@\0c\V\\I\J\K\\\0#\\\Q9\0\c*Na#1,;w\\\\$_\VmVK|K`\\Ԟ\ \\\\p\:\h}gp,o;K\bT}>w.\r\\\\\΀lu8LpJq󮣠\>%B̒K!\\JTK0*\W_tͶ\w\;\MџOc_?:EC\.m&]H \\\\ t\_gN\MXG\;\xt\>\=AQL\\GU\\\\c=q[\ڬ\SqJB\n:(R\+\9\\.!U\\pj\\-\r?k\*\\ q\j\na\\\k4\\f\\\l<e\=@ݓ\\[UkK\\"q\\Z\\\@\t\\$\03\}I\\Bq!F8\e\/K\/*GLq\\~k\=O\ޫ<jW\e\]η\4/\?\n`\Z\\\W:4W\\jA\,P\uI}׋n\m\/_K/Q?*7M$2(;\R\\\"ۮWgY	\n%\'t\pO\R\\&IZ<\%\0-\T7wspۙ\0䁏\xz\\Z\\)\!\1\M_Yxv{@]FdH\\:C.\\\v\HU9\>gһ\\cK\m\5}q\\a\\8\\\0*^\%3IOÖ\buή96[$1Ȭ\-Q)y\0?Z\z\X\\\\\z\\v.\Lk;>#/\#O\D\\ԁ֚7n \\\ZO\$?\GzJ~!\&=x\0|h\\r\;\8:\\M|ǉôv\ok\\\a\)Tw\\׽zG\[T%\0yf@>ղLQbgSݱ^/M\\Һ\\+g^\ؑ޸\S\b\\0ew6asֺ\VX\\\AҞ\4XB\pO,+ۺ}\\\g\\s}RoYK\=\n|H\\R\0\cY\rW\\}\M\\0UYf\\\Z\\\Ty\0纟s\\0\c\_r\!\0\\ZU\\0U6\BgT\0l\Bx?\0UuCxm\\OK\\cqY\w\0{O\\\\@\*A\B\n*6k%\\$%`\H\ڈ6\\u\-sf\'(pi	N\eYS \5Ywoު\\S\\ս8\zse(\r\\ƾ\w~u\\nl/.e8\\|q\漽l~}\k\b-=_\\'~R\ԐqO\\/YG\\GOD\_.\2B>ឦ\\R\Pŭ\\W\\`ޜV\"KiZy\;\j]\0\\\ߟ~>y\3\q0Vr\ TcL\0\<\\O\#\>ԛH\c6\Fи\iWO\\SW?y[\X\\pВ8\~!Rt*yi\+ye\\s۟і\P٩\O\\n+\$&Ʉz`\\mw;Ygb[oʨmk$\\X~\ɍ_}>uε[f\Fsf# ?\Y˙IeR\8\$\+\J\(\&=58U\{\\0̨S\\\s\\0gj}E\!Y%}̀?/ZnLm	֦۟\\ ̛v\\Pnb\'U;p\/\*N\f+\rAWu\\\ڥ\\\$ٴc\\i$wW\Ga\0up?WNAwӐj(I\\y\nNN=EX\\\\q\\ȗ.\R79\\\\0x\Y7\Du7v$\iy\(^p\آ1x\\n\qim}a\Zp3\I.dR3z\"ܥoh\\1oc^}\z\0N\X\:Tmn,\\<Ųw`<{\)JI8ʌEу+\0C\{\\PB#[=+\&I##\q\\\}\eRņ8\\l^mo1P2\\j\X\T	\\\A\6U\ƞ[\\8I?\i\';?j=*@\\\n\\j~\ZUE	v\НĲ\=<\޾9\ŲV\\{WI}\+ª\\$(#\"N!\p\\˫\\"\\\\0\^N\\jsLj\\\\\\֯mk/0I\0@\{ͷ\\< q\nG1ʲ\	`DK[Oq\\\{KA9\\\\\\\\y`y LޟR\w\ėW\ZnӕI4>lLbmO1\\\t\<2ˏ.NrU֕mo.DLkC[\nuS\⚾\\?yJ)!Q.IU=S\犮\~H	olnC[9\w H\n\~\\PM\(H;q\\7EkfC\\nn_X\\Sշ1=\֜珀#\!L1\ޭ \	\6+Me\Z|\E\dS\ic} -@e_kcŶ\\?\3K~i\v,7p?B*BC$jGdz\󮟧\\\ZEFN\8&>i#U\+\U\>1\\\0\n\M\&\}֗CZ\\R@\׏j\s$cS\g\#\0v\VjK\(ޙgu`{?/\7\>T>^\UGhټ\\{P\#7\Zqі\J\\\n%  \Ix\̮\9\?*%\i[\\\\şZ8\٤o\\Xcj#\\c\\'\'۴t(P\{D\-2k4C(\dh\}H +4hv\j֭}l\ciIy9\(U\0zQm\0EU^Z*H?:l\\0\|\\\0yMU*]s\<;\;\\r{CT\"kI64\\_\i[\6B\\@?½\\r\\ýN\8̒\\\~\p\'95\\YE\	6 \I;\\\\\"\A\\H\JGZ\,bRb\?Z\uX1\Ɨ2Fr\{=\\Oxyq!d9)\XO5ۂc\d3\5J\\v\\\\\ٍ\\15}\7W\s]Y\"Qʓ\~T\\n\\\G_Zu\bLVç\\+fbGʺ\Hi\A\όw\\0>\r\I\UeccL\l-!\\Ƞ\0`Ҽ\\\\jBQ\9>\\\S>y\)\ֹ\~\\\*\=WH\\\C\\V}3ӓ\U\q8$\Z\?\Il-ጪnb[v\UKғM\j\\\XLS5\\r\0\-pOI$\"H\z\tOW]_%\[0{1\@\~Ժ6\\\\IS\gS\Y\)/و?\]cE\+8<~\4KϾ\#3p\\wCmk ى2y3[+\r2\08\UY6_[Ɇ\\o\\M~ѭu{G\^ɥh7\0\?G\H\\߱X8>ܩ#\5\#>oN(\z)_\݉N\R3\\ڐ\0\\(ܤpF}£Az9!\(A\U\"=+\\\\^\\\\\\Aї,\X\F\?~BCk\\GB\n(PQb\*Kniq[d-M\\Z\\*\A*}`\ߍ]Qm\rFq?\-\\\\}\M\?O٥ا\\[x.\NN\\s\rN\,P뽑I*9\\\\d0w\\\6R\\\D~\\o=\6j\r\\\-\p<z\T?O\\tּ6\EBͼ\\\?z\ڮ_Xhp\-\g%\\2>X\YI\O=1N95\4-CK\z9m.L>|3o\\\\0Zya\\0g\QR\du0\f\\\ZNSE2w^\=t\\wiu,c\ ef\᎑+\Y\FX\'\g޴~&Z\i2YO%rX\\\\\L:H\/ך񟊚bbFG\ǧ&\ԶeaĊ\̯\r{7c⒚}\\\\:\R\&B\\w\\Y\\Ԗ+\72\	$ϵg.ؐ;m+\W\>u&\QiFf9;\\\}?\7;\O#Rܺq\\\P\ǸvqI=?*m\E\\\\0BJOT\:\e1۾;gt~ѵV[{ű8\0\tm+D#6\Au\q\޶\g\\\nq^$\\Ļ\I$Y\p\G\qZN\\'\V$ɰp\3\RNEg/Y7\ٓgx5\\ˠ\\o҃]\r\r\\0Β.B \FixSA#F\\d\\4\x\u	\9JY9ȫ\XK\\o\"̛x;\`E~|$\\o|0\nRk:t@YO\\~UB\n(P#4\[\b:\'\_\\c\JdM\4\k\\g\),<\\\7[\>\ϙ\"\x\n\\]\\)cK[I\\\r\\rCe\If<}*5ׄwp\y\Vͣbi3uF\\E.y5Vʪ?3\S\}Q\5(W82g\?\\\n2m\}3\ޗI41\'\\ \\CP\]Ji[Z4[\\ y\j=\K_PP-\	ھ!\#B\\\\F3^\\\#\#v\T\\ޞ\\u=\36O`8_\WִV\Et6GyG\n\O(\\ߚ\Qt\i$](\b\\\r||v\\ W#\E\\\ղ\\sV\\\\nnn{\֬!\x\B<pt\M:ࣨ7\\Z{m&\YYVfO\\0U\\b\A\\\\\A\\֚\̰\r\|_Jm\l\\\\ڬ\ha_-\`?t\\5Js޶]7ln\\"T\N\\{+}N\-1Ia\!{nŎ\S\h\W\ۃg\ݼ\nNO\\*yI,x4\0g5q\c7%?Z#!nwc\)N\\9\\9ϭ)	⬴\+\\\n$K\\\'\P3<:Vof\\;#U\+[B\ё\H`\\a)\'\*\n\OcQy\7\F>\<E\\\[\/luw\r<\/c?\\\}6?@hj\BCi(o\\+\ӊ\u\\\Lt\g\+\_6zJ\^\\4KrV;P7\O\VgT\=6I\u\r-\d$~lU\\O{\i\\nF\mQ\)DK\r7\'#_g/\\c%\\0\PM\\r\待,\媳!\Mxk)\"y\+ף<!\\煤Ef\\"K\11pv?Fь\qZ\\QC;ǩW\n&_3\\r^k񇧊K$\&FӪJ\*?:\j= ׃n\Ϻ\YMW&s\\\nmH\\Ȅ<bC&\bj\#\0RV$v\S_t\;E~\2\\\C\\m\\F睧\kq	Gi\ӽ?Z\uq\s\.\B۷\k\VN\RD_vw\nB\\\\K\{{v^p\\/\L\)(1pg\C\PI\{yM\\s\[}I\0+3<r;G߀?\0ѩ\>\G\ZCw\g\iH\Uv֚\\ʬOЃ_{\Nf\VHïfʎj\n(\PB43Bx4e\|qӮ\n\i\ap}ÀI\rtΞ6MѢ\Fb\ڌ\f\z \\\\I?A\YLͦ4眔v\u\<ztKc,%\I ~g\\\\\\\Z\\m\\0fL\#\m\r&F\Ύ>\\'l%F\\~uuu9c1\\\\A\\l]f1N\\zV\J\\n#[mٺ\Z\E,\\{\\Oi\0`\u\\\0ۂM^u\"\2q^}\\/;$D+u\S>\\.%wG@A\Oj\͠I]Ld\%\nW\!حC\++CD\\bg\n\nOby\qxscEm\w\(X\T_v\yi\QQ\"޻j\\@\qdV<U鋛ˌ0\+c\,Vb\v\+wa\Y61j\Պ@a%$\q\.Hq\\|Q\\a\\~\6\\tn1?\\\s\0+t\\"ǡ\\\Z\>)\q)JC\>\Q&<Q\\ʏ$af6MIY0FIdOuο:\VB2\-#0hfw㓷?w\Wy\0yf?4\K87VK\\\\r\R$\Xw%\Ƙo6~-[MA\?֚o-\\\\%O?\\\֝%FEɺc\0\Q\\}O=a\\:ip\\by[\\0Q\\\comG\m\0\\\\^#\\\\0\\\0\\\C$\Cڝ\0\'\0WD0\\Μ\0\0$:~CR?Β\iω\ƣ\G\)\\0\/\?ʛ\0\7\\\\7J\'H\\W>\]S\>%\ZF\k@KujE z\\Z\0VF+_bDp\szI\u\^FEV\J#X^تO\=Vݛe@pJ\k![*O\\nG\X_Z\\LC\0ԩ2G\~\" \\\C\n*yʩ?\%-)\yM\M\`\\\=#@w\\n\*>\'\U\t\1ls,YO5x\x\?v\\0\pӼ>\v J\ZB\\F\\5\:LJmRa++$jqޟ\اGb٢~T\Ǒ\iS\\FuP\F\rcpW\h\馺W\\0\y\b\Z!ߎ*\\F-yaX\\\0}]\\Z4\K	\T{քZđ,\)ASqO\?\6\j\"eD\0v\r>\dg\?Jp\ϒ2\\I\vǔyw\\/˩&\\=K4eXZ3!o<lz\}K6\\`[;Mnw\\\5厡ԟSծg{\\U{n\0P\r󡻚<\\X\\\R=ӽ?\\7\/\\z\\}J;i-[r0F\\0\3יe\,\"#M\re\0J\]l-Z\'U\C\Zp;\<\0,ԓ\\\3\ݐ54ʄ\0\)\SΛm\\\\j83F~/O\OE\Զ\ҟP#⹘d4\\\ŉ\ٍ76sc\A3\Z\\n\d5\"K+\\?\b\y\s\\5\0\K+\39ōNi*~FW\6},\7b;pk\;2\\SR&>@\Z]D`\\\ΜT.\\u4C\\\sE\{jc\\X|/\m$p?2X\۝\ cg59-գPp\\\=\{~uKv#X06ʄ\\U%\u@_E9\\\m\\H?j\Kפ\]v\r\\J\B\\\'\P\>PG\\\Mc4A`>?J\kWmgnY[#h\;\9A\Z\\W\"5f\pF?ְ^Y7R+6g\Uvj\F7>8$g\"7<\3\5|7\S\ڹ]Ɨp\wuU\\.\\\\Eǂ\Ga\K{&e\\$uK>\\ԩ̞X.\ӲB\\׎\Sp٥\ G\jmmr2]@\'\3Vg\\@I\2?O\-.\7\\/\ߞ3ǽQ_t\ԒTE\GұZ\TG\ɿq&\#G\"r ~U/Ngye\ocҳ-[ǩ\صN\\0\\=\ǅvN	C\;ϡ\Exɛ\\\\rD;\\Qg2\Y4\\\q\q\n\\'!O<\Z\\9<\6e\\\[\v\\\*$\\9q[\¶\T\F\0\ڑRy\1R\T\\au\Z3`L\5[($A\8DM\\Z9\\Ze\#eCsھ\"M\\\p=}Of\3T\\\biKU8nBġ[y$\&\\	E߰m\\ z!\x#VK,\~2\\޲\\Rƒxly\'\#\X޹1\$\0\(\0 ~U\_vg\,57КFד\-c<\\Z\?\IA\0Hn9\'\\<\m\\rG\E\\2\\߸\#[\mTƜĞ}af\s|\F P\P\\8]e\?_\8:\J/\Z\0$\r\܀\0\*7PkZoW\\\\*sk\\2i\\J#:\5F\\MsלP\z>\]\KV#\n\\O֙\.\\\\8<WL\⸍s!Ͼ*\\O\\\1Bϭ[C}nɔ	AM*\_e\7>Ĝ\n}ZX\$-G~\0@\\(Vk\"A\\Hbރ\^+Uv??\\Z\N\x\0?\ҝs\Z0\~Ң\Kn[-rq\}ι\\7I[y\/ܧc\0~Ex\(g\"C\n1\(\\y%Hv\\\*qU\ ǖ<\\6\#\I\\Jr2nёI(\z\\;\AIw\n	+\>\zm\E?qH{#+A$\b^jZHr5\W$\\[CX|\\Ѧ\H9?\E}\}<i\Z\Z\\n\\h\YY\+(UD\k\%7#B_Y=\\=*Qm\8oJ\\\\rn؃\FqY\O\7v\uޯi.]Y\\\Xk!\]ɬ%\\B伎\^\\E龚W\\\j5mv?.H\PN3TjgM䢨@5f5nx\H#Ֆ}N\y&zw(K\Il\M^u)m̅^@`}\~o)\\9\j-V=.6O\y\ίmEHI\Z İG[mQx{V+ŽWK\KT_ۄ;vdT\.她RKoV\v9WI\5y\"EO1֚\\n\Vv*@N\\쐦@\ եW6Fm\#SP2(Q=c\*\ޣF_a\n+\{{sT2ߕ}7$|\H\[\zeE\\ҮUu\rnH#ҹ\z[m3\}M\M \'\xd\\Qg4Dу:1\4\RQZ\.Ax\rES,gޜ\$/$Ҿ n1?:\\r)sG5I\\\\B\\1O\8\f\\3%\b@K*4\21\5InR\P\Ȯ\\\\;ԐYO\5\\'X\ا	^<n8GNvI\\>\Զ\\jNv\\\Z\\\\Ksc15ֵ`\\ư=K\\*q\\\\w\'<V.\\Kە3\ky\}31\\\ȯC\t9@2z;\.O?p9\\Rk(J@\?\f+$gb\uΣ\e\Pɜg\\bB	;\9.2\wjZ\\Z@4\mof^{\0?jvk@\\\ˮ\㙐7j\\\'V.>\\JMsO\\ZB\Ň\\k_miub\\V6W.r\Z4$\j\\傍\`\\\[K-IBw|\Z~+(\\j\\TH\\!\r\,^rF;UJ\S\"HW\>\\),\=\A\\\\\5S6mח$\'yd`;I\Ҽ\\Ϯ\\\Z\ͧ\6dBBI&01\Fk3K:K\\rh\P$V\RjB\B\GL\\\[h7l7\vp4;\\;s\ڽ\\a/4/Y\Xm2hKa@a\ddOL\Z\j\0<6\\I\\_R;ԣUcI\є\0U\\G\~u妑UR%m3|^3BA\\)peH\/\qH\\S\\\$qM\`\\\\%(O9]\;\=\82\\u\ׇik\mg\\O~\\k_\\v\V\n<̓d\\U\=\\\U\\!s\M|<#\j\/\wq\\z\Y\kz\jBK\D_Bqk\Ҥ$eFF7W0׵\|.{\\گC_F\G}\\\^\:V\\eF0=k\օIGg\?*\\TjZ޾\\\Z\<\W\ZӺfaq\w(\q\3\V\?v~\1_K\\n\Za\r\\\\0\5ݮ\, \O66\H?1Pe\Z0`\j!m+\geYWKj2ry\\_\*k-zr\F#3s\?<\mW5\q\w7\#tQ\Q\I76w{<{P\\Z\\HA\\[xa\'8\k\\C\ q\㊠.R\J\rWgm|-\\*\\\Wg\N\\xم75\o9R\A\N{U\8c\}\g\yev\\}s\\\[}\\bk\8\Ey4\(b($с\(\\Z,w\\]3\W%\\Zn[\	\\/bT\\\w5h v\eqj/2\\\.Ȼ@gRHԀCI\\5\u\s]\,ӥ\\\$M#:m	\#2\=\\٢Xj~7\\"l/\)y\\d\Q\d\DǮi\\\\\MNh\\+ \<\\9\.\\A\\\1\N[͖k\dqM\9N\mp\k++	\tk\'\\_yWl@\\\'\\bd\0䃌\W]\ʿ\9\'\Y\GPm8-\<W:\}t\\0\6p=>\\ֆ}s\dObS\\\W}\K\-\\l\Co\\{WW\Xp\hl,I\@\犤\3WX\9\\<ە\0mRG|OxuK3R_?{wO\Yu\\\#bBNAlr9k@<s\\\7X\\aezQӁrq\"P	\ݢV\\dl\"~1\O\o\F\\%\\d`=H\^l\\$꛶4\P{\XoRI<v+\\TeM\'\\\U=BaD`D8\\\\ y\\\|}x5\\3$j7\0{q\\]9\X.\ّ\Z\ɷ8F\\0rGo5eB%\'\THX~\\Z\r0qF?:\Ώ\0g\\\˙qN뀟v~U*\\\ȫx\d\0\\\\T)\\W\\\䮙\\\˙|ך)Dbu\n=\3ވw\'U-9\"\\T5Op	~Ј\\߽Kc#\k9H\\Z_T\&yC6sޞ[\\\0\nC\\l\`aD\	c8\8\\ZH<\\=&\E\yW`\\aKi2+}5mC\4\c_X\\\>^P$$q\\m\\^T\0\n`pw*ЦL1\\u-!w\r\\\ޘ\\d~\~\\T\s\<r+ZF\'\l\;v1\WG螭ѴSI$UF[F\&by\\3Þ빎w/\衵M8\u$_w\O2cC\Y\\V\.\tV\"\Hu\\\>b\\\' \\\[e\o\GKw\E988\\'\Oҩ\i4p\4RY\\\Y\\\\ \$\\=Vw6N{\*\T{\;\U\\NNH\\I\X\\c(\\@\[\Ԉ.$IUYd\wz\0\W\\0_]@\@29\}1U\\qgug%zdy\>wKup\U\ciq\"K\"\REU\eNK~c\\t΀ҵ\M!\'O\"\|PM\)c\uQ\Ɨ\LcC}~\\%]=\{\\\\\<~\ℒ\Q\߽L\oK\"\#\qQ\\\\\y_\S\UiV~lˁ\Y\\k\4(PBڅsFd\yզ	\U\\]\ssV\\JU\\\jT4J\'!Gʈe\JRG4R^\ژK`ǐ\0	=\7\{\yw\N	~*TO\'\~j\\~+\\&\:\T\^\ԭ*J\STѾ\"qTz>vMAԮ\"hK\\\\\0\\\^\g\ԭ\^\Dek[HV\&\}0[$zs+Mg_k\Z\h$s\v\ҦY\^\<\Z]]3-¤J\Swu\\=\\r7VjK\[\[\۴GgH\\\r#^0/N䜶F\.6\"\\4ڥ\\\I&\06\0\k\-\\aG{\eFrOG\\`\0,GtlӋ\9Pyq\<\Cr6\\V\(,\JS\S۰}Hyr\\\\'X\۴s\\\\u.@\@\\K}Gύ\X\rg#\0\/\\\(i\Z\\	w\y\\;N\z\5#\2\"cη)\\%\\>\ \\\Vk+\\'p=Ǯ>.\\"\)=U܇*6ABNʅ=	\x\\⎨bm\A\0?\5\sC41B\\dQ\Ԯ\ݐ+\\NY\n\\\O\\w ڻH\'i}6\sqRU\Tgj\'R)#/F\8\\\Ze\ZZ1Q\q\8\?\|S\" \Ez\{-\xd1\\\\w~i\\]7gx\r\+(\}\$08\'\Y\\ʓ؊\mQ!\Ԏq\^o\V\P02.h\\\\\euxi\c]$$\3a\5W%\\F~OדE*#tS\OpLgd\L\0\\\\£\$\b\/\j[a\K\0\*\0\\0\5g$d`\;\&\\G\0T\\'A\\Xd>\\w2\XH#W\\\\\\Ygy\\MIf\<1\\\ )$sS!H\'CS!hx`B`\0Q\y\ߚ\39H>4\E`1\f#\\I\\Ux{\\\\@]\Y=;\}-xg!ݴ8\'n,TA26;\p	s\\Յa>\$m)\5U\L\\1\'\0g5\Ρ\Z\/\\\\gyH\\\\0Z1Mhf(z*P8gц\"C\r\#ӚBpid\H\m\&\\e ҷ\}M \H=&W=\O7\\@69Yw\$\\M\Z\[֛\\J\\x\0\\t\-]3}Z*\\\~\\\+ue\\=b8\خ\?	\n󇊚]\7\Y%]\\\q^]\\V!²AA\2+6\'2)\\U\\\\0\v5\,\}\ʈ{[m\WO\rM\"\0\\0v,|Yn\ƛ:\0xi\JBd\ngLuS}\թ\^݀a\"va\֍\Z\ɲ\~cɨh]\(8Gڨg\eS!ه?*\\(h#K\\ϭ@\i\0f\A	*\\ޓ=\\OHf(G$won\km\(R\'\\G{\\љ%c`9\ژ\\\^]\z۰F9\0\0\nݔI9\H\Q$\U>ZRޙ9\\4A\\G\wƯ:N\?\"w`\n?:\|\V\Z\O\\9|D\0 ~#\W\V\r\".\\\\\\b\\h}\h\\yl\\W7\\^M\\AL=\xX\`7\^7=\\\n*c*tC!P~|QF\\\/qr~yP\0\\a\4&&\\'\n\O}\#\iE)ps@2)P\qD*G:ſ\W\\\r)5\0q\\\\\"\0e\0eG\ʸUͯ<\ \|\k\r\@tr\\V}!VLi\BFG\\xۯl$\zP\\\n\'<\5x\0dp\V:~$:T\0qȪ-\Czbk\}\n\dBWN\Ǧ:Z[IXH\\'\\u͗\\x_\u\s\K\dWX\΃\\:^6\.?Ed\\ޜS\c\Y\#к\\\\LvR8\0VR\\EOh\`Us\DҰ=Y\\\\-Pmg?_T.헡\nQ C\1t\\\\/,[(\şs^=\\\uMF\\\1F=\j\\#\Sl4n\\aH\-a\V+\H\$p?j\epqW-ɨ\ S.3z+mDeQ&@`BEn\\\G#S\A\ԋ)|`s\S!\ zW>\V\3i:$/O̟\b6#\\07\	B\n(P\\n<\\FMtpM\'wPG*ARGϚ#.\\0\A9 #\4\Fe\@9\0Ԩ\\;qD\\g)>g8\h*}H	Sz5<~\\x\h\Ӂ\A\rUT\u\0j\kH-\\(5\H\F+Ͼ:t	\ίE3D[S\\+\ۅEogn\\\E˃\(O=@Դ\EIH\<ywƯ&\\"w\}\\ki \\G\\0\\VH\\\!<rGi-:r^XR=\u\N!*\\^@\Ͽ[lu\5e{\\+y\߉}Eᮎe+=c G\\\\Z\?mh6OaqOmS,1\1\]pϱRu\\;\\[\j	Tl\\\\\\\>\4\\\(<\q<0\\I#\'9\\ڶ\{\oX\ײK*م\͘\\]g\R\.Ѥ&R\Lq\3\<|\\w*i\\e\\ȳ|G\0ιt}\rp\a\\S\\\?Á\Z\onH \Ej\`@+]h@DI \U\PӼ:\\4\\`\\0Ta\n\\\o\v`\SS@Xa\8=  \\};wsmkoa\0\\c\׉<F\\\\6$\'?_C9@z\4(PF(\n\[\$sCI\E4\\\\$JW3K\\\>iK\Ms-\H\ҳa\\h\)[mD\\\\\P>\_u\hF1l~T^=\\ZuIIyA\lT\r\\ּEX\\p61\嚬L\B\m\7m(Eo8c\\\kXEǸ\\r\\?Ҹ\6E$cM\4@>\\F\N;ֿEң[9\B\9C\3-\[b<\\0J\\ik:\2P\f\k@4]0\\Gp\\Q\\\\a\v\4&\\M@\\GJ.\0;GXN\v`Jѣ\\8.ݲUgP8\e\\\\\jR/j\\\\0\\]\\\G\V\F\a]\>(\\n\%G\"\8\Y\I\s\]Ţ{R̡݆>.\I\31b\34\ˁs\2uH\·\.a}ܡ<*G\cx\09\\\nB\n(Q*<V\GDX)(\7|\DzS@ǥ6$9\.\H#$ZK\) \ʜ^~hcFs\iP\ލOq\\\0\0_w&A\zR( زF\\r\W|\\7\\\ͅ\0>\q\y s֫kiumeEJ\+\&חj3|[w\\\0O*\2۩\y\z\69ӢBf5\"(\.g\ǭ]\\\vDJC \\0!Y.\{{թ\Y?c1?\픖\W\ZS\R85Y\"m߻\!\\\H^;\,yV\\\QNO<\Z׻jXT7E\\\\@|_kk#\n{=\j\|\nN\ |_:\%X\.N\zǖ\3\\ZxS#\\Þ\V\t\Ir\~bm\\Z\u\\\\OF\w\$\-.\K\K9Y\\\ﻆa\\uA\\,434`\\PȡB\n:ٱ,\]Ѷ$Z>q\{\z\H\\\{\\\\'C\\qA_\3\4D\\'\\\R;\3]cKOu6\=aG\}\\+\\#aO\Z\\\]	e\Z#\*\c\^뾟\^\\hJJŁ\ \X\t\D\\c\\bʠc\8->tZNfrz~]\\i\\6I)*p{\\H\&c\J(\ɉ1\\\O%3\;T2 )*\\b]&\\\}*\;\Z\G	(\ɺ2	\\\0\\\ڛnh\\\\`=*\\\l\<q\晧XBpqS\mg\nڢ;g\ES؆\{\\bpG>\Qw\\<\?\nzmGrbt`\2sĀn횰\\۱\0_>#\r;PmSP3,\JF\,\H>\Et&ӱ\0\ZZ,/\\ߋ?RM|B~}ǀ?hmkO\\\U\0\zv\\r1\0LW\X\\\hm4X40hP4d\\Cum\	zCH:&|\"~΂G>\}\ڐ}()~#\QIf&r4y\(\\0s\6҈\\JPXWl5Z\i\s|$\く\\&f\\c\aYq\\0\b8_{ը\0y\\E\\]\.i\)Q\o\g\\Z\QSl(c;\<\k\*]Gt\\\Y[D\=*\K\q\bҤ[\c3f\0STw\'ޥg4\\~,\n*K[\#\5H[M\Z+ =n5\1*ֽ\r\`#pr~u\[*\ 2FrxX\\In\\\nS*\1z+qq{oytXUa}E=q\\J\n\\\e \\TZ\nvFK\\\FD\\9\>6\#)\nWv\\UZ	@a{R\\\\\0\0l\ޤC\s\\n\Wr1/\yL`\]s\\C|d\$U\t\\<\_L\\\i辖\+o\==k\ rw\\יI\o\-\\\r\'\o\*S@>AEy\O\o\-Mu\\X\=Y\\+\r\\\Yx\z\}U\\]K\\U$eǬrI6q@[sC`\\Ra\hf\\\nq\\H\\0u*.ǥl\nQ8\\ݎE\(+/\0Q@&3CjSFj\:K[\-R\r3A\o5BRJ[X\\H\?*ջ\nG\0\ΤѮt\\\r[B&[h\\r0d\\"^,s\\s\Xiw2\h\\P!;e\\\\\\[-#En\\ܓ\?ZUE\:5ޟ89\+\OJ\\\L\\=Kui6C9B\\Y1z?*Q͢\,N\D\7{6y,cff\c \#9\rB\N)M<(R\@\\\\!T	e\$?N\I:\nV\.wzgZ\kQ4h9A\Z\j	\FZ\\;|jq=\a5o:\\Z2<\n\\7ֱJ\\\\\XaN\"\D\n!\lJ\\YT5ñNj\\5-\>\\\*OOt\\\\hpVI\\-\Ynd\0YOZ=6\\㊡Ԥ1c\h\\M3#!\7\<T!\@w\-\<\N[399$\\s\D\u\\\M\'6I#e@!ZSb0}qSt5]:\\\15\\F\T_1\?\ӭtWU\1մ\K\\\\\s\\.3\zn\\'\\z5\\\HأƎ\\\0AC\$\ԺhM9U\\\\l5	5)\v\1XO>ϣf\T\]bF;zv\ew\\n?\l{zW\Ío.\-F\\8gx5oɔ\\\DPB(C\'\\\\2\N\/\JW\ѨȢ|q\H=\\ Pbs\ۓ\\,GاLH>ƜO\\\;1\n;\W/\\J\N\9\ZAZ\'\Z$:\\\6\\\"g#\\\#\\\^\w4=?z[J\%w\\\ \~\mo\9\k}~X\I\\'(QfIh\NM|\^\ާ\\rsm}3\NT\\=\\\\\t6s;>3\\\"O䂣Vvh\Vz=p\\M\\F\\-33w\nޣ\MV򨌨\",ϯ|\\\e7K	G\\~[\D\!u?	)\`UGI^bԦ\\\ZF\P\$=@\\\Sy\\Y<\\'\\\U%Ɣ\\g\qY\rM9\"O\#\r\\$eMF\\\$\\\\*MC\\E`Ssy\\`v˒z*@f\\\\\&\EV`\rΫ\@{\/b\\dl\M\"\犮Ԋ|D8>ҾZk\0h\v6\`m\\_\\,F\\\V\\Ӱ\\\5˼F\\D\KgB\#̏\0q\9\b<:\P\J\7*mmH+MSlLH\!C\.h\}Rth3#\!9\0g~[n\d˭\LݧN=`%#;B|\Ng7guխ\\\\\"%\^y䌯oҼSQ\r+\"\z\1ܸ,vj$oz\nSpr}MKү5[lm$Pfv=\5\:;\5\[*IuE\\\c[ \\+yf}7OR\;\0g\B\}\0ٴX\\n\\0]<=\K^]D]4\\\\u\犐\\\!wmat!\Yl㗌\<\\zW\E\\}=k{\OղN\\\q\\|gd\?\r?\\\âz_\^\M\%冣\_\7\$r^?\s\K\Gd\\\tƃ_\0\k9n]{[!j\V8uh8lXy\\\"*\\m|%\M\/\V\;\&\\v$\\I\>\\/c_d\T9\q\r\\\=\0*լbitL	\qI]\\\\b:\R\\]Z쐾M\'\DuWZ\t\\YYy[Manr\\0\\]Zi:NQE\\,\9f,m>\ˑvG\n\\\"KSGzng(ocVt\\m3\ҁHmo?\R\Ս{\O!\\\7PK)J$\r|̗>\TI.\\Nm\S\n\u\Z\n\n,O\sڳ7Q\\5F\\ûɖ+$?Lw{\jf9\\\Eqh\%79>}\Z\MpN\nW\G\}\<Bޠ\۹L\\\Z\Ɗ%9\\\\,}*\q\\um+\{\]\\]\\\ \\n\n[\G(U8\0⻷\\\\\Sl\\$w\yv\\{R\\J\ԘF>n\NѼC랅׮z^\1w$ze̤\\\\rry\'+ėsպ\Cuy(ʺ]\J\Ǧ	˛-#}\Mn/龱\;\LiwG̟s`\\\;סu\6M\Q\@3\Φ\Ԩ֍\(`\\E3ԝS\\'\q\^\\\^?\:-KX]JOy\Ĥ\I\'aڸWd\S\~\>\%Ae\u\x\\\	]\\1\\\z;[biwc\\"\"\\[$Z&î\\"d\\҈0\ޜbG\g<}\>\ѝ;s\":\͈\m\+aF\\\ p\r}\S\":sA\P\+\+\tm\wsiN$q\Qpx{\DUb-zG\-Y$p\\\?6$փT+Ozֱ\\\\\Ϻ/\<}9\]Ih䙌l}N\G\sYikB\Ğ\r{\H\a\'\n\\\~\uXcqa3M,c\VN0=>\\נ\e\/>\h5Ι\\"LdGVv\+}\U\\\\\lڻ>8\>ɶ:<gRO*3\9e\NZ~e\ȃIdl\0Q]xC\\\\\\jg]6\g\Q\'+(p?LVOX\\:\"	%\n\{dBZ[iݶ\q\d#\\\0\\\oWi=\\RӮ#Z\r\27q\\L\s\nKWS\4:\N/^;U\_\_\Z~\Q\?h\0\\"R\\f\<\\\\A\\i}E\lݵÏkuwp\eu\E\##\i:\VNͷǽ^Fb\|{Sr\I\;v\\\\\>\\.\\.~\>S\eyl7/cu^+r\Y\ 0?1RTE\Z	K/%ϭTyL#e\\=}U7E\\\qa\\E\\\0j\vUc\dq\\Pծ\z:7ꞔ+R22 \0q\	m\\?=\x\\\@\0$]\308\\KT*c`\\zf&iwn\=j\\؞\\VOS\\\gqg֣G>\ǡW:\Z\\'\X\o\,#N={\_Ul1\'ҧ\/e㷌6~\Z^X\qOEeys\,	X\3y\O;\\\Zg(-\8?rS\X֦W\M\"\REYս`>\0\\\F~sН?n\\\F=\\\}?\6z_N[0,aXQ\0\\+;\Stދ\0kvV\aW*pJF\ \<ך<M]\\Y\ \\7W\#I\9\\'\9\Z\v=\ŦX\\;\Z\r|-\Ou8\\5]J\0+ؙ{g\8~xO\\G\-\5]_-\Q.\\\3\\6>\"\0eNޅb\.\Z\\\\:D\8݉\'\\k\[~>\>Dͭ\/U\u$0\\\|?ּD\ΛٛV;b $s¨\s\2H\\f_\'\\kA\\"u\Aa3c9M\Y\Af8l\\u\N˧:Ǥ\kPD\Z}ԍ{\y8_\\]\R\\\-&0G͆1\\\@\ܡZ\\\"\\p\\P{\^\\\\*\\If%@<[+ж\go1Ɓ@\\0q\_i\0%95ގ!\x?k.\\q\oJ\A׿g[R\$Iݤ\>:+r\;r\WK}a\RA\n\\|? ֯n||\\9~\_M*.\x\\Y\\u\Zd\[HYGI\\-\OQZ[4\ھ6c\r1B\\0,z5i{\oN\ҺG\\׶Oqj\q$D\\\5\߶\'\)\ꞑݨ\0Eޝ\n\.N|\\\'$z\}NY\[鷚J_^\wl7I\n8T$Qr{\n\X\GB G\4X\\\FF#Fo\|IG\I\#\\\\{\\Rl\Zƈn`꼯\\\5\\:cXت,\'ނ3?J\\p}m+A\"\:A \\0\W:\d\0U,Ȫv54\k#\@\`ޟ°\Z\\דm\锘EUe\0sZ\	nD0\\\BT\3=^w/_\\Z]#XYP_\In\\T9\-\3;d\}\W\\vA\rA\j\G4$\0)\Er.#&N\D\[\;\\!Ƿz\__HҀoŏZ=Ėљ$\\:\\'+\n\\w?Jd\0|E~=\.\\c+{|\\6\"\\\n?3_I\\6\\(ڽ\_Mt\3|X\\c\\t/2\0\\U\\(x  \rrn\O|=\JkS\\ZojKGR\qA/;\&[t\Z\\Z\c\Q\G$\*WToj.\;5\v𾅗\\RxuкP\{tg \\'x\\;B׵t[\M;g\9`T.N9\z\ίj	4\\\#	T[\zS*4\n\5mc_\0K\"CB\0\\\A\/NI&ӚEB$1*囹\/\0iCcKhpYj\%69#\\>\cPk\[\\\\\\0\hHt\\صKw.\ɧꩲda\\C)\\<\\F*^uݶty\\lȚק\P\bu8I.\ݴ/cnAki\rCoC\n$qUQ\\0(b\\΀P(\P.\}X>\^H,\\f\髃4_\\/\04-|\\.Vg\N\.>Z.\4\\r2\O4ag6\\b\\H\Z%#W>\4\nNh\\Y\?&L\bֺ_M\9%\\;y1pwF\}A\0G@\ߧp\\\r6eԣo4$t3T8ʷ:z]WvХӮםPa\OsR\P\Y,fʃ\r˂ُ݁\k㷍\5\Z0%}\i\z&gFcm\\\I\:b\hEep\7~\rt\\r<TG\0\\\\0\\;\0\\Ufe\=3CM1\\05+w_ά[\a,v-T\Zi\FćMSϭ1!\\a\\07x_\jf8\fr7=c\I\\	ws3ά--K#ǟ\qT-HOpr\$S\"7r\J;斂\d\0r?\QnX!f\0\\\o\\Dc\H;W\֨#}\q\zL]jI\\X\t^ypX*9m\sm\ER\چ\ʮ;b\ac7\"\k\\'\^\h\0{p+\\ۯ>b8杖:)#$\?\y\꾢_\\&^諹4\\Z{b\\1(deJ\\0:\\D׭}O)\\"]\G>k+\\0ho\0\Ϩ\\e\\"\\Ewq\q\r\vW\3z\>)}K\[K\.u4\Xq<d\"\95\N?g\KL\8\\\^\kH̕\,@\\\\D_\kUbVհXzDjP\\K\\\\\Iu4+\~b\\\{ŏ\.4C^M+K}\KX859z\޲]#J\\!K\RH\C#\\\^\Z|$\\\Q\&\\P\v\\\\0U\Wm<:~+ap\\d\0\Z\\ТȨ\Z\6wx\e?O\^\\\O\\AumZ\\Юt\\\r\\8\'tj\^Яc\n\tr\{pTB B*\\n(Pe㯁?0\7{l\h6: /n\\5>ax־	u%\y\3b6U c\\=\>I\\d\̗W\!\0\I;{B:\o\\w	-%s\\>\Ľ_GDOi;*L\8\\\x>ּ\\7GN\J(\\E\0\n\\\fo$z\۾,nSk[ϥ\.`2$\\Е*ÐA\>\\5fTQ;S\}mH\z\9sI\	,\[mB#%+\ɏ\*}ռWZ\@\Ӹv\Ք׉$H\ϓG\4̷R3;\\p\D]\(\\\=\5\u\\e\ \Yب%\\RP\UEՔ1\\!\npw[\ r%s\G1VH	X\pO&\'!eRT08\:il\ĐLO\'\Z\QM\b4p\\\5Zc T\\NO.\oF<\Y-^\\b3=\k\F\\U1~#\\n\^A`1ǭ}\\\	\xc\'\#\\h\n\Y\\W\Z0}\Q[<E%\k\͂	\0j\֟ړ\\\ѽ;e۱\]D\T~\0hְO\\kt\ \\\i\$\^\Wtǉj\yk}+,\0\\-ß\\\'\x\\:\]%j֚=\\\eXQs\I\';\.\;\\\Aj֞|\H\.(^nk\\0d\\\\4^Y?(G\0\\\0fφ\\r*O\2\\mڐ\nel\0ѯ$|W:c\\\ӴM2\I\\\p\~J\0M9\\kC\xμY\\Z\Ram4ФCixS\'q?n5^\z\\\\$\\ZqޙWAߟU\\^ok\VK$,2\0\\Pk5\R5\0&K\\\0Z\[}\^e\r##\1R<\0:\/[k4\X\-ZR@\\7\Y\ˡj\\r\\xΥ}\\ZO,R\%\K\0k(\Ǜ\\\0{>\O]h!t_\}ep#|I;ƯC4E\>\4e\٣Hh\\\Fh\B\)F$FR2 \\\!k\Tͺ\#\0/ʾvZ}\'\MZ\\mm\!\#\x\\5\-#\\\;#\n;.OaUZ\\\ܤ0$\n\\Z\\\>%98Fxq`\RgpwJ\^k[η\d9\\4\I0;@/ҤO\\\\\UNՖJ\H$\d*\&A\Zyc<)lJU\\Q/ZW_mHJq\c\\\\Z\ٶض\x`\\C\:U;l/SHfdv1j\\1\Ꮽduޣ\\H\s\\\\|ۥ~\jym\H\jg\\b\h\ɬ\\>\>hX\\\|\d2g\\\Z[\H\\ra*\w\^Ӡ\"5⭣\'\c~ϪtSC\\c\\m2Te*x+z7WR\\]z\&޶323يX~b-uGtFl\f0Z$n4u\|\L}\¾\:멺bg-nm\q\0<\$\\rދ,\͝tngH\5(Ĺ,_c=k\E\\4\.-H@^\0\0U\M\)JGT[jjCU횞\\^\\]\/\\\\%$dא\>u-d\B	\d.r1\x\^\\t[xR\qs{\m\rH\K\\'\\\\\O77v\\\\I˨Y\c:c\1L\RO\\^\:\\+2I\&:{B7\9Ӓ1\>u\r\KLn\\&U\+[1\q\;`\^\\zxk\H\}/A4,><§\%R֩\Sk\d{ن9-!`s\\\ѴyoY\A\\3U}\zcޞ\y\{\\`1>\ޞ\\\fKH\<n\{it(PBڏ!ӛ\|v\R\LGJȓ_W\m\\\ϻ(\3?n:GUY\\\ɊM\0VOW\\M	n\\8?ɵ\~\=_Ѯ;\\\<7\]E\G~\\\q\Tʵ\\6w\\3\>}QIkopRr9T^tb\\\T\V\E|\0N.0c\>\\0ܭ9\n2*\Eq\Z沺YA0k)\Xfۈ\<\[(9\ϭe*U\\=̤zT[ˀq\\n\\\\<\k\j\ׁ\X\v\G<@=\?Ԛ\\0E/Ltj\\\'8o\0E%SҖ#\Q.\ݾF=cj$R\\\wF\\\{V^\\[ӷ\\s\[I,\Z6cy\\O\~kU_oFN}*t\\\7ʥ\\g9\\[\\0\nn\զk<H\H\\Gμg\\\P\\錒b\b08W\e\\\pMV\'\0A^:\H|6Y$OԞx\V5$UbB?ֵfn:\,լc\ -f\'\~\uGٻK\Su+]&qb-k,J\V^\\'\\\U\5N\[;9\\\ce\8l0#\]4ƾd6P6T>\\\tLk[\xI\8kYh:uj\ݗNO\V\\\|^B&}O\]_mm-ܙ`\U\@KFx\"?>k\A}\\\"D\\;\a\:Fh\t\U$մ7\s\\\\>c20zg\>K\'Q\6\\^3Cr2;QСBeIҗZ\N\H\g~EO5\\ͬL\t\\h\$\\ZD2܌d\\NM-7\\Xgg\\.\Z\~u*\\\l\ȩ\\z\UӋ${/\=\ϧK\.\e_\\=\\\Px\\W\V_A\u\\5c7\\\=E?\0Yc\j5爎\\sj\9@\h5A{]]\g籪1#\\\0\\\0\ޗHrHc\}*R|9\0\Ҙ4\8_zu{\r*cqV}\\=U\\ZNiK5\\.\8\\}\	zn\5`P(`\%\\2+\:M\Z\\0b#U(\\Oj\l\\Z5<#=W\è\\w\ߞHޕ-}L\F6[iޓ0trc6k܎\r}+Kp ,B\R\\\P];MPOϨDn=wTHf[YdC\{\TX&VPZ\\\UcҶ^\w\\\7\E3\\\0hQ_R\\3Gc;ş\S\0\wMOm\v7ZG$6\\^LBi5\T\Oxme6e*Yu\\L\\O\W%\\4\4\\Fw9,I\$u\\@ʗ?h\L[[\0l\Y*}\\3\jϲ\0X\\Ma{C`\RH\02~k\\\lj&Is.\`\X\*\X;tyG۵XHhZ\r2\|2\.m4\y\_6IP\`=\5\k\joM\\Խ=\i\RBA\\\'޽\ʖ\v\}݅\2\2yj\?yOf\0`q]7\\\"YJ\a\}I\\nn/q3b9!\*=\\\\=Cz\\\\\1\\Y~\\wH\\ce,dhX\0\cW:\\\u\'\\kP\\$r8H\;\DYcbW!\]K&-mJ~\n=+\\tιj\{^G0\0{p{^\\m-a3$2rp?=B\n\Ѭ\2:\V \\\g\\\\nV\w \\>x\'r\\\\YC\,0EA\\@2Oov`[<\\|%.B26\x\'ګ\.2bPTs\\\\\\\\;\\^\h\\b\1mH\2sW\\*\=dK;z\\\	\\\^ZI:\pF\\\\ZWaj8\pcS%f{zog\"~>T:\\\n\\KQ\_\lMKV\?^m].)\̿ }|\\\tO\s\@\\:\nWj,\\\":K\\e}uc\\\\g\0X\\0eO\Z\6\k:լ\Ε{i\\ZZܒ.ヌ#\g<b\}A\\WzoIiҶ3M9\\0lyH\\v\$r\͞\޽a\cY\^	\:\P詈e\\\m\yOt\\eo\G~}}ٔ8Sr\q\ ˌW\\0k3\3eӝ)%\薲y]81\za{\+\\Z@b[\%\ɫ[Ԗ sPt[ɧh\L\+SgA{\\n\n\\Z\dx\0qCt(Qbjz&C\_\[\\	\?R\\J@\ɡY\\')#Vv])i]*\=cAUh\0Ks\\Ȋ\\Xd\Z\\\=;|I+Fm!\-ܰlWݳ\n1\3r~\\kY\hW	\J\ǂ3YYCxa˹\z\\hyL`<h\Һ\n(P5\]8\\_mkb\50\Fq9X#q\\\~?2\"S&\\˴v\V@b\\$\\Sea\M%EʡEh\ \+\_\n{X\r^,F+;{ U\Kj<ȿf\?ҕi\\I*\\\{*ɮ\s\Q啷w\C\v	ZF\\zT\9$յT`\\D\w\RA\-U\n}\NiqjQ\\]\\)\|\Z\7Ds\=\8R0sU\0\n\+nM-V/\'qOgl\۩%bA\nqsV\"\n&\Wޑ	~\_\X}D\_!\\j7}\ߊ\oJd݌tN-!O,`Z\y)ۼW\n$VF\9z\Z⚝\\\\Z䪷\|L\R\h\-c\\I\5Av%\9ƹ=\\',0.000,NULL,'2024-01-04','2025-03-02',NULL,1,'2025-03-04 10:57:39','2025-03-04 10:57:39',0,0,131),(2008,'Anuj Singh',NULL,2004,_binary '\\\0JFIF\0\0`\0`\0\0\\0C\0\n\n\n\r\r\\0C		\r\r\0\"\0\\0\0\0\0\0\0\0\0\0\0\0	\n\\0\0\0\0}\0!1AQa\"q2#BR\\$3br	\n\Z%&\'()*456789:CDEFGHIJSTUVWXYZcdefghijstuvwxyz\\\\\\\\\\\\\\\\\\\\\\\\\\\\\\\\\\\\\0\0\0\0\0\0\0\0	\n\\0\0\0w\0!1AQaq\"2B	#3R\br\\n$4\%\\Z&\'()*56789:CDEFGHIJSTUVWXYZcdefghijstuvwxyz\\\\\\\\\\\\\\\\\\\\\\\\\\\\\\\\\\\0\0\0?\0\rV_cekK^6?ֳKW\Z>)jQ\'\Q\'Jq\ZXOkJi6\v2[p7qV\\yƝ\\\_\\PbyOa;M\\qM2T\V\w9\6EH?^vwW\?\\Zf\\e\\\i\=Mu&#\[\qS|R2\\"\\\\RQ`+v\.\+S\eTh\Hs\G:ow\\H(m\aNU~SEߋ=ۧzŹeb\\0\\\,\\\Y*D\\u?5p3Lqoh\sT\ \qE\\m-<_i;fYUv\0y\\~\6K{p\\si\Y>o\1\\H#iVꜻ\4\Y\|XDh\\%3j\]!٭?\r\B?\n\0i\j\\\Z\\]gUH4kV9ɷ\n.-p~UF#V@Keoy0W\]Ʒ-~\\ّ\0\8\\\U\\\N\'5e\+Sչkմ\S|V7:,AG\Fڑ+S\\R\R,U]\ǎD\iN\rL=i]W()GJEQLOJr\Kw\Z\0v:P[/iX.V=*\ۙ:\n\\.%\bZO\)H\\Vh-Ny\*\\c\\O5F\7m-C\ۍ9WsT=jQ\N\>\Ѩ\\kSsN8\~JZo\Z\&\\\G\K-t+Y~\c\õ\X.ኘZ˻Q%\븚,\\Sj\\\iq\j?5JJ\&\a\N{}­%\\U\\䒴HMxq^ƾ\DnJ\\rڮ\}^\OY\v*΋zש\\1^\\\9!\0\\b=\OX4--~Kz\O%Sg\\ipyz7W%vʹv\0e+>9|C\.Yi\*뷊^\9\Nx\w5\y\-xoށ[v5\]\s\\J\Iy+d75\nI>\i!1w\j~j\\T&5\\k+\\ӿymVI*\-\\˘ʻUWk\\\Pc\D\\S\\c\oNX\E4y:}b\ns\0~_\]ׂs%\M5\\0V΋}g$\\f\e˛6Y[4g-H2ң}\\\D\\\0\^\KL\I\\jf&^M<\\SfW\-pz5aoh	\'\Y\\Zޠyfzb\\\\?\\ns\M2\\ʊ\\\Z\\\\\'\W\\^\(I\|LXu\\0=\_ʢ\+\\\ȴh\\\T\Kk\\1\n\\/7y\\\[FEF(W8;\ZV\rt\G\Zx7\nn/\rMv斠2E\\\'\\ݸ\rH\rF\lj\a$c\'\\\n\3vB\.֮7\5)R9*\I\\u֊-pT\\iI*\rnWmM\1\'\(,*&i7Z\\\ٟ\Sfcojs[SZ\b\\\${?\\Z5\j\f\BنI\0wjՔ\YrSi\\v\fs󝝾\8\'r\\\I|\\V\U̹VeYq|@7}\\ݫ\d{C\X\sSٲn\\\TkQ\}K0XG6\sF\\݃\\\Z\\?\\S[\	\?\Ϯu&س\\\\ɵ\WDSԮf0\;G[\O\-s\x\r>\b@\E;I7\./\~\4*W,\n4;W4ҿ-ڕ\[\\O\U\r ktNT*\j~\\͖⤎OM\=T\V2db\\"\Rlն\\7q6Զ\\Q,2I\\rZ9Tg\!\0g\\*iu\G\!\w;jX\\\\\˩\\]\rq|\α&\\w\S\xϥU3x\O\eh̩\\%\j\\?\r\>鳍}428+ڄ\\nk\"\0\+\\o\5U7=jKK}ّ~Z/4V\k\Ɵ\I,\¿-hY?\0^\\0\\\\G\\\-S2]Żs\q\ӑ\o\Wms\\\=ȭ\/vJF\[֗0s7<O:\o\\\\|\_&\0\\\/x\'MY\=\0\Q^\\x\ U\Aݞn\'D|\\z\W\.\\'o\\m\\͋$\^ܪ?[\n\Z4\\3̴z\$\M^\\߅\\6YĿ?_v|\U&u\w\ku\\Z)\ͳ\Eg\K\T\0e}qUt5}\\^R>ˆ:ִZN\\^K8S\#\\2\\\\+\tw\'#\j\*ӭ[\\\\椗\F\0g\\n͢\fߊh\\}\+\<q]|\"95MRA\2/=z\\|6\\ubjZ\\":\\\\i\iߑHtaˊ\0\\\\n\0G\F\Ȼ\\\\_\Q\ZZF\09\V?\Q\mB\\0tU\\\\w\jzF\Wi\7F\e?Żrʵm\x_2\\\\6תcR+C\C\!VEP\0/\J$M\'\A#\1N\*(dig֝F\ӚOi>jz\\Z\Tڐ3hV\*\w\\\H\\26fZs\\\0\'IhfZ\08\J3U\\!\ր4W>#5vVֲ7zмB\Zl_8dk݋VͲ\^}S>\\IW1ԉv\⴩ZwB0\\\o\̙ۊ\\\!O\Z\\;j2\~\F\\\\\u4r\g{3\dF\\\\9\\0\\F]\\^x\\g*m]ޑ\\о\"y\\򫏯\x^X\\c\\\!\$1?-]\n\\G\㖭\iڧ\\)\\*-YX?0\ϔ\\bM0٪\09o\"ew;֑$\/uAnVw®6I\3?8?\'a\^\\,\ߍD\ڴ\CthYf/.]V\\^\"\_Z\x\(\CH­Po]\L\o;|\?>Ү-\\g\n\)\'עe\n\\kʭ \eڲ\t\\Vmclϙwet\k\Z\'\x\nPI/\\*c\/ݯ \u/J\4I.m\%\\\\btQk3\49uޟ*\0y{O𜗏ŏ$Q[\yv\)f;\\OK˽.d]\\R)\\n:\\\.e\#?\s\k\C\{Wv\\\n\1\\\\V>5ם<Ȏ\\ߜ\ۍs\Z7<[|P\\u;\\\\rR\\\oƮM\\OeB\tc\\vꖰ<\\\\\zF\WY௄w/\0\\z^\K@F\\PU\\\\\O\K\N\\\v\_Q\[۰\/p[\0D\nR\\\\\\\?\ݾ\kZ5a\\臥U~jw<\\J^$~?]}\t\;6\\\vUoI\\n\o#2[?ҕɱ\\|V\piF+K^ɼz\\,2E\V-~V\\\>\'xja&ϥu~\-\e9o=+\?$p{\\l4\\A,\\\zg\▇$E\"F\\k\v\\_gY~J\\楳x|\AjB+\yyM\\\Jv\\T&J\Vֶ\7j*=7\ݿ&\ZwG5\CnV)[6\\װ\m\_\KWx\~J\\]z\{?\M\}(Mjw#\S\rW6[\!,\َ\ų\U\t\ٓʬ\rt-~\K\M>jq\K|Ty\-\P\ϺX\\5\R\r\n\G\#U7\j\0J@\i\ӥG\Z$\\WMૃ{W.C[o\f\GQ}6\j곪G\95cu2N\Ny8$Xڤ\5LdhVmM\\\\-&6\Vb\t1o\@}5B\ԧ=Ƌ*\me[\;*l\r&\oIM+Temƒ\=\"\\)\ۤ%v>\n\\0ס\+\\0E\\Zv)v,\m\ۯʿݭ)+;53qZkɶ3p9rxnZ:~z\\j\\p\y\U~\浍372uGNiI򐝢\D\ּ\wm\\\0>$K\,\MdVgc\\e\o)\BlrN|\e\\һ\\-dkz\\zU;\\w-\9\Z]\kswL\#\@7\Zd:ƨ&~Χ\\0Lo\\0\\!\\[x\\\<ށXӚ\C\_\Z\0Yix\\/m\^=,\?0vJ}\`\b\,`D\\\#mr\'VST{ɼ\\\\\T\l\\o\4\\[\e2\\\0\0VkPx_\Z\n\p\[\kj\/LB}P\Iio\c\6^P\ިDSHWs\rlkCAI?5v\[GWyY\Z\\\\\0UZ\VK0\j5·\\\n=&\Z~_V/\\\\K\,\,}\\\2\:mba\\\\hQ\0\[bӱ\\>4\H7f\\5z\Gyqƫ]<Ya~\\3G\j\|-\I+qU\+>\vjQ:\>bV\C_9,W?\\\\w~Zܚ\;\\1\\-wF\˧wU\\\r\v\\Z\Ni\0X*Mv\U\(˽\\\j\\FG}s-AFct\}\R\qT\|tܲ;\\RXXo^K\xn\\\4*\\,\M/\\]\\+\n\5&~\u3i\\L\\?l5\\\\\\<\'zת\\\r~\vapbWw(-Of\\!o2%9\Y\\\ᝒ(k_´<+\'p޳\[̶*ׇ˼\c\\\\? ke\\E#\\\IJ:WMgr6\0\\\\\n\;u\^D\p*c\KI/ܭS ȿ_5VٷL٫WqT\T\Ձ~\0k7\[ꖹ۹?x\57\^MA\'ߨb\\7\OP.z\v\!p*?9M0.3\"ַ$=Q9?5s\\{E\\OR\G\QEz\+\u\Z1ɧ#-s\PQ\\>jm3*wvuOiGJ\0\\c\\\\k\\n#OsK寥I\Z\p1\G;h\\\0FR\\D9\U-\V\\\\7\е[\r\<S\'2\\TK\\\s\oJ8\ZYdUX!v\rZF~ǳ5u?c\4\vO8T_\c\j\EHZ\\*\\Ǒ\\\#\߼\j\1\/\\_W)\S\R\#UR\ss}r>e_泟\y;d\\\\\-\Q%N;\0Y\(K\=\??\E\"Fv:ψ%\\<\\'\6\{5\3\f\\\\ZTv\0r}\TA\\\'\7\~\\,\b\\u{߷\Xƨ\\2DG\>Q\n\dt\իU\.%TO@#8o\hȻe\r\Ҩ\ ^Ƒ\6GhF\GA\\\]D,-\\\X\-p.ϸ*y\¶\w\0\n\Dk\>wS\vVD\j\jKktq\A\\x>oFjѴ\\}\0\Y$@\vVZ\b6 ]+\;ݫ.k\%x\f\\\O?\\"\ so\UTg\\\\ZIm\"\r\\0*\!\\0iKu\W-\3\'̫\mݿ5m\B\\j5Q]6@\+r\H\\5dEt$\\a&9Pq\uXމ\\0훘\\0pzɝR\</\nI\\jF{%Ծ\"\\1k;\'\\\W<=1俸\~\\\׺{߁uK\E-ۅz}\\'5\\\"\\bx^\N\Wi\\Z\\X\#\\#\rXmn\d\W\t\\n}됳\Ն\<NQ_\mzƕx\R@\0\pIrQf^?\zzxRv\\_\\\\\C/ݧ6sM7-Xt\\$[o\tW\~\\\'\_\[̳PM\7\0\v5\wH\c\\y̋ն\Cc\|\֑n\\\)u(#;sT7:I*\ᑮ\\y\H\\\rU\\..\-t\\Z\\i\\?Vv\*D\\\;)\ET\-\ݱ:^_\\P\#x\*\0\R;3֊\0$\`\ڼFe\z׷x\D\|\\\~g\_\5\\g(svh\\ut\;\˨X[\]\\" \o\ea\zl\\g\U\\#1߆\͇Ĉ\BD\U@\C\z\'\ڹ\\\~\\\\\rLa!|~\(,\\\\ܥ\7V\~:,Ĉ\構\Yo0\T\TxV\>[\\gw\V\|ai\0-/\;k\3R^6\\Qp\NfqP*\\\\3it0_\k\|=gZ.UJ{\Ͳ\ޫV\\v\W0=̆\\\03\QE\|n)k,\"J|rqV.\P\S\hrL\\v\\0wl[RX鶑\\]*6^Ү$<FZ+\r7L\\-OxF\\\\YH\d\䅰\kTF\\5\WS\\\\\i\\\o\Zmː*\[F~yWoּ_jw;j{m?U\n\\0kD\KOhX\$\\\6*d&?ÿ\o\rx=\sb謹\=;?L\\b\"M\\\3U\u\ZĈ\Z2\6s\\\\5H\\ZDYd\,9DhTW#%\\\FVf\0^g\\\\Ǚ\Zo\\[\ҷ𴛫\R\q\\w\\|6?ڛ{36\Y\\wL֍;\q?;~P?X\0\츞GR8V5I,\e\\ڀ:=cş\\\&fЫ^yqx\,\\0wrGVi\ܿ\UT1\\N7\\0̳D\.\-G{\Z\H\dL\\r\'\b\\yEyyf|\ݻ\J\\$_\Eپi@*\0#25_1\t#\\0S\TtZ\0b\;K\\J\\\-#\\'qH!|\\\Z\v,h\0L\\V\3~\>T\\ު\\@/v$_-(THc\~UZn3vJ\\\\~TuM\T.u\'\ڟΠ\\\OO8\]\UU6\\\yvD_\565\\ݨO\L|sɪF\cR\\\\\PjBwR\%č\ڒ\,մ\\"\\\v;2\^S殷B\\H\\\>_r\\6\0Z\w\\r\\\4\ \a[^]4{\d\L\\V\7\\U=Kú\\\r~\\\\^\Yj\nI-Va\-&EG˯\/\[\V\\+ӟ\J\Dj\\\x,J\0\U|IG&σ^_້\\ݣߖC^wڴ\RD\د:tY\	y>o\\2\\ګ]\n\O\7	irb\ru\\^՞M5:\\\\k\<z$Rn\C:׍%͎\ryėrH\z\0\:ZIj\\#O\XrIos\':&Y&]\\U(\yB.\\0\\r}\[DGׂٱWp{1]%\\~\\_\\	aSD5\Ş;Z&\\F\zCFx\\kU\\\j#Լ4\Es:.%8\\)XڼziG\ν\\\{-\^>\\^BG\\2\2\j\GR{\W1PՓk\\\wZ6s\v3\\DL߅\\Ia\s\\WU\#G\\\\O\\\N\\\\\"\\\I\\\~\r\;\\5uZO\sh:E\0|\asŅ_r2\0\ֆ\\bITo.\\{>ҴQ.\\썵n\\Z7\OiU\~#Eyc1KKX\K\ŭ\n\ɒ5\\\M>g}\;\Z-\yQ6\\Z-\1c\1x\\7\\vaVGeNݷH\NӼ;;\-W^Ҭݲ\\Z\\|W\F\̢\ M\\n\\.䙘\\\fGMDҭч\C\\\\+z\\\q~\\\_κ?U\\\Us\.~ k\\7\Z\\\\\2\\M\\>\-\\Dڣ[lE(0?.c^ܢ?U\ֶ\\R5ĲJ\ސ\׳\\r\ CJh՗E\\\K\Zin٪\\ܳl\麽\\U\\n\\WR\4H\R\\p\Y\O\G%I\\O\E?\PMKVgVg.yݮe?u$\Z\57;A\qc{ws߈/l\\$\\\x{Tz-^Hx\\\\\\r,rmyl\uj-Nfb\\\ZGO}\V\-\\-\\l\խ\\\\z\\\0fìXG4m\m*ۿ٠g\r5[\1a\\kgLW?*+j\\0\-Q\Ѹ\nmጠ0\"*\0ve\\;v\o \Xڍ\\nZzƵ\Z%T^~i;\0XSL옏\\0jHμ\.\ݖ61̲\\\X\'i$۴}\\55\\\P2\\cV\0\\7c\T\\-\\Qy俼o\\\T\Ve\\ԯ\\wtB\\\\\P\[\;\\0VbI<\ߌ/e\\02\O2F&{\\*7\\\d>J\?\\t}j4\f.4F˟\nl\rD[4\#\\5\0ZIiڃv\˝\Y\ip\fC\'zQwP\7\j\L\:\\\겾Z\0\0\\M]x\\$y\ZK\\@\\98+ׂ>\\\,Z\0P^\	\\0Vi0YKVtwE\'\R\(\\\\\F\,ؼN\\\\VHn\Um<p\\0vi\ƨV]\\^n k}̣\kC\#\r\7\\\U\d\[\n\:>S\.o#c\|Ջc&7,\\0_Kz\p:\RW^巑\(\^Mqv\c0槐4zFq\^[l᾵\{䅂\\\xOS\&b~J&N$4\\]-\{\?\f\\\|\9Q#\mY\\|\\3\ݔ!Kj\/c\\!.[Er	O\d\R\މX\>,ҭO7\\E\\m\v_z\S8\ZgM-\\>\m2_mx\0\1\\\/޸~ݚ%/v,nrpJ\\5c#\\ޚ\;&k#B\\s\\o=\զ\WXx\Tv\\/\\?\oGf\\FϷּ\"h\_\n\Z\GTR\\-\|\P_x\1F\\\_y@hQ\\\ U\\+\<U\\\P}}\ j\\~\{J\\o6=koھ\\Fc\\\-\#\l\rOH\o4\=i\lS5\C\D\l?ݳ\|\w\K\\\۾fz\|\&MiVY?6\\\0\Z;\rC\\\T{ʛ\"\0\\\\\\^ѴݾbD\޻=;\fj\Z\'\X\&-\%o\\\jկ\\\ri&w\k\;}\'J\n\5\0ǪmoQ\HwOuW\0\\Z\\\\!}ޯ7$\\J򏈖6\\f\3\\v\ϜL7\?-trX\F?*F\*\j\fφc?pW^U\+\8\5\\6\x\\YzT]^k[5g\YMi\w\E\e\C\V\\\9ΧF?\n\V\\03\y\"\V\/Wmˬ\s`\\SV;\/*H-\%vϽ\\\>-\yr;x&o9<r\0k\\"\\'\zU\jS\u(yA+\xm+ڻ\G\i,<\\I\5Tփ\otH]2mґ-?c?*4\O\\Y\/\\o\ZyN\|ꏻ\rZך\gQn\\\\\|L\\rL\"r\%\Ňu\5,*[4TW]A$\\|U+kyV\\\媧V\D-X\쨬ˈw\\\S\^\'\4%Z\\\$e~o]*7\Z.O\*I\>\uTZ˿֓? \Ցy;&7\\0vf$}\\Xw7^q\x\S{X#\W\V\\9?*\\\ujy1\\QҀ$Ll*93\\\\ycqj\<)frX\yl\e^\\:[\;\xnv\7R\rH\u}\\K\rpoսoễ\w\n\*\De>\4-\\#o~a\U\TRx~\Z^\!\\\6\j&Q[\hrPjhr\\«W\rHȦ\\ZO\j	-\?\5\\\خ\m\\*B\Ѻ\Dh\hxϥ1\\'K_\5*\\I붨\\"5\0_SS\\T\n\7\\y&x\\0p5U\_ҧ\\\j\\\_\X]Lruu\R3\\[_yw\kx:	_\~\Wp\mXjQ\WGt\]\\׮-n\\\h\h^#_G|\K\t\\^a\G\\\I\ڋL7V|s3k7n\\*\`{\n?گԾ4ZX!\0\J\\Zܨ҄)\9Im\NfH\9b\/O|P\R\J\00l\\\\"xO\MW\\.B\\\\\Lgqq\^msJh\2bU\\\V%\ȧP\\}v\mO\i\n\\b޻\QPYG%8\`\ynDxR\\&T\\ruz~\@Kƍ\<W]/B\m#^\'\\\\;yg\cOxV\[wW\??\-.?ݫFmwOTծb\\]W;\<;5\riq?\\\W/mj΄\\þ$ߢm~ͷ\>U[\-G\ߟ֊\/\W\fdnv\\ª\\\\_qh=R%_«x\6\Z\F>(\gTN.pU\\Z\\~\(BVִ\/\ָ\ѭ\qznD\\\\r\\\\"Y[\\\\ȁvԺm\w\\է\\Hah\)զs\|m\gj\V/63M.\6U\|D\\u7٭ox\\C\\O \0Q=B˸\0\Nm>|{\>\0\\\f~$je\+\rjA\/o,k\\\\Z@k]C\\Z\"hV\'\A{+.\5 w~$O\\\;\k+q\jҏ\-\\/\n%oh\j|)\\Z@76=j\rx֋\'\\0ޭy?\^ֽ\\\F2:\V\eysl\+]ն\%MhI\wr.<֩!\\\\HZK|\'\@\0\2@j\ԣ\\p3[I3\^\"9q?ҵHG\\"[|\\ۚ\5Oy^l\0[l\\s(K\e;\0V\\g\r\\hR\Z64;oކyH܋\\B/e򼿴/Vs\\n\\xay\Fhj\\\۳\뭤\\\\"Mrïʳ/{\\\\\,\\J\+\\h\W\ky\\V_\\-uˈfk{غ\/\\kZ\h\\2\\\\\Wzd@\\M!	@	ݱ\\kia\w\o\ԡ{ye)\\a\0\\"\s\\\y\6\\U!?7\j=G\\\\=Ί\\P\Z>\~\djCsyϲ<T/.aNjy4c\r\'\\W_PY@S\\Y:W\G4wV[\\\!ڵo\\\\0\h\\|n\o\\I\[w\+\3B]~\o$h?(\k\n\:\\8=3/\"\"ug\\Iw\\7~Ϊ%pӓ\\7m\J\\ܩ:udz\\\Gi\0\\\-OvcbA\vj\H|>\v\\Z&\_\b\rz\u&uƔ\ݼmQ~\\\D*4\\+/i#Ogc@~1*|[\,<\i t\\\\r\Jʱ\'\8]G\ݓ\bNm4C|\u\ׇq\u\\\-!Wҳx>6<欽G\\3\\\\}&H\^\U	\'V\0d׿\^	X\f1W/x-1\\'\]PŜ7%)3%^xG\\\\\h\\\]\\)0\\J\0}V\\\ZH\N2[m\nW\\7\u\\ڹ\r\\\ݪ\caЫK\w_\0\\\0Z\J\2#v\Y\dZ|wN\0kN⴬cI+\D\\Z\ep\\0\\\d\[o\q\*\u`\\\_/jڴ&~$\0u\\\#Z\\\M\o̕B\\9\\\ު~\0C\N/\5g\7<#\0g\\[ļV\\1\x\\^	;\ã~\~\\i\%\5gl\}7j\o\~L,\\^uZC\y\\rZ\kWPߍUqW\\qu\v\\=f\x70\*lj/\&ݽZN\\\\:{\e\ۯ\\k\\"go|nb\)\|L\nqw`q\Ch\dqU\Qx\'O+\i\g\Z\o\\0v\h.:Y\,\\\\Oߢ\\\0j8eø\x\ǖzl$U}\:\\z\\eߖ|e\5\r\0\\Z\39[\f\\\\~\\\\\\gGX3\}\\K?:u\/\UO\\\O\%)|O\<^\YNOJׇGa\\0=^\\rysޕ\xn\Qtt.\\0\1o\\\jR1\'\\Z\<u\Vhqf;|+\aض\t\vEJ\ȸǖ>A%?=$;\w\0\n\?\0j	9~!Z{\v\jM\,YK5>K\m\H~zyQ^Sھ:\&$C\B7%[_\\\\p\\\K5\Zjg\"\}\\j\\\\tݿ󤐵2CrڱC\0֯*K\\we\^\[\/K\"\w\r-y\?.\\]0D\\\\L\\E\\MN\\\\\9fqm\Z\\M\\rѻ(e\\cGKD\isȘi\\\Wx\\n<O\0]߇n\y\\\Go\aX^0QV1\r7o\\j=CO\5\6|\7\1>Viͼ\[\SX\\\ ݴuZ\m\\\Yl\C\Hh\\\÷l`vt\*vZ\I#yT/\k\8\JZ\}\_\5\\\e\\[\\S!\[\0\\M[FIZ6+)\\5TaQ\[,uԚ\Z\?cUC\'\\{j\l|qv\\M\Ux\vߵ}0q\J\+\\\eh[[f}w\0j)o\"O\\jSVZeژ\WV3d\E\\02\46K\\\V-\V93\V\$M\^Cy|\DNlH\\MX~w{2$\͹\0\\~	\G\\Q^uI\\hӶ\7q\\H\^xtB<\_\ޭ]\\څ\F\tz:\j\gz2\4q\g\z\0bƽr+T\J\Fj\Z4Νɦ\\y|T/n7\9V\꼺*I\՛QP=\*\q^:O\\0u\\oP5\ҕ\\\0\k6\C\^6[Ϲ\΢\-\\1\\X7I;+\.Y:_r<OT\ydxzq\\7<sƟ0\o\Q\"W!\.\n6i	\,\pR>dԼ>cvC\W3}\\n\њ߄\pڿJ\^VJU\.\̲[v\\\\\\_\|V+&KW\ЅE3ʩI\٥\b*\0\_\kSE$9I \c$ϻp5j+ހ4\n\wS\0\y^*\R}\\0\\d_(e\\\\zl\\2/\-sP\c]S?ĵФs\Wj\\T\\\HSvެ߬\\\Vņo4(\X\k/^\\e\\\%6\h5p=Z5=A\0ykK\?5V\\\ݯt\\0g+OU\\TY&yRկ\x[ԗ\.\zW\V\1\rS\^;6al:zS\'0,7\uT3j߼;k\e\\jW1Dw\ko.[̔\0@sE\ok\+\0\\Rh\\/\ܵ\\|3\#\\V\\\Ov\`<qփE#\n+]vAJ\<\E_\\5v0n\~M]_4_\I\5\\-\ä6\\꭬i\Ġ|R{\`t\\\}s~$\9\Z\\o\\iR\rl\I6\\\TO\Zm	a\#w:\\o۸v\"\Xՠ:O[\+\\\$z\\Y\\'UDgyd?ʻ\\\l\rh3bSJԫւ\Ѱ\vGϟt\hʲ\a\W|kYw\/\!I,7Jz\0\]!\\ZΆ\\H8\i\\o\ֈ\񵍜\+ռ}=O/\z\:ǰ}\N\^g\\r\3S·\\U|HO)b+7-Vld\Z%F˓v]J\{{\+/\\\֟}qulX|V\"I\\J;\t\\u6\\>:\Np~\\yݮWD\&\R\o\LUS.\'eq\WHܪy\c=k\y`ʇrXp\Ox#Qs\\\[\:\:\\\6\\}6K[lG&\m\?\]|I\\\̍\sG1\\KL\գ4P\K.\Eʱ\\\Exj\s:nde\\魲W\P6?\~F\\ƼY!E\_\UO3gj]5\ɫD\ f_jx}\Z^7#\jZG2\\.S\O\T[}A[\&&\V\Άcm|ݸ\mc~U6Pf}o;\Bi\>\\\\\W+\<$(\Z\VovF˺u\rcJL\\\LK\Z\\\D(\0xP{\H=\Y+:\[\\\Z6[$v\"ETI\R=:Tg\,q\^\\\Z\Zۢmt\\\\W\=\X3E\*qf3\\<V\J\\rR\y9\VZN*,QQ=yTNY4uB3[\n7j\\=(\ߎZ\ҵ\1\I\-f\W9\|\\nVeΗ\q]{ΟiX.pw:,6nK\$݄\&\\#s\#<Q\\+\r5r\\6;6{M擹z|\\\\]\\\u{H7-p߅D\\\\l?\\ݯu/\&\\_	&+ju\\YZJH7WО\ۃ}÷}\V\"?v_\\[bWJ\ՠ\q;E86\V&0\\ިw6\WQO\N\\k))k*(^3\]\0u|̛\/\WG\q\pJn\֮_CX\\cn\]B!+o\Po-+\\i\\\\\Yd_r\2\0}\'\\&\\9Y}\k\\\'c\G\%\\;\z\\0\\rV\\0r?\t\Ʊڏ\k03F$Oξp\\$\UE/?\\\?ĺ7\b\0Ǫ}I6eo,z.\\\S\\Zr|\\\\xS_\+{M[\|\\\CULo\ZY\1\0g\\Ml\g^7\1=Ӽa\\\\[lEl\\j\\\\/u{\\{H\~U\Xh\B\F(Q\B\U\V\U\\+\EOJ(\]ss\Mw!\\Z\\\\gW̗q##w\w5pWt\\\0Jt]\r\\<鿿5\\\\\\rA͚~_v\\u%Bkd\ݍ\\Cy\\\^;d\\ZoD9^\r\\sѿmQv=\\;%13>Ƶ4\gRo\Z\EK3]8\s\Ux\ZK\B߅M\\\>\sUk\\ʛT\EQ	/\<&\\B\_i-د(Ҽ3w\lҽ/\1\y,\\K/g\\97fI\Aag\\\Yٿz\*w=K%\\Z5R\ͣn\_;x\MVMbtA\\\v\\>4\\ZKw\\x\XԮ|\ʯZEic\"\\WG}\\\$\y^j\0\C\0\j^v\\\rs\։cѵ>=Z\\Gx\Z\\<\"\#p\:\\\om>`:\U[Ouo4\QA&$}\lt&y\0%<\\YꖾD\\{b\\S\7,\n\@ؠ*\urٕp鿶\ٳ.$wg՗\[vc\m\,\\M\Iu\\:k\\r^GT\{r;\\O\&\n \n~Ul\;\?2y\\x\\u\ˉ\nPxo\j\I<\Q\\0\n{ᱨ+hW\\k\'P\TO*\\\ʊ\\'^}+\~\0h2F6\V\i^<\ʺ\<wG\ǆ泓b\\spc\\\3<ARODsiv\M\\\ҭzjЬ\n/\\\&\\kF\Gק=Z=\YYD+?S\ZJkIR\CS|ʁ\\+T\\J\ɍԊ-Fdj1%\0K\\J<\w\rPMңh\S\ҕ6On\@\3Lh\\tҰ\\̚۸~\\\Q!s\\ﴰ\8i\\Tf\ڦ\8[-$\\\VE\}K\ٰ*\i\\7Q`<X\љ\[\^\G\/4\\+\<;\n7)\\"Lc\oxM\ٝ\!\\\\-}\_\p\}m\\n*\ѭ}CX}gE\rQu\n\Zv&*\rwq/\\H\\a}f\'\޸[i<hxJ\Ӄ\\n\0~\\s&\\aEŲ\F/\\5\\FcҾiǉ\p7.7Wؖ_t\{t\n=+\߁\Z\\\\}\0a,\T93i܁h\v\7\]\Z\HZ\\\H,M\C\1\츫\qBJɗ\Vft_Ɲm\>\\s;ߵ\r|T\\N\M\6An\5Is\\aH\5zo>,k_ꇔ\V5ώ9PTkKs\ˍr\\yp\_)?#\\\&_\Z,MϪ\9[T\ezf;P#XkɮXFk\HF\\ȵR\XnkPnwUi<w\F \\v\!\\\\\ǝ<O\Bx~V׼*V\fQ\Z\Z֦KtJ\mE^?o)\׸\Mg\\~\?\`>\U\Zjz߇o\\Ҷ\\q\05\\}M\Zt\dj_vj\\#5d\c\\\Q\\B>r\\\0i\>\?\\5v\\y\OjWR2i\\nܣj}ꀱ\IZߍ\Zu\\\[\\|V~!|H\DM\=.\?\<\F\3\\S\\\\a\I↉\n:y\=y\J\޵旟\,\\[BI[\|`?\ya|\1\+U\j_&7fSXw\0\rճwe\ɻ\\]\\x\//\Ъo\\\rvW@;^\\Ҽr\ɹ+iQūZ\\ٻ,՝\K\\#\ao\/\zf+\m\s\s\\0Vl\Zż\\46ͣ\-YZ\\onG<\wz]V\-\W\>j\0|֞4\<z\3CJY~\\\t\A/+8\r\\R:q;\Ik\.#\>\qN)\\^sV\\\l-?gtO<\ݫ\\jR}\m\ZM6\\P\!ganh$aܭ\\W3s?R<t\%SڽCC\,:#|\T\<?\ή>_QQ&tSF_.\Wq\A7\r}3\\\\i\\\Z2ˆ\ndxv\_6\1\׿c\\"\\(˝\\\Ӎk\T<i\\7Q\f(w5zE\bny\S\\\\\-\䖭sc\\h${VH\TO%E\璫\\'\Mf\\7\\f\v%2TM%Vy6\\J\H\\M󪿚h\MM\,yZF\QyJwEV]\\Uú\\bjn\gާP$\\[=\=ԆO(oޘZ(]˶{\%\0<a\'S\Zo\AP}2\ݻZBiX&\MV\Y7Y\\r4$\\\eII\߆D8#\4\,\\0\ޥ\\r\\/tQ\"\\=\e%\~|\/ʟz\'*\Xtyk蟊>Ͽs\&\۽|\fm\s<WNwGZ\\\VK\T\j\_>6&ob*nSѵ_2F\2*\J\1\<g\\Y\åj\\\E\-H\\W7yrntߋ\ZńBrx\_Ax\\\\^\\\\pfUEǭ=B\\^ \|\)\ȹmB뛍@\\\\5\/\\\\\8U9oƝn{\'\m\o7ְ\^\\\\e\Z^0\\1JYF~Z\K\^\\3\E|\6{\>DU\\$}m\k\~ѭ\7\ۯ\\4\\\\'ͽ\K\a\\\\͛\Zơ_꣚%\|\\\A\\1I[>U\\[[\\\\r\\n( 3v.\\\0x\1k\Ze\|\\0\5\ΥLx\\L~̛\c\f\f0e\KU?\#\_Ӛ\\>\>&iZhoߧ\?s\J\m[\_;YϾ:\n\I?\\;\Z\\\\fuB\\\Zv\'B;i}ߛ\\0e\\k_Π\ G~j\\\'=;C܍\1٫7G#\'M\\"j\nH.x]\\O\O\	U6\o\ZQ\no\aQ\C]\h\n\|\\\\\qKH\\0(s߇|gb\\\\\U\\GX\\\_/\]P\\\\%\?>\ĐDs\Z\>#T\\\#7E?=_T&\\\\ų\~~\UsĿށx\\A\2\\\u\\ϣ\\E\n,?~c\G\4P\0.lt\0\E\n\0|\0<us%\+\:ҷs*l)*Wl}S\0s?\\b\-\\\\ \FM&pDޒ}\\/ieK\\TUZߋ%Έ\٘WŚo8\\TmZ\\\rR\Q\rVMRKK\0W\Uˬx\\\\<IZVmYd\#Y\\BY?T\-\\\\,h\\p7	m\\\\"M͝\XV\\\\r\Z\;x|E\+\guk[y\PCі),\t\V<\kz\KGH.m\m٪\g<U\6\\)Zuϙy>^7\n#\M[+/\\J\@9>\\U/\\GT\\\0j_	\\Ir\4\r- \.eIb\\\\qMo7K+kT\\}rw}Z\'\\y\v\\0XHꦎ\ժ\0`r\׬h\\\\\>5~Y\HҭU\j\gz-$t)*k+\\0h\P\k6\R\zTE\\U\CXj\\\iY&\Y4\=)ҕ\\r\7Z7\ZEZ]%j9z\q\L\NaN)Ҥ_U\n\0z\\L\\_@7n\(\R,{]a\\D\\@\iQj!3\A$F\Kژ\\KP\"fo\8DfzZzT{/\Mf߾?H\J$cxX/ɻA#\*\rZ/]\\\\\u-$V8nٓ՗ƍl\U\\͟?|Y\\^i\o¾8\ދ%\_y\\\Z\_/\\\\?\\>\0\Fvgx]l\[~Zx\0۪l/\J\\\űԇ\-tQ\<\\Xs\\ųykVMn\\Q$V[f\\\\V9>C\\_\X#\q@\Y?[Ԥ㺯\;\"\[\\\-媯\P\\\(\xo\h2\\>^/\\[\\\Zt\.Č\\\U0Ե\IŷZ\mn]I\*\dt-\U\]R\l%L\\\A\lSVᎡ\"1;q47\\\\s\P^\}$\~mXK6F\pꑂ\Ejx3B\\^h#\|7\4G\0{\\ͥĢ\\o\@U\u[\י\\'{2oY\c#m[p\E\0tP\\\}\\f\0`\B&񨥵:/\|Q\\\\\?v/ 7\+q*I\a\\V\\\{U\\Zg\O9\4j\;K%Cz\\\\/Gs4o\SUƁ%v6\\0}P\\{X~q\S\\`\\\]\+\'\,\\+\\\uG\D\ثU\\\pnWk\\֕n[̑\_+\S<\\coQ\\~\\|\8}~G>\\\^e\?\Z&EǢ\\r½oP|u\Һ/\M\\\\:\o-\<Cj\pb}>Xd\\\ræŗʶ=k\<I\}/\f-3\Ye2\0\UsJ\nv\\0Y\t\-{X\\)5\&\	\\\r\\u\@y\>r\r\0Ǫ[˫$\$O\m2n\T\ۗ\r<GЪ<\\I\nI;A\UZ\9\0\Zg{f	\'\\V5Ƭ\F\&fo\Nm/\E\.\\KX\w߸\0v\?\r\Ӧ\l\?	?\\\X\"yJ\3\\\JQo(U\;K\\du\a\ⵙ\L22}\\Ah.-B/jX\>\\ި\&HQN~oj\mJ/7>Vyj\GL}\F\np6е\\syU\KxQvױ\\h\+G]sL\5DR5Po\\ ?3S?J\jM;\\Z)4|TNu\p\S\Z\\r\Z-1E\(gүQ\,UʑGj\\0-H\ om[\\S|jUe\")=Qj=ݩ\3M\Z	֍\\\*PDڍ\*6j}S\\^7ڼ\\~_+,s\\2\y\Y\\esYT]\o1\=wSЌKj:\\T(#z	mx\\\\\j,\\"a\7k\\t󝻖F7t\2ٶ|\m\'đ>\n\\\\!\\0W|F\ev\\ݎjg\\ogz㏔\Yp\ms\Mul\\XB6;cur$1\4H>f7U\S|\>z\R\\\\}\зcPj\Vi%\\(ξ]Uɱ\\~sL\\)E\\5#Ws\\˿dw\e\qp[Z۳W\z\\vȴ\=\\6\=+IG\0٫Z1CۅV\\\\\"e\)}5Xm2\P\!aY\\vF\'|O&\kz\ߋV]ʸ\%h6F׆.<VKL˻\0\Z*s\\ro\\!GEWuMAd9\V\r\y\\Ӿ\\\:)QڬGk\Fy\0\\97z\\ǉh _\RM?\\\.\0/)]E1qxfgj.n\埞N\GPo\M})|\l\4\	x\nm%FM\0O7^xV\0\HM]\wXU2E-\\\C\썕\\l[\\(|z\0yf\7\\\0ޮJ7Z\&5o\Yme|\\B\▟n\\\ajJ\f埀t?gV:>gȍ+\u	\y[?ư\~*jڃ\+\\YZ\*V\uYc_ƾ~\\.\\U_\HiO\ڄw\=\,ԛ\\r\^G\B8\J\$\\j\>\w\\n\*\\./Ù\0Ү>Ec\\L\5\@\j^|c\\;8eS[%\_\;[\\#B\\\\Fȵ,u4J~f\r\i\8\ʣ\\(y*l;\\\ܘ\nZ^ޠek\%؄n\0k\՘|?w7DHZ yo\\Ɵ\o+\\\\NgI6\\\wm5F+\nb\0Ы{\o\E+LW@\\2\Z\\\[N\ۚW5\Y;Eu\I%|\00\޹O\rZ#\<}\\𭼟ed,\\Z.U;dTW\e#\լ~s\\f\ۣy~\l,\0\\"\\6k3=;/\\wܿxWz?\\\^r6׭i\\/U\&wLx*4̎\!Ed\J\b8\SM%Tv5%\k6\f\*X\\\%\n\rG\V\qktH9oO;ȐH>؍U\G9*[\tJ\P,<\"q5Y5{՟\U\E\,i\1U~ؒtA\\\\\V\Y]Ȟ:\Vۥ&\jSn\\\Z㠛m5,]\Ҥ\(wS|RS\02t$o\\nGd\0\\~W\-a\m]\j(CF\~},\\\\\P\\^qJu\\Ԛ\*7T%F[\0O1`VT\2z\Z̫=\O\X^$\\Pt	\*\M\_Gso\n\"\\\\\K6*ُy\\\0w1\_B~Ծkz#7Jy&Tf-{x׾uMc\X$M\\\mkִ$%\n\jK\Nx\]\ۣZ&\Z>n58\\u~\J\U;	Z=\ꫜ\9?z޷@\\\v殒\0\\L;m)bS+U[y7%NVec\.Z\_޼Z\0\[\\T\0X([)ܧh\\ú)\\\MMFu\0{m|q\\\Zk\R\{\}\\0O*hvhعwur\kHU<k\\\}\\ܲ\0ص|\Άf\0mI!\x\@\\.\ߕr\5\\g\)\0q\\\Y\0\\ZI\{+*\\J5\BfusuinڱoTv>jĿ\ͺgN\|Q\六7G\\wýV\\\\\]%8/\0]	j\+kX\\t0[+M\\\>\\Q\j\,|\T\ub:[\hc\^\߄?*m\akGΊ3\\XV\p/\\s/SAl\d\گ\n\\-?M#Aq\\"}\\k\[\\r\tڍ\2̖n\\0\bc\ˏMp\b	4n6\\<IE<#\\w\\\\JUzU\\\5\U\\\\Il\M4x\\h*?b\=\ά+JFԐ\^k&\-\mo\^!\\/+\Fmtح%\oFa&ߗ>k:\?\{0矺\\z;K\=d_)W9f`\m\7\r\5u:|rIE\\\\\\cqkr\JD	\\\0	O2K}\|ĵ:\\\\AY6,%\bh\'ݺ8\Y\\\n\*kPe>\\\0\rMʱixk\h\w^\YK\\\\7פ\\\pj\:)\|\0+\0W[F\V_tu^>j\r[+Lvw\\Up\ZE)~Z\5}c2\\\$\(\Kr_/^j-F\[yW\C^I#F.B\%\0-\Ղ8\^{\\0\wfs\\ڼV\ԲJ\yq\<\\0jQ0uu\d\\욉|a\狟\\yk2\[\j!\\\\\jR9Ϣ.<a\Z\\r\I|ao. m\kP\5W)>\\\\\(\\{sU\0\>~\\_+\\\{7ƣ\\Cꎕ>͕폯<X/[6z\\k\\D}+\h_h}\>\C\5Q\\\\)q\kQ\0|W˶>\*%}\\¿-Kfx\\\vUi0g\rAu#\r޼\\E\m\/Ă\)\me#΍ޘ;m@0R\J\XOjT\ސH1֜7\p(\J֞m\*\b\\GހU\Xɨ\rq^&z\&O,5#G\A\n\W-\\"cvF5\د,\]\4{V]\\E\Zg<oU]t:-Ǻl\\\o	Zަ˟\o\k\\hh\攲\\ߴݸoy777\^1\4i\":\0ekԠ\\\|cO	ӕv\7o1ڽk\1\C?\\^E5\{\\˽\\\Eo\̇\\\\\3\aV7\X>\\ZLDWBA2\\i\\p~\\?]\'̰щfͶsUaܮ=\spG5\\|\\"J\k\3C_AxMƙ/\ׁjK\0Z\r?\ZIZ\n\6\\vЭ\\x~Uv\r\\V\\ο\\\\0\*X,\\\\Z}1߻\ğ\5% \0Qa\\\\r9\\\⃳0O>\"\\̬>v_\7\*&խ\Q\hZDuJ\/p#vޅ\0eM@\]۲\Y\'XYß\\!\\\y%\0t\A\"\\0Qbn{\\0\d\0Շs\b\\~L;^C\\_k\\0PE\N\\\\\*\0\U	\\ݯ,\	\ߝ\5}\m\\Z\뗑\s\~\Ƽ\ڒ2\7q\V\&ܼW+]K\\'Z\r\g=瘍ܿݪI4~c`mm\܆}\\\\o\54vߑ]\].ٳ,M̟\\\\6L$\&\\kE&\:\\{\"tz\ˇϻ\\j\Z٤ʞf?*\#\u\X\\`\j\H\f\,_\d\\\\Z:[*\\W3\\ػ\0\ruw3&\0{OެY\R\D\/\\KmrR\,U]4\\H@;Zc\\\E\\\\\	\g	>\}+\h>eʿYJ{\\ZYڧҹfvA\\\\\PXԲ|\K5d\\#\\S\S,~b8\)r[\nZ\\\0VZ\}\\}.Pߗw\\e\\Qi\\DC?v\xg\Fio)i\呗S\+l7\{T\ּKXծ\YKg<VerK%\\\\\Z\\VD\yfo\o\V(n23wkI4{\\\\\l6$[v>\\`\*\рG\\\\̖\Z\x\oGA\\'\I{y&\>W\v\2\w#oyK\0^\\0	\V \\\\\J\S\\\Z\"e\\vW\0卾LTc\ͩđ^\\y1j\!R\Z,\H\kC\4\\j\\|.\nuQp\\乵u2\\Z봫\\6\\7\ie\i\g}\zԳ\:Z\\vB;<A,\"!\\U\i {vT\\;\{+\\\^[;b_\\E\k~+\6\/	UWQgx\˚\\\\\j\\\km/65Rdtuu\\r[P]\\"\\\rlmMm^R]S\f5*˾՟w(\*\I66\vD\"{\Z\0omUO&2\\\\Lz>&ya\\#\\\QG\CT\\>o\\\I\l<@\ճ\z\%\\0H\\\\4m*<2\0UcsԵ-=&WۛrÚ\m<Ueq\'\굝\H\Fh\n8j\\wA\˼\U\GD\z\|-<I\n\E\\5\KDy؍\{ySڼ_Rn{{\;[\&÷\!Ic>7-Dji:T-\\\3\?\rbj\͵ K\FA&;\h\2	ɺic\\\ҝ^O[;\\rΫy\]NX\pYj\l\eˊ4ؼT\ԖI\7.+\uso~\1/\;uY~I\G5\\P\\\4:/Lk&\\\\\y\0|\M$\)oƫ\L֬\\j1W\\;;.\Z\'\!o\\mz[n>Z:|\|mq&5Z\/ey4\\\\\>\<\Dk\\\P?V:\>cK\\c\W\:1\\*\o\,G\לk\n\r\?\j\0\R:`Ҕ꒷Lի\r%;\\VF3\\9~\\'YV\5\BԾ\\\\Zc\\ަM=:쫿lj&\z\rԬ4͟X\5\o>dÚ\og\\&\?^\$\mA\S\|\\\\WҤ\3)\-	\\\UttFGr;]6kmXރ\\rȴ?\|^\T\\VrX\\[O\"{u\Ea̚\O\\EwT\Y	p\u@\"IՊe\1\tZ>U~e\\\ʟyn\\C+>\l\U_\r\=)\4\\j\j\\\Ąʳ\G\?6\w\j\\\\t?˺k;[\T>vײi1\S\ϕO,\\Z\\\r&ϙK^\OC\0y\V:\\g\o\ת\P*j,\ؑ\0\\\\DWq\0f]Gݥ?1\2\\xw2E\_k/[֢iep2|_{s`\k\\x\U%iR¯\\(k\\ș۶*\;K\@f\Og{J\`ؽY|\l·\WMm\\77\F-=\e\\0\\Z\\\SG+a\ћ\]&\\r\\\M6\0v4\_*SO}Y\g^\\Qc\\Tm\R\rxN)Ϛs\Od_7\ujt\l嚿Rfr԰z׸\\\zW=\bF\Y2\<F}%\?s\\\n6\\^imJUc}\Z%FsT\!1\~a\W4\h\/5a\\j\O4\}\Sr\v\Zlv⺫	\"\\%\VVf\rmJHv\(ԥ-\\\Z\\]y}\+-wXZR s\MKZ*\\n\uo,7\"-_Z\=R\\o$6nZ\\+lkU-{X-a\\y5\\9|\]4\\UBo.\\0h\s\\?o\^oq6\7UWH\vj\QG9H\OX򔑙ƻ_|@dB\\\|\ڤqZV~4O-\'tO\i\`\ϰ,~(Ik7{vk\\0įId\\\ݶ/\i&\s)\]Ňkx	J\0yT2\C\2\0iP~ej\\<{8P\1Z\\\'\\hu\\\R\}&\1\Vz\-\e\+毉ƺ\0:^\nE5\~?\0j9\\.O*\V\ntR=Cྭ\;c\'o{5θw|\\\\\\9k\\FHz,I$4\q\SD,\\\Qk6t5\0e\\\u_~\\\J碓jּ<\\\lLאx\?1\z\ǚ\o^\L\ 2H>\\Z*\sPQRY,ju\J\0-}\Z|7	U\\\\9\\0ا^\k_\r\2gg\S[5\sUݦ%p\rz~\nV#\q\?9\\0W3\\-\ c^עi)f+^Q\4I\|w\ZLɵ\A4;jYn.W4\7\\\%ZO4\n\Gq\'SOK2\\XXqV\\\ZW&\\"\iU/\\5\+\Z^\\\\\Qp?z\@ˏª\\\jx\\\\[\\R;\\{\5\]R)<Kt\\Z?\\<\t\0]i\{oiMOp\U?uG\\4\m\\VG?\u\z}\\\\)\r\\OL\g%\\p\0\Um/\\\q\W\\\\\\\\r\\\\\@ѱ\\2eh%Fؾ\0ޭ\'\\_*@Y\WwچN\\Z\\\\\%\w47s\\\\#0\0g5\\xfEm\0\\AW4tLXynx\\\0\\_t\nY;p5|\{\R\\3|/\\\Í4\@6\\\\G]ʊYO@mQvr\\#U\rVc(ZY\\ac\\%M\nx׎\;[_#麻]};\\\LѮ\\\Zs6Q8\\ۯȈȧ_\\\eOo\&\\dWcW!R\<6\G\!jԏM[T\F\\#iɴ\"\[?-w\\Ѭ\mj}XZDb)\g6\6\u-\Uc*e\4\1\2\Pnđ\cs/74=1V\\ojߋ/#$\k\Z\\\\gDU\0dU\<unſ\K\yȤ#\\S\T_\Y^p.sVl$m\\\\rޗa}EO*V(]\\\TI8\YWRZ\C}\2I+Oxj\tp^\\Y\\z]\+\nȹՑe\\Y\uR\@I_\ru\r\*7W?\\\WgZ\e>U\\\j+̼&\\l\|\\R\i?#qZX\\k6\\I\\u\k$}̵\#\\qj׌x\\f(y\1\h\5\j:ȬU-cXv\<\50,K1aYV>v\~jԆ\Y;V\7\ӱg/Zn\T\n\E{\Sq̙J\\p|¿\[9\I:M\\Iy\\&\\m\@]k\hg\Z\b\09|\\\\n\Vg+4;\9{Mԯ,d_}\۬.i\Z~+\5[ɝ?]p\qΏ(\D\\}~a^k\i\)?69Z\\mF\չ\\Bf}\\z\H\+\<p\e\\0\{n\\w\r\4eI\rR\0UoW\Z\DN\Z\\1k\R\I#\\\Z\\r\"O&\޽^\\>̟7j\Zz\\l\Vs\\ы=Yay\%\B\-t\s}?8^?1d\\|@4y\z\5\;q5ڥ;\&6qK֢͌\:Q\\b\ܿEZI\0\䍺Ε\3y4\cOG5\_\\Oj\o\\\\|\nf=7\\\\grEp/\\M\Zs\U\<d=k/hUz2^[I\\W\OFճ\VΈ\\\IoƱ>\"+\w˺\\\aoqu+[ȳ\<\\f=\j\Z-4ѭ5o:%0FF\V&\\Pv^3\vב6\\<7q\R\\\#=\\>\\4ܙ_D\/1\\z)\@\e9ݯ~\\1\\jC{\$\r\\\\\0~@̧\\\r\\R\XLs<_S\dyۮݨ⟀\DR屵ׯ\\\ZV+G%\\'ջ.ii,2\\㏚&\|\|\\0\\6rA®\h\X/>~v~!Ο\\\f݆\\\|\\\ڳ\+\\0z\WeJ.A\\ lg\\iKT?\9\Y?~5\ wn	i\\V\\.F(8¶^\PKZ\~TTo\5/\\l\u(k?R\!\e>e5\\\5\LŴڦLN\ᧇc\mV5;\\\\l	*\g\u-\Žc\\\V6\o\n\"\r\Q4h\֤\LKUY\D˶u+\ ~\M\\\\'ެ49\]\o\fMյvUX^Nk&n[sKw>ϻ]\o\\V\(\BF\\Q//ٵ\-5I|It\\Z\̐{\\g\K^\\\ez/\\5\>!\\&_\K\Mx⦟\GuVQr\-yh!n\\Gn]kQԝbIޢ\on,\\ߎ\\ZgJ욺\\mN\o_+ҹ\ϋ\\\Pk}\\LO|n u(#ԑ\/\Mw9lZ\Ҿ.x\\ Qvc\\}W\\\YAvYj|^\GoĭWO}\\\m\+\e\;\\\\Z\Mk\Ιy`e.ލg\\0	`ylْ\\\kPGU*\@\Vlp\Ռ˦͘\5\\q\w2\"\C㮳J\7\\L\wW$z\sԍ\\?z2\ON\\W\\\Xxv[jÔߘY˷\\gGni+V\\\\4Zgiƛ]j\W\\4H\m\LAfaZf1P鑅Z\H\`\=\cc\]\\\3\W\\'\\a*\6\:ǔ\\N\\rn\R\\0z4\,+\\:\\[\\([]\o\mXmo~*\~ |yk\l\5\ﮞ#F\߇\M6%*)_\\1#MJF\+mͱ$e\0dWQa\;H2Ш\5Q\0kZsL\\\Z~\\ۣJ\\WĂ=\R\q?\\;1Vm\\\citW\P7yS_\Zhԇ\Viqs^Y\\r>vD\Ko3[j\0\}\X#lg2\"\`\<3Xx\lՏ[\\'\Z⯼\隃\p\W\\\uz\]\\\L趭c=\\W\mf\y\],\\)7\jm\@\\b\Enؕ~\E\>\+\v\r\\4\#sR\7K\\kDcs\|7\<9<yZ\ͷ\\\Gh\JϿ\uW\\1ecx\s֦ѷdk5\\D\\B\\);J+#\Zj\\<\5~\,k\\\dljWY_⥰\?vx\g\@\VQ\8i_+U\r͔2]*p\_ā[\^\\?\\F\H׮\\-|\ۥ\\Fk*UM\\\>\"y5U\0m	?D\ֻ\0\\nG\^5\P\\\2:M@\zV^pp*\\V#%mBVn\MD\uz\\Hݍ5,\\u\\=6\ڟ\\{O\:bMZ\7A\4\\0f\0\\Ɛ%\R.j>\;g\_R|P\ \\Q\"b*\0>\MnE\\r\/1\R\\\-N^Wܿ/\ׁ\\\\\-,Yf\\\5)e|\[\W\\n\7W\#\N\ds:Gf\]\/5\\<yt~\<\WEu\u{Y\'Go\V\}mW\0\\n\K]\>\\\zѵQ\\\N\եs\u\=-R\?*\\0qw\\0Ы\k9dwXu\0\\\/\\R09;\\K·L\\}Ju9\Z.S\m\.ؖ\F-\O\0V9a\\R\\Zwh{{s\j\r6\?\"/\uKc?\?\\\\\xxZ\?\\0Ĳ\j\k\-2&zP-ۮ\Ov;8%i6լ\r\ۚ/#-[UJH\6hz[\\P\0WCso\t\\7\\rY\\\Ztq\6:Yueo<7\U	<7oE+\\± if\)\02*q_P\\n)$\\'\Y\z8Zt\|5Kc\\0\\Q^xen-^\\m+^\\\"ᷟśIBS\ˏ7\I\[H\>\\ʨ\\\z\5\\\so9\v\MB\\0\RU]Ϝៈ$Dv\}|\ҽ\\\\Xk\/<E+Y]>8-T\uk\\t\\+\%P;\0n_.8\\\k\^l\\0\"I\\3\r\\\\\,\ި\7TTNF\\\\\K8)v>\r\yOq\\DڋuZU?\5t6\*l5I\\<=\t\\T\j\[}6\\PZG\\".ke\1mkZӼ_1-X\\\:b_\,\w:<?v?-T\\"\\SPhoXۅJV\~\]E\\Z9p\\\\/23\u⾒H\r_\\\\8g\O#hs\ \\\\\ogD\e\'o\W}\CI\<O5n.vF\\U\DT8\rO\Zi=7U}7\\Z\bK>o|c\\O\-\AEyϗ\\ֽHEX\\U\]S\\G\"+\}ZCTX|F\K\:\5/\}jQ\\ڲ}\Kן׼;@ACz\\\\\4V>Gn?ݬ\s^\8\?\\2ud5/ZxO\QwcrIK\\_\2\\\2^[\^\$eü\n]~\פ[\\\\vQ\\2\\ITMψ|\|\\PiXU\Wq3\o>V\\vNt<KΎY7wW\\Z\\0\\\μ\U]o\r{Į3T\S\\X{\wz\M\$6\\//ޫ?J\\KF\r\'\\{:깦^\V_\և;=\F\ZĶ\\n\\\\+W!\UסBP\*\\x\X\\\\jw\'oہRɎ\\'\\\0\4S<O\p{\PvrҮk\97\\\Zow\	\wmiZ\Ǟ\ϕ\2e\\\^Tk);V9{h\\\\gn\\\K\\rj6\\\0}m\r$?\Ryul\D\\5\x\n\\\\\`\TM&\z7B\Ce\rܡ\\\\\^\ޮ6E>\\xL\l|\W\\Ni_ZߓZYYE\\V癵C܊t\\Cq]\\\\\z\\pȯ3z 4O6?2\tۨ\Afvo\O\Z\_\Z\\W?dG\\;M{wĝb=\"F\6|\q\ړ\\06\_;\\r\\n.U\\\rMKkw<B\O\bF\H\N\,mAK{eޔv\-tjꅺG\0[\\*y|\\\J\\0x5\\\'\U˛\y;ەE&ѕN\s\bjKgx>m+,?R\F]Ę\	\\\+\C<e/m\n\\\\l\\0\2Rp_\\xKr\0\O?pzW\H\wC\|۫֓\O-O\\DJ\\?,k^;\M@\\\zǘ$\\lm\\.i.:RC\'\C\̲j\jOOz\]\ުS1aW^=\ԖbK	\\5N\Bٚ\uT{Zl\=*ͯɖ\t\\\0B\OFo-Y6\\97|4뾸\\uƖ\U#C\.tq\~\0\ЭzƋSx}?ަA\\\7r\rK\Z\Q\@\\\}\\h-4^vZҶ\\\h8tsޭC\P硳O\kZ\K\\ \R1\U\\j\`dނ-\n\\դ[=ǥ`٢F%ߖn\OE[\nZ`ڢk\\k\Zf\\BlB\U\Un*\I[EzSuTtopb\\\\L\oޕ\ \ϥqW>݇\?\\\Ox*\/\aT\\\Û}`*\\N\'D+\	\\\3}C\\n\49\VxWwysj\Y]J)\詞|\'\tY#3\0~\y\\1f\^\&7<\uιsq.\0!^\\\\͜v\\\Unկ,\\I\F\nv\:\V~Xk\\V%\-epwV~\j/\$\\\\\K\kۼ\'\o2|^x]\GtB̿\]\hnm\\\߻FԐ7eRQᎸ\d\n\/V~fg\\r\鶻it\?|\.aG\\r\"Z\\\\K\\9t\\AZc`Xonj\e=Kq&*H?\cj\\\\h\\+U\"?:\\\l~\+S4\ݮk,㪬osI\Zj[{t}\d^zլ}ׯI\\y+=\>\\ҵ\t\ֲ\/\TA\q\Z1\s7\\IUk֬\c\b>\r\ꑯ!M\k68#\\eT*+ƺ\/\\z/}\\+ؠ#i\"K\R\Vi.%\y_sS\:(\ɴ#-\\\ ۵Hm_uZI\Ni6ּ\v+-\SW\\\ʹ\0l\Z踥\+\Zkf7)\5\j?\\\Sup\]֙\'\<1&~\\Z)>c	\\[߰zޑs\1\\5\s_U~ƺmͮjH\$oL\\\\ʁW\_De{;\\YU|;0PTu?.\+\E\\\\Qw5\|B\\?vb\K_<韤R-2Gp\"!^\-?\ztdמY\]H\\\z=\'\E\\:4\Vl\0h^d^-\CfIE6i\'\\j\<M\+&Ԣ\n\\\\W\\\\75\\ό/<se*\G0\?\Y\\\EAB\\\=rA?\+\۱\Z!\n~\0ʕ\Cs\\lxG5b\f\Z|/$w _G\Z^%MJ\\$<l\[ҥ\6\b_\oC\K\>ic&ħ\0ǫ\\\z\o$zLw(\7W\|ǚ\ڎٷ%H\\\\wn\Ve\_ITO	e\*,\/\\E-\Ҵ\\o\AF5ſT\\\[xf\Rkl)ċҙg:\gZ&?]\jT\_KE\P+{,\҂`\T\\\[\"\3ҥM<+}ʫ\م^!Mxl\\ş\ZO\Lx\2\V8j>\5#柷\\0fIޭ{<\m?5g4\vq\!ZZ6O\Z\tҨCҴ\~\^3;?\\4\85zc\Bkq\"`\&&\0M䵏\y\\Z\-a\iz}ګ\|\(7/\N\\\\0yk\\;T\\m\\$yT6\Ti~bp5zCxV&9	\\2\&\;\<6f2\r\]6Ḭ_\OҺh4ԅqb\\͊Z\<\}TC\\\\+tGo\\o\'\^_$\\\~\\Xi2P\WF\/\?\t\\=\ZԚy\ugʏ%ϸh9VA7\O\\0Öv(^\6ey\~\Zy-#ōeRG\:>\>!\\OR|9Yܨ \\쌕\}ׅ\\Kl\nü\m!\rz<\>]M\\\\p\\\wϘU\<f\}\ ^+ĵy\ۚ\L\hΗT\$\0_\k\i\\|\^\0\\{\\\l\r\\3\u(G\T\r\\k_y̙\r\s^*\\?3|,\ܞe\}v\T)\if\\\0\\0kzx\8;\p|\09\\`Gϻ\U\\Y:U\\?\V\r\\ȥ\\̄\\\0\U\J\0\0WPI\S\W+\\\h\b=\\_\R\0]WY䰟yq]Y\0OC\>\:^k`IoKҹO\$:\j靖\b.k\</|W\\0ֱ扩Y\\Q\Z@\\\^9x\[\\b-A\ZªN#媙\ǌ\\j\v\\+լ\\.=\c4ҡܲ>\\\z_,\\RMF\BҪ\\0\L@\rW9\G,-n\_\N\%jŃ\qt\\\sڵ\\\\-QG\ˁ\0\\Ձ\	\$\\\\TU\\Z\a\SG\\0>v\H\wK\\G\\l\\\\'\2WzMImj\\\zº\\[\E#X\P\5\Ejy\m\.\\\9>\\s[} \0w;\S\Y2\\'\k𮊗֋\Ԇ\\3Ȏ\x21e\WwV#N\^\\woߴ}\\}.?,kH߶\0U\ީѾZѽk2f\E\J\sP\\Co֛M\9\I\\)\r f\h5H̵֪qTIV3f\mVj&>zUg\ح7樚?FsG\\\iM^1\x\ԾM9~\KmjW=FхGWxnjWu$\S\\\$b4\cTMޫ!j?)\9\V\խa\'̵n\*\#6[\z+TK\'$y\\\\	6\҂\y|\P\Z\\\f9\Z\\65\zƟ\\J\=v\\nI\d\k\_\w\\GQrs7;:{WB\\\~\\;a\Qrlb,oPho\-l^{P;\5%;\g\̏Һf\̕%\O\\_\Zt\\0\wW\\0\ \\\/\\W\w~,\dWݏ\C\;*\eh\pʕ\\\\$?|\ПT<ͻ_z\b\2VT}\\v;LE\^Y\5][j\\y;6Ef\xu\\ёyq5`\~\^.\"\\\^\\\@v\'\\s\-pk\o\\=\\GT\\R\Rb͚\G;9BM\?C\ݕ*+\~}[w?)\r\ֈŢu)S?(-\\\?r\]ahu\\\^s\	<(m\\\&\)[Z\\Vzm\Z*-L\G\Z\B|gb\\\7\\\\0\}E\\\\\[\\3xz0\\:U\1s#*2\\Ѣ\\\y0~\κ\\Z\§Ύj\r\?\\i\H<ǥI\5|UF\O2\pp\YeVu\\\+r\)_kT,\\T\\\mn\̓\W/ۋ{\\s\\\\\\\\o\0\-E?/\\a.\د\",Ϯ\U\\=\T_\W\Is5z&v\=\/Ϛ\\\\\zW;3\ح$\ثZV\+sYX\S\\o\tڣuX\rk\<>\¨Q4}H*\n	4\r\r<+e\ʛ\.:\0?Y\--[M\0xUcR-\v\U\WU3ϩ\\rەy\\ڻ\0\\XP<k(ޑo\_qjw\r\\z|3o\E\'\27V\\1-M]OkwW|6\\ֺy\ZnW\&n$j\IY\\\>\XK\VL\\M\\\\\WP\HsH\0wP2nZ\\F1B\\\Z#\05Jm\\\ƊIC\UVn(\\wSZ\\\l ;\L?0\ncah&uF\\R*d\\\\\<\\ZcH)2\\ UW7^^\m\Ѝ[&//.o<\2>Q3K>fK\ٕ@3U$\rbv5WYoi%\\4ȹ\[\\\MnZ7ɃHl\oMy>h\rK\VqXnEl\\\w\cWw\RǗXEU&\k\Vviy\C\\\YQ~\T⠣\0fg\\\+HO\\&Õ\rIgx\\\n\5\m\X\\rj%2жog+\{Vc\q\bp\O\n*xQ m$I\\0\\r\Ҋ\gadJL̡k\VZ\7ȭ\\V8ZX\<%DS~\J\\=\T\ݎF\,\[y\3\~\\n\\\F$fC\\'|\k\\0f\@\\\\k\.\\\\\\aӵMvU\\\8i;LѦFJ\5\\\\:E\j\\\\\n\iB\=ڳ+\\͛KUY\{0GP\\3\~\_c\lz\\\0Lq^_\Fίպ2g\\\#Wi\\\,CI\kv\\0\ٍ-\v\Fr;o*\2y.7M\OMqs.w6\\\_r	RQD\-OTœ\0G&w&\v\DMV\^w:&mB\.%h\\4\\1)H\ɿ=w{\\>\VrND_һ֔\0>\s-to/WҒ\A8_\b=R)t\\Lg}7E\^\]c\QK٠G\~0G\t/\n\Vw\0e\\pΟz?!\	|3Yjgt3OU\\'4;]B	,ɸ\\*\=\]9M\\nk]۹41BοϺɦ\6|k[5\{)Shw=\\#;s\g\\\\\\^m\jξlh\Wf\݅9Kx\~6)\3B\H$-f\\;.T1鶱Oګ}\\c\:\I\V\[\ivH\\\\Z[u\r[:]\x\xܬOT\m?R)6v;\Z^\\m~o\|߅5\-\\<qtX\5nx\7Qé\U]\-uI\\\\k>R&4j$\wj_0+\!p\\0vI.Gݬ-,۷b\\|\A\эe}\\~\`Δi<\-E\mh\CMR\\\\j9\-q 榋\n\Z.Qn\Y7\R\TOp*\Qn\+pM58TܭILNY\\͹\m\O2{Q3n\jFCs&\jǽ\ggc\\0,mT)\\ֽ6\ʳVr7c\\ۧ_[7,6W\mb%\+:\ĐG.+\u%d^m\_6\.5;x%M\r\K\0D\#\~\\GoW\\~\ge}b.\U\O\\\jv\϶\ZCNMc\l=y\kͦ9u\0eַ\	 \8\e+\\>\\\w:\\\\'\\'u}\ͭ\\\0c\%׶\o0g}q#\F\\\QC\z\\0\"Ǯ\\H.G\Kqm\u\.Fc\\a9ڰtMY/>\\\\̶\M\|M$M!j+	r\6j\\1\M\\a\F53f\$\\ψ2ԛ\_a\O_\o/\j\\^+cQ\0Oc\e\X\\K)|/p!s\0=zO.G\W\\PID3ڬkrnq\t菵ury\%ixe\\\\\\ߥR\ƯF,\f\\'[Gy^y\:\̰Y\-z6\Z\ynd\_\[#\\\\kxbO\\\bK{՛+&\\'\GI\~$A\Z^?\r\ᶼU̼\\H\ä;}\2}\\\\0\3vg\&梕\\Eoj\\Nr\'\--Z\ѽ3,\ܵ^;v+8J+3XniR:\vK7n\\\֑]#\[έ~\jZ{X\}\06jߜrEҿ\.@+δ\Z{ⅺM\\ך\\$\eyc;ۊw\\Nճv\\̮PK7\O<P\S\\\w­\|\\z)\\\'\\.\|ꮵ!̎\=^Ip\\Z?ۑ>j\û\D\|\W\U+|\\n7\+ɩ\ϙpj|GP\\k󍵝\h\\>V(\Uw/lo\Z\ǡ\\\At\r\\^\{MA\lF\0jC|߼?7\f\1o\\\^?\in\\v>\0~\\XZn.?}\\\g\0\\D:\\0A\|\0\'ާ\\}\#m\]G*}H~@6\wIF3\\\\\"G*\\\yۛ\|\\\'5\\nh\\\9j\*3\r\P\p#\\\\\B6hY7UOX\\+3RIipUUw\\E\\\\\z/|\g֋b\\\Yj]\ZR\L3CIUD5A@ǳnji\P\q\Q5\\Ad\ V\Q\g\\r\\\\\HB\V\\[QO15\0j.v\ek0\\%nxEd-\\e\6ڻ!Gt\\I&f|D\ޡ[\U˹Mx\\u\;\f\\\~[s?\]\n`oJ5\\\\ZFq\5|+x\\:]&	X\֏gF6N\\\\|?\\\ȍ\S]φ|qF\\oUm~}\K͟\\\	s\\0F>K\k\\\-JI6#Z!\.+m4Xhz\\n\M\\|O\;U\&\g\[\6~cZ2<}\%z`\npݢ\\\+S^\ܳ}\\\.6DK\\\8d߰Wx÷z\\\#<E\c\<%\\\\u\z\?a\\#O\EiGqy\re/\Q$\w\\Ӟo-\\\ְ597Dաu7\\\櫨m*Q8\0^{i]\\C_\Zkڃ\x\Rwo}=\K\\\dkl\_&ff?3^&.]	o>\V\wۿ\ĂLC\n\OWq\h|3i\\0\^E\T?\Ps^\yYGSU=\rn*lj\yEͿL\k\\K\񉴉Gv\\%ra*J\Ϝ\v\\\\\z\u<Gx\0ZF\*\ktqp\	ǘ\\S񞥻ðG\^Eq\'\XP4u\\EM\/Uͳq!m\\D\\^Psf޵\\0g\>\y\6L\FH\5\\\ng\|_\5\\ӭkd\cTդ\	[6\gΆݎ#dt&W\a\m]ӣ\D}\C\ҟ\2\0vh\9K\:\h\y\;\;\[o\V\^EH\+\|\O\rq\y\(o8.-\\.5\T\mY,\WAq\/\\\C<A`\|\\cھ\\\:?g	\i\!``\\9#S\µyu\}.\\k\\0h܂o\|ٯOG\r~fsiEqX\\rRؤc	jͶ\\\.V n~\wP\>pug\cBj,Kg3mŤ\\\!-\\k0=_\rwz\\\ыW%\ڼ}D\%\0,\Z#\zw\7\\\\ݾ]\\N\\k\\+\\\~\\C\\Lo-Uk1|w\\a_$nԒ\mmZk\0.3\\'m\0j%mMjo\\\\yߴW;7LyZ7\\3P$k3T\4\\Z\f\٨\o楖^F\B\\\tV\TqvO4=\\\U\]\\%\n*ɵsP=\LZ\/$\\\o\\;ܕ_\ָF$b0\nVvZf\FV\-\\v\Wb@Յ}\pWg$!f\ۈ\J,U\>\\)\Yo&\W/V\c^ۉ:}\\0\rh\\fv\G\j)t16-[\Y\<}\\Uc\'P\5oos3N?5gJ\\F;Դ\[\'\jld\y|\\r[\T\tv \\?b\0z\f|WwMX\}%\7\\\\\0\\\QU\Zyo\\W>H\'֥39I\\m;k\\lŬJ\0I\\om\%j4;k)	mQIT\J\*+\"\\p\\\k\m\A-\\\m\r\5\ͩ\\Z\\5\ksUd\\_u/HKp\04\0\s\W|Mg\5}z4v\?Z\G\>s?|ɑ_mVhd\>j\!\\\\np+\\\n/\"?6׫\\א|=\0G\\^ܵ7;]*M\W䬽35ڦ\\\\\]\\0J\n\>Kz>bpWqr\#\|Mb~\²\\W\x\wM`\R9//ּ\Wǹ\\>\\ז\AdM֊G?E\߂b9m\;.6\\\r{୦bΑƏ^\$\nsԤy뻟<7bS\Mm\ʒ7WEqps>\ޯ7\\3&\Cce5|?m^x\5ɐUZGl\q\0}T6\U\\vUs\\c\x&f\\Ysx-tB(\\0\\n\0:p\CC\Ϗ\6k\?\'W?\\\r\rݚ\\I3I\\\Rj&\\\\)\ӗ${[\\V\r_\0>&Zx6r\0J3+p\~oܼW|/ךT̺t\Y\S\0W=X\zE\j	Ip\gip\\\N%@\kED|\\\yOΝd\\Z\\\\\\\#f\\0c\T\󨹢EyN7kʼ7}\v\\Iʯ]\g~wZx&/\W̷lQ5\ZJǭ\\S\Idl\Kl,[\0⣚GU\0٫\\1\\\n*/\QlM\\\yi2\4\Tr\8&\\\U\\\\V\$>v\ئ\\O&\b\0wD\\r\ZeƸ8a\imˍ\Q\\\\+3DˆA\F~1j\'}j\rS4|\ll\uSiZN\Zܸ\\\qM\6\Eo\s\U˯p~\G|\'\1${ˑ|޵\Z\;T\\ZC\rp(\\\\\Τ\>mZ3j\Ƽ\Zkn5A#`=W7Ȼj\\\\#\<\oo5v+\\\prj^\\˰\\u)|\\\4\tϭ\"\ɚ\MX\\r\߷\\]\*.y\Z3L\܍I\H\\#\\\	[׆\b|ެ\WnO\'\T\0j?q8\0j\2\ũHEQ*76\U=k\r5J\R-1\G\>oj\?>\\sO\\\I\kJ\Kdl\r\H`q-6=O\h\3`\0oiJ\F=\Z-3ӯ8:\ny?vi\\W5Tg\l;T\mUoU\T/VN;My\f\\/e\j]\Y\:\\J\j^y5\kwۑ\U\@6Ms\\\+WE]u\ϵ8|\\]\\MR\QZ\ݽf>j\X19s1|HH)u]\x:DV\\:Dg\\[u״\4#\\`ۖMնk\")\GX\Bc\=¸\\\gբ\3R\nky\n\o\\\0uW~\h9\]U=\ל\\W}\\\\nz\\>5EW\E\h׮\\|\6_nY!_3M\USc\ix\K\<\\6Ԯ-\\\ޮ\Wng\\Z\2\y^\\){q\\̜\k?t}\-V\\Zs\7%\x\]~CҤz\Ğ\IΞk\\(~\\\\z\\Yʍ\\\&1\tؑ[\\0e-JY5\Tvbj̢#~~\C!#\\\ȥh͊&\⠞s\\\0G<[b\\^q\\;\\el}\\\/T6\\uA\\YNgueJ~\=\o\\y\4\_\\\\W\Ky$i\eO\׭~\M&\\\a\0\5\*I<\\\\4\Z=\x%\0f\l\y.Ӻ\\Ո\\\k7W%KP\\4=j)1G\\RB.\̽vUi<w\E+͵:\j$je\\0\\~Zpo&vn\\0flԡ<\0}\=W`=\\\\Wi~1Z\\\̸~aaNߴVrL\=&~\\\\\fڲjV\Uy5#\eh\\\\Tϙ\I\'\T\\0j\6Kui?\0R{\:\TM޵\[Q\&H\F\$f\Sd\\6⩥\]\\j7qV\\Qk\\\I7\\7\\ޜ[>\j\Ό\I\\\/5b\+.+z\K\-;i\l\)E)\\V\\鶏\\>\Ji\Ӥ\ϻ\O\>\\\Q\	\Y^6\L\S.\i?;o\Q\\όw\WOKys\Zu֋\;O\>\[|qa\\\s\/5\i\Յ\Y\*gn\9pUs\k}%\\\Z\\\Uy\\\\G(Z,M\\\\\O)j:Lmy\7T\f͗\\^\\\u\[?\s.8Ly?K\c\\\Z׾X\l\\mr];Ҹ5\\\\̞j\#\20_\g3T4	7W\w>j\w\d5\\2ME-\\Y8\nw\'\5\rۖO5%Ǚ\"\juEzZ}OW9|;\V\c\6k\^\L$>kxzO+SOz\+=+J\׸zO2\	\G_7ݮ\\\-W̬\\0v?\\!5\Nk\$a\0MR\|mj$\\oݚ\O\\[ޯ/\b+@\\"⸉\|N\Wq\\墉Q@\\mwXK\BJR\09>ϖ>z\#;\c+\su\=B\\\\ơ,\\Z3ا\DȚ=Qg^jҴ\ZmֺnjN\4ֺFZ6\ner\\\6v@\\x\?/\Sw\Z\>\?\h|A\\"<\(C\_\j&aU,d>R\SH\VW9.rԗڃHvz\nS/(ɨ}Tr\@\\r̯\\\Qh\/\\+M~z\_	rs%\0k\ dP\\W\?ͻ\\mJ\O\ \ؖ=|>\\\\T&,uN\v\\#\2e\\0*\RI\\G\\Yr\\j@Z{i/Z\\2;|\UGm\rf\$\\<\r0 n\Ǘ\3Y3T,\s\3zSwUZ\f\\a\"ГL\\\3g\Tɹ\\ݩ(s\\C\P&4֐5Ue\z$cqT]˿VR1֋\0\nʵ˕\\\\\r2?-6\\܀|Q-q\\\\̀j\m\wֹ\˃\0\Z)V\ogK<ar\&\\0-?Z\u\Q\FH\qQ\j\\x#j{oE/\\\\\mж>m]SW\^\\O\\0XG[x\#Vٗ_\j{\\\\>ů$е\\Vk\%h\z\L\\5܌߼-L\\㗓jk%u\H\\\?\\0\rH\բٳ\\o\\\։\\\$KydneWh\稠\\>wߢƉl䏟\\ZM\t\\0v}W\h_@ګa<2IiY]\,\\*\Z57Y:V\\\zV\\u	\+Qi\*)̒\r\\\Zw\0\\ך\sb-\Hw7Mo%\<\\05\\\m\ݖ.up>4\C7<Q-.\~}\\{\\\\0v\[\\\\\U\W\ݨ\2l\{Cn\\"[6\_JՄo6\I\\\\{k&\\n.*-E}6ե\\"Qb\?2m\kLM\Z\0r\T\\h;3nڦb|\j\&\;y\\r~j۹[F*{3|+}Nro\\Ng\0P\JÝRC\\\\Zs\\r\e}+WxK\Z&&F[vީ\\\\\ek\\ZӣV=;mdj\\\\	A\\?1kXn\\n\n<{Xy\}\\o\;+&ԯK¹\dh\\_yQ@D\\Qs`\%5v/\\AB\l\1?]\TW\?^\'\k}и\d|O%ϻּP1\\0\;u7ג\zp5\Qz{\"G\ҵ/\Vo\\\\Vt\*V\͛P\\]\X\\VP\\	;kh>\\\-r\\\\0\+ۙµ$>ȖJ\SJlUc\<\\\\\ݵNE͖q@\cmWh,\4U:\\m\\Qt\l\\Enn\r\C\Z\'\0嫈\Mc\r5-3\Y^\.\\\\c\\=O&WrdZxj\Y\6\#\0$\\;kgS\\=+\=i\n\Y\S*i\y\i\qT\\mbc;\\le\e)\\=\\\\M\$+T2\u.?L{\z\&if\\ecTMq\AUy\^57\\\n$HV5N\i\MY\$\&߹+\&f\6\\\\\\\rQO\Uuv\\\3\nl\B85d_M\\L׷\\?\n\\\Fp\ن\&f\*\sE\e\L\?ͻo<?h%\0j]7\~sl	H\\RB\$j\ǝ\]\\\o4V\\Zn,\A\\\rt\V\qw5Q<\\x\\\#\0\0\\\\\\\0v\r\sUY\\\[FeX\{o6q<g\:)~wu\0e뼸\njņ\),?\\3\sVN\n\\سɷ׵\^[j2@\0zm\9Pe\0j\>n\\\˸\'a\\\\\\SCF\\\o.|?e\"6QU\\Zc\\*\eq4MS>;\Ķi\\0tuh\\\!w~+\\L\0\\'\XUfWo;#\ۊ\\\|\iy\\[iɿ\\ե\\x\糓s|۫\\>ƻP\bǀ춪:nc\\\r\GvB\0\V\n\,E\\CW\gl\r\?\^G\k{K7v&\0x\#\;\b{\\;?\+\}\!\pG\\Z\\\*#֧d\!iH\ý\V\T\n[\mXM\Yțg|1\\\e\EϽs\r#\\^\\\֟f֔\0mJ7g.\"bv\ޛ^\ᾟn\0\nӓ\\sUեa\׫\d\><C#Z\}JV\Ltb\%\\0\oqgm\%\˚I=ij:yukx\\NmQ&9j\>㡡\\%oS\'ō2\\\\om\\- \n\\2l-\`o\\<i\\\\l_*\rk\\\W\\n\\r+\h(ڳՆlMY^\'\(\k{N\\v}՝\MW?\\*\~8S\\'ޮ*u\3Wk㉾ѩ;\u96YF[|\\S\N۹\Zz\\\nϒ>y¢G>k\uF[\\0\\x\\\jvҙ\~$\0>\>\\<{eSR\h\\Z]rutz\\\\\r\|\;Aޯn\\\y\\ۊ\\=ؾ\~:I\HZ\4ӵx\U+\wTX\\gJ5Xn*)\\m\{ӟ\\Zc|\c\5u>\T\\\PY\\\L?\r\%#oz|\\\k\?\?\\;\*\'\\y\jιZs\랆\\8UG\0\\r\,rƺUvLmZ\o!I8\p2}Q\\\\E\Nۖ\dO0lnj@mA\6lZo\\Tru:\jF^(Y>U\\Tb\"\n4(n?\Nʢ\\}\\#-f\dQު\\x׺--J\i\3\Z쪹*\\y\5$sLc\'Z;\Zc5V\N\d9v\e\\~\t\\\\s\ӱ7+X\s`\hX6\#\+\fZ\,\\`Lf:\rsSsj\V\\\\\\l\}*\L|\Zʱb\0elf\m\0VL\\\9\t&1,\F\ZxYC8\\r\\\6ϻڣI%߇`z};Ok~앯>դ\\\\9\z\\g\Zr\5W{\\,\G$?5\_\"\n\0v\\\";ԗ?\*.hz5\\\Kv뺪\0n}䜅o\W/\0	@6_kk\<D~\+}h3\|Qm^q\\WxV\եd}\\\S[⏵;$n[wW5gf󜝽Tb\kkϰ\\\Xڮ\3Ksq\cj\nju9$cMr<\/\C\'\kqf\_`\\\ؽؾE\0y\\\\r/\v\&\Q\\7,Kq{(mF\0jB\Pyu3)3F-K6)\\Z\lj͛Xx\\5u\\㱴:H\Z.8\\nx\)[XElMʱ\E\nȫ\h\\3\q\\\q{mIO2ca\\!\T\*\:\=\P\\\\ruPcF\0z\v\\0䗄5s\rȊf\y$|L{\aZO\3\\B\8݃i\rr\:\rzW/}Y\\\\rz\(m\~\\\\\\0>\*\rQ\-\\\\\\r\\\3Ҹx\j\ʴS$\E0?_\Jz1>jzWD<O\}\෋\7}\ܵk\\\\\XmL\|U\\Z&\Z[\\\\\0\I\Gc_Q_2ڰ&Q޺\-\/~~j\\r\\\0dP5#\Z=sֽOī\o\\C\#\ys?-zj\QE\\v)c\\V\\X6,\\\'\A\\V\v:\ҋ\)\\0<\\Q5\dܼP\"\<r4Ū܋UcKr\_\*k-ܲ?\_Knd|W\?v~\\\0+,XUZs\n$\Bf\ѪyL\\k}\0ڮe]\\k\\-yU[\9\Y\\\rj^6\՝/\\ݼjq\:y8j\P\\Z\I\\ڢi>FȪ\uRv\D\rM\'[@Y\~H_\RO\NVO\\d_\gCSc[\\	cj\yp\M\U\\6\,K%[u\#T\.>\\\jyXsޕi\\\6\Yҫ\L\Z+[h7,Efz\K,5\r\z\jԳ\8\\PѬY\\\yG\\\\\OݯUk̬t̿Zy\j\56i-\Z\dn\9\\Qm\_\\5sچ?\S%D]}\j[8~ϓU\\v|2ª\\\Z\\twq\A\\\\\\#9\X\97wjg\\rA0.J\Q̵a5yՖ\~~\Ydj\[RPbA5\w\njW1^\\\\wW3}wxs5LB\\\[ږ\\n\\ƭ\\\?PL,q\ż\ơ\"Y\\Ք;S-\5Dv\Y\\YZ\˚иEsڕ\\a5I\h\\U\\Ɖ\3\rgG\'\7Wu\\OK\\\	~h܁ڮ\\3\c\\\\}j\\,\\r_U\0\0MB,\\G2~\y!#\=č\\],7\\*\`ڠ(K\\ZAM;՟K\';\\ըsW-bU\j\fϸj(\A6:+{-\mT\\"]\\rN7;\r:_\2\m(\\rhMKi\#;\\\\\\\\%Α󺷮l\\L\ŵ,F:TRG](\\A,\տ\\ڼ\\\\\O\\&Ǟ\.\\3Hj\]-Ԁ-\E\0~\bjÓ\\Z|{\6\0U%\\0\ƺ\9Q\0ĩ޾p\ײ|Z\iR;\W\ڗpw*$tӃ\'\$\-ՐƼKٵMC\[ɵ~\f\w\U\'z\72Ͷ\ٱ\\\׎$\\?\ru\\\\ukA\^\Nd=EIǋ%ly\7\^\\ۯ\N\\|\\I~k\\O	Ŧhd\\ҵDxt6\w,٤<s-W\|;R\RwV\\u\\b,x\۶#~ uV\\u@\S%Ŕ+Q`\<v\rڭH>ݶ\\m\0tWY#\\D\+\m\]޶\\ôk_R\F\'(\0Itj)\:ϝ\0>[\g\C\k\\Y\\\ҿmM\ĵsV~\݅VgI\j\^J˚n\\3\H\\1\o\\\jz\5~&*K\\˕\\#\\+\Z\~{U!&g\1Cɵh\\\\\D\Z\\75/0~V\W\\XDRf\UO->a\܌\\Ŗ\n\\ȜUVxD@¼\?y\*r\\	\N{U\}\~UT\݋j9I\,jS\'\\Z̞f\\o\hI?yۺUɶI*\\\]O\\S\G?uT\0\\h\\q˭8^ߏ\r2\o-w\V\<a0\fɚ\7\v\\\\\>\^J|\\q\aYX\3Mn7\niz\\N&鍚J4aHmQh.\m\a\\\>g\0ݮ\M\k\\oS!\ы9Z.\\\$ֻ;5e\\\Z9\<iۮ\\\0T\Z\ֽΗ\\\U\In\7U\\>\O\Ʃ|\|\\\%\ZN\=kJ\O\p5Ka\\"6\o+\<}*\\>_js^-F\?u\\I-X\d*\s&\\*˺tf\h\\\\|\|+6\p\\\].YG\\\\y+\]8\\\\6N<7.\\C\\ɪ\"\Xhnc9sM\Z\5\U\\,?&\5\gmJ\w^\\\\q\\KESb\-\\\T\[֥֚_57SZMZ8\\'\5Kw\\0-M\9Jy#U\Id\\ѻ\\9Nf\\ޣk\'Vg[g\+\#\w\0v\4vl\\\'vS\%\z}]\y.0m4w\:\.Zt\'\A+\\&\ꑛ9˙\\T3|ƪbҊZ(\\\[\ײ/s;h_\ \ԯ\o;/oʢio\-]r.\c~o\\x?L#_­޿\#H\\\=2\so\R#;\4\_q\\Fؔ\\D	\0_\l+\#_¢\\ _R7\\TOq;Ԉͱ\%\\,R_7o\\5*\\{/mtw}µj--\g\>\7t\[\\0j\z:/ZZ\o\\\#WL|K\R,6\\@\\\\Fڹ\:V\\}1QHX\{\E}\\\C\+?\f\.>Ze\\\1\\\^~jk\ѫ\"\\-k\\k*\yL\bc^I\\?}\s޳.\\MQs[\e];,\]5\{W9w}\h͘\$ީ/s\\Z\\wN\5Hi\O4~\Y#q\E\u#\X|2\TD\V!\+[\\\Ry\0zj3y\\n\\cK\n\E<\Nڃ\H\;V\V|Jc\\\\\\\\\\z\\'۟Ur[~_\Vi\\\\vmp\iq\\]\0wԴ	\v\\a-WKs6R\\m\\\_\\M\Z\\\\\.I\)\"3\/D8j,Zd\\\T\ǹwc3\vnZT\0\[wa\_[3ו\\Qc3\aC\Z\'\W\b$^EsZ\\bOfk\\=*Wm\UUR\\\n\\Ȩ ypW&\\;E^\\،M\|o\R}\6H6U15\kwgF\'[\\\.7W^}6wzh\P\\.\4hZ,&֭\\\~}¿\YZ5\|\"m\\0g\f\vy\zAmn6$I-]2Un\\Z+r\EPX\\Nehcҥ\\leZj[j\K4ە9\,*\5NQAV3\\}֭\\$-bG\S^:a⚖\\\5\"H\ը/H\닏8Mb\\OF43]ԃ;Uk\|Hb[[D\\0W\\\\\\;oN㷲Qa3\Z9\{XןjlnT\]\ujam\.6\^N\F,uU\\\Aϵ1\r\>׏R{\\ϓ\rm\\\Z\m=-\p{V8d%Ĝ\h\hè$ݦͩ4|\n.;\\\7\\at8\\\\Z\\gT\5ic\\s\X\6vѷj\r\>j\c=٫{JM?\T\\F\0\0\Nh\N\0Ad^H\ˆ\ָ\|\Ņ\\0٩EUʱ/۾UV1C)\+y\-\\\]z\\\RŰ]\B\\Z]i`Uir\\\/\2\rSJMK\\\7G\\\\a5\\dh\\q \\~\L\\#\x+sV\|Y\X\\vtĢ;;a-ɶppܸ\2]*5\rb\#\LI_.\%uEx\M?\\\S#\;E\\k\a\L\KVU\\حK˻5LKϗȹڿ[\Y\ĺwV5\;cU\]\\t\\M\v՛%o^/V$\ݾZcIޥJUo*Fl\_w5Q~\vm7ֆLy)z\܌\i\4[:V$\g]\h3\nx\7S[\\0YS\\Z(f>n\\0wUY#}\۷u\\;iGεb9<\8E5Ad;\\7U>TZM͈u\"\\VIT\2C\\']*\\\\k&4E2\gu#_4\U98z\o۟\أr\Zsyw\\w\Q\W~\\ʡ\\\\\Zj\LUܖǽCE&lMpdl\\U\\0z\PZYtE/q\x+\\?\>\V/\\"c?-d]\yj5Ic%\l\B\hZmC\o\\+\\)ثeU\\\jL/\+\%N\@[}լax!_\P\\U(әpJ\k\\]\\@\\\\7WI\\m4y%\^\7_\\,G(\\7|\\4m>\(m\njy\\\q}\{}\>\پ\J\=\#eثU\\\jڛ-NӅV7UjE-\U\\0,\gޤ5(%:Xx⯤t\QUaɘ\\dM\\#\\^XDk@Bk\\Z\\p\"\0z>cs\j\\\2O:osְ_L\j⮎O1;Z5Mg/\\0yG\B=?Ow\^si><\r\\S!xSTp\\T$W\%Mɵ7A\ru.|\\@\\0g\\I\'\\d\\L{̎:\\Oq\;PtQE\0}\\\\\شwk_\	*\6ڳ\M%\\\Z>\.7R!M-#\n\I%0\\\'j\nԪ,\\0*\3Ej8\\\0g)E\$kꉞUP\Ү\uYϷێ*\k\\RG$\q\kQ\0$3Ҁ2[O5\\\񇍟Pԭ\+\\=ygڷ*]\\\ܟ7_\~\ʞ\y\5\Mi\aU\\\V\0ujݸv)\J\8\\5\\<+i[7\\>Ol\\9\\a\\\rϿd\5[8\\\ZZ2\Q\T\C\Z8Ӵ6נ\\$\A\ǿ\֋\~U\2\-\\7-gx0\\\\\b\a*\J\ERx&A\\\ׇ#܉xՍuZ\\++3ڡq\n\.!G\H4s\\<|twv\0;=dO\\Z&A\\\\o\LK\\\\\6+>h\vL͢cf[%nW\\.?F-\ҳ\޿:U\j\b4jѝpu\\\^\I\3\ZXjɹ5\0H\(-\%r`\\A\jC\"3|\kR\\2\H\n5\4\\Z\oi\_T?tI0j5\檒]Aeɟ+W\I#m++YQ\O7-R\[\4ԟ?z\pd\jlU\\\A\v&<\\\\<	\u\\ZV)-nf\Z\\\\-b\p>\ҭ\\k65\'޲./7M\\>i׵b\1\\X\2\\\3qULGI.)\\jþu<{ϑFi\j\m%\cͻ$\	_9Q=VT\0V>xk\ (\\Z8L\\y\*t3\\Xi:\*Q\WPF,?f?\\w\Z챖w}ஸ#\\>-?J,H\j\÷vbV?if\OU\\$\:vҦ?+\ӱW(˚c\TO4\JI\|1\r9;4\\rDkr,*\w\\\77˄E!\֡G݁S=Ќ|\\A-!4X.Ux|g\Ś⧌-t\9\~Un\\\m\O\g\WxR\o7R~\Hjs^\\T\\Z\\\n?\Z\s\H\<Vq\|+\ZQ\/\[\AN\G\\rx&[so\We\]$\{\\¸MQO\ՐpS\zT\\\(/J(\F8\^\\\\Z\\\OkWe_՘X\\x(}J,d\r՛\iޠ,MJT?-SƊ(4\\ǚv~-6‱I|\\j\3\\0g\0\\ZՠG\2{Ҋ-W\/\\O\v\\\\v\n\l\\\{x~X@=x\\_~oo\ՇD\x2\-vlyuvF\I;\m,#ob\5		v2e\\\Zf+\\u2\RH\+\$x.\\\\\\\,\8u\ۙ\0z%Mo\tԗ+6Q\ \qq߽\*\x\KZmy\.s3\\\hZ{D\p0z\\\\Z\\S\U\1xWMW\*؛Uzr\\sM~Z\\=x\JͺRZ\\k6\wnF<\s\͟.\A\ܽj-7QqYGRj\r2\\g\\]\\n.x\{jFcǷmTw-[y>VsTv\\\*ȿ#TK \OxaTM\ZE\\H\\\V\\g\s\\n\\6C?/\Vd\\s>?wU\.ø\5d\\L9\,|?z3:?\"\\|\QMy\\\\e\4\Z>\\\\	/\uS@n>\&sP\u$\0TT\W\u\\0vs\h\\^\汯/?Ѿ_\\I\\>_\6L\K1i\p\g\\{\}EyΊKe5sV\1Z.nε<sF\e\\\+{\w\H(⫔hO6\\<\\p˚ʚ\\"\\PPu\\0j\3\/\j\\\\F\J˿y7\<\f?3\Z\G`\֬г\s),~\n\\\\N\\ ?\'\\\⯹;\wJAPU4\\;\\0ү>tV2\'z\֠\R.Z\\50]AW\2Ի=6\\\\n94i\\"\XMmE\\wޥ6\,.c,6\\TS[\үO}A#m-;1h|Ҵɬʟu8К#Ƹ\'\\bnf^]%n\u}\yLRiIV[ܿ\Ag!q\0h2\v7D0^O\	>խ} \\\!X\	p.Ư+q\Nd\\j́\\y\_64\v\\l\x\EmC:\\<}\\\<\\]ϩ\\l~ d\:\\=O\喼\\\\\'M\\\M\\V>MW\<\0\K8g]j\\UՈq\E\0~6d\$q\ED-0\E\n5\r\\EXQ\\\\<}(*ĳ ,\\7\\=]\\_\bhHh\o\4Q[\\\\\\'c\\R\4/\āU{-N\(O&\R\|\\֫]\H\I\QD܄1\\N\{;dQ]0\F\\\\?ާ}\ڔQ]`EqkǾ*|3Mb6/\\\Eh)Sw:h\\Z-mq-\\\\\'<GVH(h}	76E\\W\f\-\͹h\PM\|6k5\ܳފ*\$ɻS|V%¿̹\\\+Ddʷ\n6\KݢC*\\\f+V9\V͆\\3\\\Y\bG\\w\HVj\5^\o1\(D1x!\\|ޕ34Ο-U\\ɕdV.\\V\Uܒ\7PHdr|ZC\\Ľ\%X\0\Z\r\\\V)\0\\#V_\95#\\\0\\Y\V&\)\\0\rS\FQE3&Ijȟ;\K-\Ox\K\i\\|\\EH\#KXV(\j*\0\r_wCE,o\n\Ep\GE\S֊*$P\\uPG7\\?E\i\/\Vç\:\W(m\?6\1$R6lt]51\\&j4@\0\hh\O\g\\A\N\\\ĉ\v(٪\"\K\\O?mp|E\\"\ڢ\'|hgՕ\܁Wx\O+lm\S \\\E\01QE\',0.000,NULL,'2024-01-04','2025-03-02',NULL,1,'2025-03-04 11:06:09','2025-03-04 11:06:09',0,0,151),(2009,'Kapila Vedam',2002,NULL,_binary '\\\0JFIF\0\0\0\0\0\0\\0C\0\n\n\n\r\r\\0C		\r\r\0\0\0\0\\0\0\0\0\0\0\0\0\0\0\0\0\0\0	\0\n\\0;\0\0\0\0\0!1AQa\"q2	\\#3R\\$br\\0\0\0\0\0\0\0\0\0\0\0\0\0\0\\0\'\0\0\0\0\0\0\0!1\"2A#Q3B\\0\0\0?\0\0j\=*\Z6xN\	BA;\X]\\rCy%;\\0{zTm$\\أ:[~\	+\0\\\k\xw8[!\Nm@\鱩WlI\~\\\v5^\{Y!eBPT!\\Ԍ\Z<=*١8M(\\5_q\r4	ܨ\0=\\Xْ<\ƮᡓԱe]\zu\4v̨S\-u\0$:}Dۭ\dBs̯&܃\\\\(!$N7\Y\\\:\Į\v\ծ\匡NT=N\\i1\\_\/^\\];!\jH\ A\7c\S\ބ\@j$Yɴ\ULP\n\'\\j,lt\߽dT!eB\\U\P4*`楀	\'ާ	\a-z*\\\-wQ\;ğMlo+\|M*k0\<\ie\ny>\vڔ\5k\E\-0Dh( -~\\\4EJKD\m\.\\\}N7U\{o\-z\<c	Q#\6\YE\\r\\& 0 =3HݐѸ\Zeh\eXNpߦP\\Rd\ĕki[|\\\\"3)%\TPv9\\[-\ti`^\rfJL5\6\ˊwt(\\}j\N9̜푸\qF1+$2SPr\B\T*\jV:\0\h\҄4\ʎ\0\0w=rђ|Pq\Gu\rle)9VwJ@\=\ݷMϐ\ D!\%Ζ4Cww\b}(ˏ@==gT\r\aIuDdpMb\>5\\\RF\\0Ôk\Zz\㎸\)\ʄ緩~\0&z:\_\nck\^\Si\T޵\VH\\\ҿA\\-\\\"!cp\\AD\V5p\kz\mΌ\`\r^X\iˊ\\1T\R<FTR@W+\\RZg)\\^]pB*a\Uжvϥo~ZQ\E-\/\\h>j{RB\\$\\kX\#\\"\\$\T\nF=\P\\\tCR{\\\OB\0\'\83Sч\|b\\,7m\R\\'\&`\~Tw=qJNC\cH\\r\\A~Պ\ \=\5\x\?)jqKWd)\Q\Nh\\3k\a۰[\dih\|V\"\KD+M\[:iˁV\?\n\ݚ:X	\4\\\r\\\`$%C\9γ*bCPYS.\"ұ9\6vB>\\\\ %	\F\@\\\n\\G\h\=<\0\\\\Zk.\_ $\=\\\ieˢ\\ZӐKHm+\'@#\\P&\\j٢Zp$mqڡ׋:\&\\\0n;j\| w9;\\PuƮow;\KҥT\s\`1J{C]y`,ㄐ@_\\ lf)\\2\\0?*=\l\*mT|\\0cpBNR\\>\}-\%\0\VƦ1Ed0}{\Ҵ#0[\zӪ 6\$\doP&.\\\\\OjM\odv\\r\Iɐ\3\޷>G\\\\rHk\h\0yT==q]?\Ke\0);y\H\uJTGt:$v\Z$@ȚR	9=\\:\'`jG\'*»#\\*I\d\?\a[ &ѝ9@T(.ԱljVoc5\\4%+\\	ߩ=\0/ޱ\ZLM)%\IJ	i?R@80b}e12Km\JT\`nO\At5/#-V6\j\ev┏\]I\0\\\r\\\\\\\_BQ6OWE/\7[Fw>=\r^X07\\in$B!\)\'q\*0gK˗LFC\'3)¶\<\w\i.֥\%ʵ! \q@򄝉\0\\\F\_/>ڠ\;9\։,\-\\`-s2ߩt5\\OLw,U\\\\o6V\tT\ܩ\rI=\]D^\qMkh^x\\,Z׈\@!i9d\Z\\m%DiԜ}v0\0\sBl\\,ux4%\V7\V\	\ZrDt[Bzt\~\)*z\AKqDb\bFO\\r\s>{\\QE$\㷇S\8\Q7im	\332g#3~#\vM\*7\\3\\6-1bSD(rTI#$\r\kT\\\J\j]5s\Z\p\hFm.8\ D\7\;ӿ\b&HY\[\\\\<Ґypw\֓2\\c\\k\\ȳ\\\{R.\\'Ԇ.\tn1\n8\\{ k?ѥ\\7\t\Ţ\g\O |Ɏ|g5%+QXg\~э2÷;/*q\l3\\jRt8\0%.\vs#\I\܌V\?\U\6\\\Q\0(\\\rbBYZ\\!G#\YF$]7	\\1\'>dV\\0ϾA#جjɃjP	\lw.\\Wc0\\\\nJN\9\6\"4\n\\\\@\sdڪBU)Šg\'J*@\\L[S*\\JyՄz\\d\sb˶(\\\S`؊\22\w8&Wa\ے`4\Z}%R\C\!\\r\\Z8it\V\\\ZX\0\5\\o\؝\\\KI\\.S\)`\\¹ΎeJ\6	kb\>\|X\.LluFE\M\\튌\'\A^BA*\:WSFZ9\^\\M\-|\!\\\\2Y(Hlc\\Y<87L̓iI\>$\\1\ m\\\\ѵǲqb\to\Hm2֤`޺\_*Q\eG\\M\J\\\n\;Q\Ze\x2ժ\|%ӫJ߆ʹN~Ry~\Cj4HT+`j\NåBUOڄ\tAWc\X`+\\n\\C- \!\r¹nDz\0\v#\ro)@\bb\U3p\%#\dtWT?\\H\<\\"\8¼\\MKa\@8\G%]?\'x,\h^^\\h9\s\R\"\\Z))Kdn+\\;d\0jf\R\\8\kiЕ %\&P\n6 \\h?a\t\D\A\I\X\\-\\P[a%)\"bwi\\\\\lT\җ?`\+\\0Z8\\1iuA\$#a\\L6\"-Gv߹t椀s\$?CFys$zb\lv\\K\0wF@@\8\럥.\Dq]2\)gS\=\r\\GjD\e)V	s\P\C\\F\	Jdr\ARlvs\Bd\\"2NHڸzZZf5\rWO*sԟAOWɭk7&d\r?\,|\\'p=\u\FR\- %Z_-WYK\<$\;枦\\\%\A\Z\\қRBУ\TB\ӧ55{\-\>Iz]\+PQSH9\|zP\\ayj֬̈́\\\U\=h\zFRL\W1%J\2SB_tV\'\Ze\l/ߒN1b*y\C݌OYA33\DQd_\\[\\\`s2(	^>\Y\\b,\"\CD(GM\"aH)\'c߰\\\_O\	\'8NpV4\D;[;sy\2Sc-	\\u\rH\rg%\\\ۤ1!+VݳCrC4X2{髣\a\_BTۊ⮆\\\+ \c\\\4\\x\w\\Z)i\\\\Y\$[\>PɊ)%G\0sS\T-\a!;\"X\24\d-[PF\r5]\n?+2*֤h\[	ז\B(\*\1\\M0錿 NN\\\n,\i%>S+$2v\E\n+b\I\\݆ܙ(<\B\i\'!*$\cjF\ނԥ!Z,Z`ɟ!\h\)\Q\% ~\Z# w\\Y:\ޤ՗۴f,M\\\yOʸ\(\-{2\\\nB\<\LUQ2\?\ey\ڒu\2F\0>\	;\\c\'7@$z\\Eh\na q;=hKkZ\\0)w\D.\\\D\Lg\\\rP\P\j.r3\)y>A\+ᢰF>5tF\T\fC:v=j2&ʊ]i\q\[\\e\\\\\\\f\~6ͨi2\\0t\\\I\rj\rᕣbS\\\;s\bmEy \r>Cѷ^Í?\I\\\,ύmHq+	i\ r on\н\8j~q~[/*\\\\\^q[)aR4\zB4U*Ku\\r\GA\?)9rb\a6P[C\0nz`P-\?\\\:CG\r!mt\\nN\\\\u\\rm\ܿ,VIn\\\uʕg`q]\Zg2\n\o8\=U$\\'\\ׄ\<\\\Q\N@\'Ё۷JrHBol}[\p۱̬Cv\0\ra+\<\LӊAC\rKy!+\IX\\'$\\lֺR\ltDa\W\\%]\\'|\T\\C\P@R\0\"\ZY6^$!C\?\0!咐\$\&\\˯\\M__\Z-(\\\N?\"\z\{%\\\\#3!\n\nB\'s4\\q\S\\\[MŔ\8;Z7.\$\>e+=\Zeq~\\v\ҀEs\\\겖J\\0DVzLC\\8q\]\i\KH\f;)%N\nF:\=5\Dm]n:\P\o7W\\n\=:\tЇ¸w>g\"St\Y.\Qc\KA\0\.1\-\\BK$\$m\Em\.\YZhsE\\n#$\\\\5\\\nZ\*hT\#qCa\"\Z6\0#\'ްb\\Z\)Cy	=G;\F\0$I\H*)|s@\\ZckB\\\0\\04!$t\0\mo-i\	\\\\UFy\[2\\\8>5tQm\n%;\QH\\\<\ڐH\b\\Cx\J\Z[f\\ƹ\gYNdt;r0H=~H\(DY\Fmmʏ/\"J}\xoڈ-\\CY\I	\yXg9;V\\ؕ+[q\n,\].+SV\@\\"KP \0s\]|\lluϋgt5\2\\d\h.ʤ9\0\޵P\\\b׆{N\\\]!2ajsl%`dqU\촖\lֆ\I܆u\0(\\3y.HAXPGLE\6\Ut_g\񟂤;k\\O|\ZC{H*L@\	V2z\4aWǩ	\ $\\0{\0\U?e\\ɕ%\A\\0\"#ݐ\g\\'\\zN\K\\\#ZqLAܤ\>U\}\\\\9*c`/\Z$n\s,\rCO\\\\\(	\nXn\&\%8)ږv\#1A\6\`0z\M&\\\a5|\\Ԩ\n\Zh\$Nb\'\f%\\\oG\"\\uf\\\\{+XZ\\0|ga^&\\*+$k\\m\\\eb|\\܂Cx!X \\{\\Ю$F?\Zv٥o\a:|榶қH\'~Lc\0ȯ\\\.KCP\\\\4\R\)n+\+/\'\' }Wk]2W\3-\\#DlI\n\0\n\\GM\!3#\\l\dB\ڵJiX,\JO\f\}9-Ci\HR}z\\#SD\:$\A\";Y)j#5S1\e:\K`\0\'|\\ge+!|\\@\\6`\e׌g#=\\0+`\!`0y\\C*D\D\X\6O~5ɑ\\Ì=\ie6$\\'=0)w`d\Az+oEy\M\r;n\OUe\gl\Jr\<\\\\F\5\YZ\Z\\3\\rJl\PTh\\\'HSd\p\0\\\L\ףr3PE\I\n.)S<[Nr1@68\ѥ\r^\Ojٮ[\\EF *\\܋(6H$\0z\\Rc\m1\?C\+D\\{\ZMG|\\\BV\nz\\H\\Z2\H\8tƶ)S-\P\Oq姝*=F=\S]o\w8in6qNhv\qCi\A\҇\0d\W\!`\֒\Z؛yhX\<\\\hn\03\5S+\Q|N$-yjȧ\\\-Ju9mCڨZ\"-b,>\	SI\$,\{$?BLB\\%\ȳէGC\N۵i\6	\> \T|SᶗT\pʹBI\7\\ۭt7OI*c\#\Bn0\\N\TX\M6H\rk\1io\=ȲS}ck\0;!\\\õ䬧	\\7;(v\Zmm\\\\W)iry%_67\\6\pZ\65ˍG.I\&\\\\\':gsk\E\\)\R4>l\\HY\)~\e|\\6i\!\\Sߒî8/ \s\\\@ߥ[c8̸jBi/55\9q\mJ\N(\',0.000,NULL,'2023-01-02','2025-03-02',NULL,1,'2025-03-04 11:09:02','2025-03-04 11:09:02',0,0,137),(2010,'Kalyani Vedam',2005,NULL,_binary 'GIF89aI_\\0\0\0\0\0\0\03\0\0f\0\0\0\0\\0\0\0+\0\0+3\0+f\0+\0+\\0+\0U\0\0U3\0Uf\0U\0U\\0U\0\0\03\0f\0\0\\0\0\0\03\0f\0\0\\0\0\\0\0\3\0\f\0ՙ\0\\\0\\0\0\03\0f\0\0\\03\0\03\033\0f3\03\0\3\03+\03+33+f3+3+\3+3U\03U33Uf3U3U\3U3\0333f33\33\0333f33\33\\03\33\f3ՙ3\\3\3\0333f33\3f\0\0f\03f\0ff\0f\0\f\0f+\0f+3f+ff+f+\f+fU\0fU3fUffUfU\fUf\0f3ffff\ff\0f3ffff\ff\\0f\3f\ffՙf\\f\f\0f3ffff\f\0\0\03\0f\0\0̙\0+\0+3+f++̙+U\0U3UfUU̙U\03f̙\03f̙\\0\3\fՙ\̙\\03f̙\\0\0\\03\\0f\\0\\0\\\0\+\0\+3\+f\+\+\\+\U\0\U3\Uf\U\U\\Ù\0̀3̀f̀̀\̪̀\0̪3̪f̪̪\̪\\\0\\3\\f\ՙ\\\\\\\0\3\f\\\\\0\0\03\0f\0\0\\0+\0+3+f++\+U\0U3UfUU\U\03f\\03f\\\0\3\fՙ\\\\03f\\0\0\0\0\0\0\0\0\0\0\0\0!\0\0\0,\0\0\0\0I_\0\0\	H*\\ȰÇ#JHŋ3j\ȱǏ CIɓ(S\\ɲ˗0cʜI͛8s\\ɳϟ@\nJѣH*]ʴӧPJJիXj\ʵׯ`ÊKٳhӪ]˶\U}1v\	s#_Mt/O\\\)#)0 C>r\0*bd\"^\ÂC\\&F̦K\{\\r\0\0Dm r0\"\\rC_Md=h\+&mZ\̑U\v\\\M\s\ޙ\GyĴ^Zu_\7ǹ\\>z׹%\p\H\"ix\rsނ\r)Әd\eg\Zo\U`uͧ!t+\&\m~\a\%_k{6\2\1Ƞ2U\j(\m+\&lB|\\\'ddv\\\\]\vܝ!$ i{\\\v[5R\'ُɶ\lHx\mMᎦ\\\jbH\"s\iY\m3Bwv@\pC֜\nt؟sjz)ی	bd{݆bx\)\"\0	Y\\V\Jؗ0i\}a_\\p Ʀcp\\m^lM\%ҵ\n\YJ}\%\9\^~)!7`Q\$\\	jk\!\nی7\vݦ֗e\{*\Jfݡ\yZb#^uNfIқ\rj#d\)\ní\"\w \^V\Z\0d`feZ\\l)wA\b)\_9ns?Ɔ[]\W5i\mf\\\f\{\\'uW0\n}2j2fqYa\\\\'m񲐑XjyoM\\\NR	=_o%I}]f\\\\Z\qB\\o:yZ][8m\&K\!~M2\w&\!F\9\bzX\:V\mۧ\rDO$zh\laxk\nz*dV+\\rh\\Te:kڍ}oi\$8]X7~Nϧse&l?2\\<wd8L\݁p3QL{˓c2˵no\:\,k\\>U̽2\R\nĐ%)8lR2\RǼ΄s6نK}z\}Գ\qIVu&<X}7;\Zj\B(=\>\;\\)\0\Ϗ<\0mx։\"\0\\\]\0\\Z\\*Gs,$\]42&\H/t[>\fx\\1\խ\\o\Có+ɨmKM&&DenI\2sIQ]\\Uw\\[i\~8\9霍cs\^\L\d\r^\O\\2A摰TQ6\\\d\ZyIS6xvtáXŒ\\\#J!6\0Ôn&ΞУ~+\ը\\Emڠ*eN}\\\r3W\oF;[\بI	̤\_\\ņ\D\#^LKE*Z\>G׭7)UZ\U5\B\Qx\4n\rm[\%o@\t\'0\k(Snc\\\\,$\rfҋkZY\U\\IRY\ݱd\KNQ3\Wo\j\O\Z\\fG\xl](\\\]l+Y3!\IrbܺC\\08]\MXuw\GAM4\n@k&vжܜ\Y#~\xU\\VЩT\\L]\\r\\rTSٮGZVh\˄_p!\Nۀv(\\9\/cֵ\b\]\C\l\\Ζ\\o{\\`-$l\9OS4J\@^\\S[\eM4b\|fW\R:\\O+]\08&h\0$k(\qL:jQ#X.3Ub0\`Zh\\\Ey/%\<a-[Ȉ\@ՙWU}\\n\\"o\e*Cj\FsJYX8#J<\Ox\[X\\n0\6q[caQUQ\\\\v\xJ\\N\`\wy55\nʧT\\\\=\r\p=\=\1tt\-+9uNݯ0DfsE旵*GA`Q䋮\[\\-$,7J-l\E0\\{4\tnX\\6\]C\JC-\.u\\uJ_r/\HXe\xn\\\Zcy\!ELiJ#DYьĞ}3\BK\On\cd`_T\\-`Vd򪦐Vΐ\	H2a\q/B!׸Ƨ\w\\\H\\\sp\\\4zY\r\,^	vՀ&\\5UpܑY\2aGz\%6\%qnG]\!.$w\s^l-u#~/\\\+\X\\\\0ծ;H\\%2h\чX\\z`2\%!I(9\;NH\u\ox[\\P;׏\AཋӠW\vUh\,\\ȁ+\ne\I\\NNnsa/:\\K\\\r\E\\Z\|\y#iM2FJ5sE\;\!9\\*?\0\A\]\7b =\&T\Va&g{\\qU\q\x\v\		\\x\ZN|\\q\v4\xwn7a\uz\HRU\9L\4\\l\@dTC~\\frE\Ad7ur\'>x|x-(	/\qvvpn\\'|\dQbQ6v[CO\Kc}66\D&j-vb%fr&wq\'*Hui背p|H\7a0\\\"=@\a1H\'\v1U1z\dV5|1nfa\f,؂\\ -\s\|q`sXxg(\\q\7 z_R[\vf61	\`\0x19\R$b\Z\\j\\a\UWy\؂ո\\јx	\\x3\0om26MQ$+\\"91f\Ax*G\Q}\8AG\h\Z\q\0uTg@i\g؍\q8h\ZՈ\|\wu\n0wyc9#8gf|.I\PI\6E\X\r\\{fu0\؂yUѸ(F9ҸuYH+eHbO!\\i\aayCaD\$*3oxg@b8o9\8-Д\3h\8قzɔXuq1G}c~;4IU910(I\0vBw\ g\dt$@6\!Fn\tW\ uY\Нvٍ\Y{(@y\+\(\Lfz\Ә\0,\\ I\HF]$(ow,Hu\i\\ix\\قH\xy\aQ{ѱ%NbD\X8s79}\`dr\D\?fw]wuI\\\Уq\\@I݉	x7d\"o\\\8q\\'\\}:-*\\\nc#T6\\!Wfb`\QI\أ\8zIz\\ؤyZ\YS\eNaRwP\?B\6hD#\zbja RF\9G|o\\\Z\PGʗ\اJz\YyʔIۨ1rr0sl&#l$	 QT4$7\\{)0p\>:\Z\\M:D	1\^ďR5\7%Aap\z\HS(ǖqaP	\\\p9BB\Zߪ\j{yix\'v\d`G\6<F$z}mxZ26Z%qQ\'x`\I\ZI\nD{ZJ\{\G\憰G!jR\8<rt	\$.\Vw*O\\\'x:\\\\j\*F[L\Z\7	v\Z\|J&G!c\cP\f\0[\^ŵ\\ZC𤥽t:b\I\skzz	r|j~AIUzxHGVh\JA@MqtYjjy6b\(ڰw:|	B\J\*\xiP[<\S\F2T\v\ˬg2\d!zE\\G|-јHjFk{\ȉ\۹\ʮ\nUCE\ZSL6g\\\ftMћ\u|;(|yKLi0ʿj\'-:\K*\\315]*.i\"IaK\|!W5(\\ۿ	:{\)ق׫]Lx;)rgdy\Mfc\Өh\\\'gP\\<\u|\׌U,-zx\yz^LcgafGY4\}\H8V\Rm<T\/\dbh5،uL\z\	\Z\Z+\\YUgb\\.\%MlATk*%wD-\"v\>x)ոx+\		\kN\'bJ\I\[\HGV\y_R\ZNVhȗ\xW\@\\CiKZ\I\ܝ[\Y4\qa\\-\SV\r+B\8+%ə\ZVG1>ۘẕEʉո2xꚮ)ͱ\*CK\\(	Hixyx\"(\F\'L-s\2p/+	}4(B\	u8\\ML\O\0͗\)\˯\x\\r)Ա˩[uϜ̇\p\*<b^OHˬ8Q~iPgnrء\\N\\؍X*l\;͗\Z\nКx\	Ψ6̮\~eR55â/\3dl\Ɠ]=w-ç{㙑)/m:H`\\Zy\ltQ7y0vks^{\b\\yLn\!\&|S\\M5\5]z	Mن\q|\p\y\xn,Q\H\//|mљ:	܉銆v\\жG`ǌOirw\g\EFxd)Aޕ\\T!u~\]܈DKE\ۍ)|P\\]\\*\3HY	v3h\\'r`\\ZE&Djk\'LR޹+\5\f\aw\H\\;\+\1-k\G)\R.\H\즌tFCQS5m\I5\MhtȂ	\\Ŧ\\0\\;\Z	ݦ(ЋW\\hЛ8c\\;GA3\M\R#Rͬ\A3Gb\\\\0\\^Cj\{+\J^\Jz\aކ\a\3[%ds\sA\h\h|{bd\\\=\.\\<ŕ͞+,֝sY|\6zU`\W\~9U\"*PnS2\\(\\[PJ\QL\ʴ\\\n\\KQN|X=84V\DO\kP\Zzb\t<x4\\h(\z𨬮?\\\\s\r\OK\q\L\hnV{\Z\"-\\Ze+on;\ć\Zڡ\\nip\\\*Χv+\L\\\ο\nB\ؚ5P{D\\v#>\\"Q74:H\\P\\0\\_w\TǮ\\\\c\r\n\L[0.\4x6.\"b\-X`{\\/jo\I\@I\my;\\\\(\]9\\:\\,\տ\\n[ f}\N}4+A/Z\Y\AHȮWq\k\\-ܗ=\^\@\\0K@I\r\*ɠ$aw%\\qQI$E1`x4\0%MTARōb\S\L5m\ęS\N=}\"d\0al	QFf[`\\QdH\"#xY]Nm)\ňu\\n+i`As2\-\0e\F֎l$9@ʓ%c\\S\fΝ=|\0Ѣ2*hK\[n\Z\r(\;k\\+\V\ڳ\=.׸݃v\b08߶l&v\R(F\[(\&\r\0Y9F1.A_|[B\\FaI#,-+\S!A\nxco1$\8Vcj\*ȬH-\\n\˸C\0h\06:\0T/\*;o4\4/H!$r\$\H*,Z\Z\\nKF%:*Ta\+:졷S\!Y;5	\"\D\E/\\\(|Q0DZ\\\$\F\"E4\Έ\"jȪH\n,1\m\n\BJoA UɨQ*Ң\\TQ;&;h\Rha\r.Ë90\f<H<l?E6ZQ)j\\?\\Jբä\+j\\J&+7(\7$K\=C\\Z\\"\U߲\"mM5Cӥ\\hV(\nT-	\ҐbT&2tC_+K\0\\-h\J\i3E\Mp\_J#f+\\PP&\t,\r`\!&8k\\aD-]-\VB+R7:Z8nuo\n\\\r\n[<\'2p$9R.\\f\n\\O\MA4\<\4\($\",S*X\\na0Zuo3\\a\ҷ\i06R\]\\\\w\\09R\s0pL\<@OJIZ\<{\m\ncGG\b^hWI-6M<\Z\V*:\\J\YH\"څh&X@R\2g#t{T㔂-MO\ZPR2\ \0`I\\n{\1$q\\Qy/x?\\0)T	`ƥ\#\K\'\\rJ\VT`h,Af\J#E\\k<2Qm4*\\&@ŭ)c@Uе\/hTV7#mIX\nXuiJIB(t?=\\|otق \@G\\Q(\"+ay w\\Ĥ/J\"(\ۥV\<\*,R\"yvÛV\\IDn\SJ\"oΆ*&nH<⹪\b\#:Oũ\FTeVP(edҚjH]))e)\0$[\@\X \rm\(~gs<\G#<`Q\6*-*\\\Z\Z.%bV4bpMa\r#1	U+)H3˛.\"#\Q\"CgJ#N+ã\\\\\FD\<%\\g \i\JP{dv\?dw\P\Ez8AE\Za-{*`b\\wދ\4V\'uqS\\R6\S\UP)DN$xZ),\G@Ilq\2	n#\\Zjd\3Q#Y\\"KY\"\\uu<wX:\	&x\`.\\6]\:Wo\\\\GrK\(FY<B\`MC\'Y+`dI\r\d\Db-Pt&#+\{\;&^\X R.,\׀b[\խ\mT\0vx6\N\HHr5IqDDw֌$ě쪠0r\j[`W3\yۧ6*\P\H!ml\0\u+yg\{\@*\\\J89B\\=Y\<	42\E \ra\w\.y)\\px><\\J\+U\\\[\\2Qާ\rᇿq\+Cz%\Lh.\a-Z6-AEA\Z^\(\\E3P*ލov1\r.JS.*A\\\\\3\\\-鶃)Mr2yLz\\\\3Q A0H\\\AR\)q~J\U5\)jMWC6_ɧ1U5\\[\*W\"X<z\S[A\\~IU\r\?x\^TH)WF\\,/$91ȑNSd+Ěsv\rG\nu#f\HS\\Ҧ^I\P7\\0oZ\\iH\\\i\a\>G\\3\單|.\o*\b7n _SVY!2\_:b\M\^\\\JMt<y\\0\Za^\Z\\:T\قXj%]\\0\1\\ޭ\>ZԱ?\Z\9¯\Q)\adVs\$W\s>L\\\a\R\$&5ҰS\Q\b\h\0\1Wd*5\)1l\4\\0&\IU\\\ʩ^t\ZWF(\Z{ܓzA\*YL\\\0@){Fu\g\A$\C0>vH>\;\ЂR\*Y5\3&B{u\\a-@0\*$\0\\"\;`C&\0aH:4\\6IQ(`غL60H>\cv$\\;\\084\nj	\S\3;IIA1!\0X\\$\j`$S\%v\!qQ\\C{㛇$\\\Ë\6\p㥡8	\n\\\;nK\n\B\s詹ł2<a\0y0:^`\#^X#\ c\Z.B\;d(\\[\n4Lي\\'d)\{),dZ%\x$A\"	kQ\O\n\\"E`p\`8*R1\'49NE\c@D@T>\\m3I+II\"\\Q\"LAps>\Z\#\Fm.b`i\n08EKŎL[z\0{cqy^^(tbyD>^h(\\\1Ђ\˘r=\\<\\0K}cĔHA/F`8RH\A\y\'\0\"<3E\4\\<zLº$Uћ6Ƃ4%y\i\aґ\RɄIȄL\ʩLYgt\nSqTT\\t\n 226\Z\CP\;\0\y@\ɽ+\nH<\"\\,0<\ 1Ȅ/\I\[ɼL ^@[%ك\k\D\c\Y\S\cS\\v\vX<vĽ9\n\"\ZHl5\\*za\n$=\0PN\+\&鼦a\0\\όA<fswJ\RC9\kO\r\IмRY\\QI-R+a3JLf&a\?X)\P<3\=\^X>KÝ\{!\ZJ^RKq\\z\$\\0zD\{3 tZ/PPѠh#\>CIRkJx?N\H\rK;lTU)ʐ>\E3ٛF=>Mah\EBS\'yѶٙ0L@\ur8/J\\	\@\ \.+aA\$I1i\Lպ\I9\\SҐl\\T\CŚD>$Dz\h%u;̍\\L\1Zú`4\Z`Ť\)C%\jKT<@\\EųYs`V\\TMHվ\{\)\6K\#\*.\r+?>-\-@\N~ݞaC5C%Q7\L\MM\\"DSlg\\\UP}FEfM>MQ\\\#\\\nI\1wŰ=(\nr0\:rӚ\\!\H`Pں0؎Z\UTͥ؁pIL1M\\ɗ\[\:Y4A \0\Z*ѡ\	O[\\\1H\\\a>\nDV}֎;¡D\RDE\\r:ƣ\#\\=3-E\;\<\n9<\Ǯþ?\j2,\\\څA-[d2}\4\\l\ś\5\4QдV\m*\rڎkyh6\_\C\QR# s\\@\r\UYU,#qR\%_e\9\HD\NMN\^ql\_4\vp(\P\]\uRO]?<\b(,g\\rOj֜\;-S\\0\2%\\|O\\*uQ^a82}$vX!L\\x\\\M\=źG\șˣž\\b\QzLa֞Y\\\\0Nc\\E\s`\\[\ds_M\\yk߻@6\m\}?߈\PG\tܺPD9*,R?\`\%\\M\Q\ϼ\\\\Q\_|k5\\\m\e7yC\\\@.,;Mc\TtVI\"\8-`S\h\\i/V\HvI\DBEX4\\0n\^0e\0U\\u\nM\U]\T8yn\\V\u܋^VĭZ\\\)\LA3\ޚh<J	\0\Q\\\fl\\ų\\V\P\\nT\\u~\n`j\.\\U\kK-\n\\Z\\\@1Obf/\\l\\\rmщ\\ZWF\\r\JN{|^HQ]j\u\,`\ȇF\'\kO\\v^{\\G\rfU\\\\x	ᐞ\>\k\a/=ŉ\a\\ź\3e)\Z(\N\݄[\\e\\Q\r3l5\{leVKf\ri4\\=\'KUI\"\0\\\\Z/냊F\f\E6M\]ㆍ\VNvP^ց \\\0\0\ZFB*\r^Q\EV6\\EaUa\TYcﭩ9I<`앫5\\>\\|C\xT\\n \\fM\ZG\vXBg	X\\_\V\@\\\[]9g\+\`\D\\Zt\\nᗺ0fT\\1\ \@\VY賶\\#dF\1Լq\Ep\\\\\Cuյ&e\\xUB\"\\;\0xP-\a=\\0g\\(5!gl\\\PDo\\\c\r\\\\ZB_\M\\Xq4C\\i\\۸a^>/Xp\\R+H\\j\\X\a\[\ɼ\76so\'\%V\nu\\Y\0oђ\0bך2}N\8\\n=-D\s\p:[8ėnl$[D\Z\q=wA\fF\{$\KP\e\\d.&\\t6!\Q\rT\\\2\\\S\\\sQ\\xf]k\\O\!,RN\^D!pa`h\\BTE`\\E\Q*g\#(\#<\][\0*Ѕoh\dZ\\۩g7I!<X\n@\V\\Z}yN\>鏉^\lu/ \\r\\ZQC\HxtAEU|Z\\\}Ĭ\0~+LAчzH	m+8q_Pv\'\GTך\(X\Q\y\">ݡ*\8H\+EnT\9/6\?\8}\z\\},h\ BÆ1\nfQH$\\ED^%YѮE\"-ZD\E[hy\"̉Q\\ee-9o\!Ė7U`\\$a\%̒$-\\\*Va&YeJ(5g\Eb\|\H܆a&Hh\.޼z\\\\\^eTsA*\]\ZmIո\T\'lʒmIF_2u\"U+a)T\!D: J5\0Srf\U)b\U+\-F\\!\̘@@&ҧSnB0\N(\\\]AL٦M:\+o[a,o1\i+\ؾ]ET e!;=\RT&gEZ\\gÈu0\qT\KT{$\0%x\uhKhH1FRKq\\\T[I8\M\Y\Q9\n79\dQ:MԐP\斂TQo]Eng\N=C\m&e\Td\G\.[$LAAT7\J1()\Dc޴f땤\Gy\\Vy\v\K<\\\B4Ahh\'\\n\$OH\D-gqJ\Mu[{\(\gCfSZ\\0[\02$K\6p\\{a~$UŠnFFl-\'Pɭ\\{/A\8\h\q4c\zJ&fo[)*a\D+hQTTH*q\nNM\\rا\<yjdVI\]}.-5\bʢ\sh,lyBRSg\J\/c9\Ն\_\\\{J®M\J0K%\H/\n,f`l;\\\Z\$<\wa\[augۙRfeF?DLb\r\\B3}\VT1	`UCŔv<\\3\"\\RͶ\\	\qN)ɇb\7\	\SE\"*o-6U٤\aJ\B\<>L;Ca/d\l\\MSMX\r~ZXSy\G\\0qcC<M\n\Z^$%)&x\\\A\\\Wz6<!#\O[!I\b9\	\`LS\\	5G\\I:Μd4\C\\\\6!AqIf̃>\"3i\'b\$pyԢ\!	\";Ԅh\]tjI\^@T\\\2\0!m eh\bqJ\;%3T\\\"1\\CELY&\S°H)I\J\ԔB4Wz\K\J@\n\"Qı\\rr%L8A\HT\;@\0A dHBȸ\,	<L-\ARr\\.Rť`%\ir(\r&f&Z\L0\raHÈ\\N-e\+ \4ǫHD]\ĨJ])3\\"1LY2+HZY\=۵\0T5\	\\"\nc\Zk<~W\ o\(r\a\ZI\I 	Aȡ\\O\"RFjQb8\YRAIMr:\iqi5ńSM=\n\Zh\0h\RFRZ+<bH\fb\Z%?edg\\x\j$\dP\vҩJ!a(\"\\\r6f\\\\Iq\\#\cKSZC5a\Bx\"\\ςX(E&%q:\\q02پ\S&a\\\!\'c,p\D\FU&r.\0m\Q\V1\"6)S&\$\d/\1hy%U\	\\3oI=\\\o$T\\;\"\n\X6\lQޢ\\\rfh(\~\fԳ)h7!Z\\\p\'	0\\LHU}\AR,\w\\-4(+\,\rE\\\$g\(\%GwMy\\\n\n\\\\x/Hp\0X	\1\0\\\b)1\9C&\=X`\#7	\!r\N&Ɠ@&2^	æ\}sĨK`ű}-\C-3Md\v7*åfi\b(U\?\5\V\\BCì@\!	\Zc\'\3\Wk	|h\ԁt\xX~\_13g\%̋.\* \.\\\0dk&=\>B#z\ղ5tNT0Lk\0ΗL(*^u̴\8CG\ᛉ\\ĭy折޳gH(\'k0YND}\6 ;\\Q%D%-\\.Xs\D&\(\%\\Wqۡ\EU+<$1$&\'Rk&5A\rr\6V߂8\f\\z\xCes\_DNޠ	ʤ\ \g\\A\f&\m5uwds5hi\'\lXIv\r\C\uG3dwݧǕ\ԇq\0\1=\$Ci-S\\(ݨY\\w\<\OL\%>B^b\\T.\\\f\K\΋d!o\\\D,?\S;U\r\\\OD\?BH\9\SyħX\\\rNL{!\\$9\XN\Y^\\QE[\9PD\0\0\@ىG\I\,Be\d4\nJӵ\9|9\\!\t	#,Q#)u\\\\\!P\r\nO\*!Ge\0\>0a1N0Y\T bp/l1\0!/\\\\\B\HH\"R{ii\V؍^o\\TaV\"D\tG\\\Vӭ\a\\\9W\a\n\O\P\xM5F\\@člчA&$\\\\0\\"\d\`H\r\-.\-\"X\\9\\a\\n8\Z\d\9<\횚/\\0\`\\\\ɁI\T\[š?\#Nyc,\_܆\ \jc:$.\T\Sυ]\\nʬ\=PEc4\[\ڛ\\dG\Bq\_\ZoJDD`&\\\'M\nSd\j#Ed2d\\y\Ő7\$8\'C<}\\V\\̔\YDT]\qPT@dc\0`V\\`)b\qW\0:b\BVѱ\\\\\7JEi\\\\\ipeÝT\[G8j\G4ԅ_\ \[\eH]zըY`Z9IZ$cN☟L&\e(IE\\O)X\\M&\0j1\"n\22G\\QI\e4`~_i8\CY\\\'\n\Dm\'\VS$\^\"q\א	\f\\ЁG+jHhPXv݇	o\\$\\ne\'aEs\\z\`&\K\\\\\"ڐs\\j\rH\m\hKń\ZZK}c\n\\k>\p>\)\\Z-$\H\I\nO\]]Dqh\ĸF֩@\0\p\Yh&\8\'iċ\\Gќo\(\]bHiqI㐊<,9\qG\\\\\\\H\\\rpj\\D\\_.\_`\rKj8	M\lhaf\\qB\nbj[l\0\\dIPtǿ$\O&jl(L9\}\z$0{DKH\k\ի\Q\Z稊^Al\\".Ǣ\Dp,KSJ7\\\0\L	\֔q\|Ua0ELڎ\\\mT+iČ\U,G0Xi.݆\ج,,\[(\Qm\\Ǉ\[\0+\S\iDWE%V@\5jMx\\`J\\\\xKP-6\\"`*Ċ=Wa\\\|\S-\\$\ˡV\, F\Κy]WLi׭lZ|\h\>S(\EJak\>\r`DHb\bOX)V\Pܾ\n#^-\0\E+bIe1ApĈ-ӣ%\^h[PŴ\\KS6틾N\8bd\\0Q\ZJ\r\&\O\]Y(\pXvZP\i\\\\1\\\j\Z\a\ʬ\Rޢ\\SfdOM\\\z\r\\Mh\U\\r\N3Ν\\Rꒋj&v%\+~̚\Xm\1\j\Q\Ի\\.].m\jljƸr\ \M<\Co\\\\\\PnZhÝ\-ڢK&y\\VbO<nP\kS\\0g\r0܀\nPU\1c4v\\L-\eI![~p\r\n\0gU\0\\p\\Fi\nap\	N\(\\\G\\mMhjq\m\`-\\"\"k~2$y\\\TFJCuםVq\\jH\"\'\\%lkf_%\FH-\'%k+\רRr鱵Af\Zէ¨\"\WS\\nZ\\2E\'c@4Ȳ\-\'\\CD\.f\b\FT!psx]Pk\ZQ|K\J4\ܡa	EhE-\.mȭ&uW\ԭ=\'K\\8oAbǯr`O<\3*\iԦ9?\b\\Z\ZA\i\\>$q\\2Ekv.6N\\\B\\W\1\ĭqhP0fV@/ɣd܀F\'{6\<\L5\\"\|\\\n\0H3u\~htULoI\IYU2St\m\=\\qD*[\\<\U\\>?_\H~:rJhHq$\\I\Q \\Kõqٕ/k&	U\\.6gJpJ\x(h\\J1tO\cFmVk͑Iv\\J<Vt4 \'l_\N\\n\ĚJ\H\\\ZY\\X\%#@_\\E5U\\F#NGO\1\yZyy\nי\IĀGQ7\uJMT\0(wzq5-#4֠6yqhK\$Al\wuΘ\\L56\wPSJtY\lvH^\\ZJȌWmlC8~\wcLuLZtbVk\Zg\\0\vqW_\C<M\\\E\\Fh\N{a8\8\\	y\d$Ҡ8\2\\oX\].v\11yO\'t^\ƀ\`Y\\\"w\\\Zc<\3V&F*є\cysJYK \~CK\HWq,?\\F\\<tS/ i\.pb\rr\\\HJutQAH\کs\nR\N\nVK\\0\\/\טʌŪKMgϑ\r{J\nLʒ\Z\H\"*\Z\	\%#\r\\$RڠU\n\QT^g;vR\r<źNu(߅%gI\{\jX\>gNUR]\'ww\/\`[\6\^M	KA\\Lh\A\b\\XM>p\so_y\rvML﷬i\ZPY$߽AaB\\\r)C2rɪډri_q\\xmQ\\`C=\\OMy\UW*#\%\r\ry˄nIʿW\\y^-%:{&5KP \U\ˈ\PxEM\~%a~e\FQ\~\\\ZQ\$\\\rn\w\B\;$0L\0D\\\1;\\ӿ\uT#\5鲏\p#[Fg\\\Y\\\\V\"H\<$\\"l=4\(CK\0i@Ԓk-I\"\R8p EE(0Z.nɨh[h\Q o`	8ä!Ĝ\H	&dHP`O#Bi\E\$)L\\E:jUWfպkW_\u^\ތHp\.Fw)@F\\EA	\'abƈ%|h\H\>\0xRTH\<aGi.ilkׯaǖ={a\.<*2B\y\sӶ\\r\G\?^H\#ː;\ڔ;/9+I\!\<\k֔D\Zm\\\\ߕ0-\ä.\2Kp\'\\\,2ۂE(\0#:zL/*\'\r.\\\\\I&(O^\O\y\+eqOIrS-S$N.\*\8H\J*)̣-%0\\Ezk,\(AK;0\\\EB<\Ne\Q\=m\C\\31Ƀ\\Zn \\5hpf\\J\>RHE\2\lt\<\;\n#I\vy\Znjt$a(b\U\]HI0j4\\\̸Ȕ8hl\nV\4J;!J\J>̶ƛ|KLɂ\2\Hk P+\W\\Q[JI٧^\\w? 3iQ:sm%\Z\6}@\\ݖ`\\#V\\\r\(1ewV$5&^&zQNa\qU2%m\n8Sf\\汔\?\0C|\\m^#a$\ZR\]\rq\wk\V3.\6b<Ko\\w[dyHr\=2ފDM4\zo\\\ق[\Y\\`!KZ\B\;AT\b\fJv\\!\䴋IG\zva+y\Q6oc\\"ȸ65\\\1Y \H+\\ʘ>A\\E\Kqem\{ZlQ\m>~ַb\ZV\\9ax1\rT(\\nX\aV(=azf\\\3ozR\\\7\<Qm1P\ ŭI)\\1.q+d\O}GA(IG/J\\\\\\>\"\ȫ̆3<\/5\\^>\X\Y2\>L\r.x\nA\\[\\v\MY_;RDP\Ń-R(\\T\h\Yb3S\Pft\a\\C@C\0\^,Q\\0\¨\ nW^\I-\\䴬\e\1\ĭ6aLQܚ;!B$	T0F\7\8G\!Ka;1AC<s+@\\Zc{\4/l\@\B\0\\DR7Dj̳\1iiܤ8nq\ךvv$C\<\@`\!o;\0\aE1\0Aa\\r>\\%s~AZË!o\JKd7\xh\.\F0+\ky\+&ʜ(\'\V\\xQN\&TJ2q\Qa\K]\rlQ-k٢:&Cf\\jU*\\FVR*cbA&\\nV\H2A{q\\\z\)pD,\rV\\'\\(\\-HTܜ@jhs\ȾTE\g<o\\Z4-Tʎ\Πu\\U\ 4!Cp\ hX(W_I\7m\0\J\"\r[b\\2tWF=h\cmaꗞծql\\0\Cv\'7Cn,7\K=G\X&/Ai,\p\n8b3L{OZ\RV/K\PʔX]\!\\\\\~\ӍP_̹Xrcp\\!-oC[\f\"a\\nc`\0\\0\\\ōA\Z]cmk;:M.?561[\\2q\`,9&2\ ߒ9N\:XȢ!hI0y\\bP\YfYˋ>$\0*U\0q!@za0na@c\@\\rpi\\0\-\qڢaA\\u\rb\\Zĵe#b@a\­s\@\d*w\vݝ&\0n\\;\R\"5js\Y\m\'\@DK\P\\!B0}Ě\,d;b\e\\E\47À\*4no\0\vh+c\&7 ~y\cT3h`\UgK\s]\ad\"r7JQ&\\\:V&\ܳB\ܸ\\[\Z#g\_ԍKb\ݺuS;[>\	\LT,\zZ]\<Z\n\ƒ^q{\>ڸaHC2X|&-w.~\\r^LITǬp/1(\\bH\qi\0;dd\\t\\J3\n	yey>e8\\\roû-tQ\xQ\\r\B\u*\E2\!ipz1\\m\mӞ[@\<6ܠjgh%\le~X:\-qwG\\?|&\\\\72\`\M\\B\Ҷ@GJG\Z~\4,\pv\\"!\!|^N\gˀNLetP\\\&Ed)@vb\`jA\\\Dt\E\ݲ(\2\!jz\r≮x\\0hm\n\0\n/쯸b.\r\\0ǘPp\0\\\N\%\0s\`)\\a\V\Ŷ@\2Oc6jwC\֨t\\Ӊ\\\zoNPN\ƭ4Q\\.)\\G\\GEP&\>k*yni\\n\\n=T\r,\\\\F\r \0\\\\r\\\\0ߐ\\r\ʸ\0\0f+Һ\o \pk5$W2\0\bLd\\^\j\'\W\an8\(*\($~rH\ANC`o{Jnb\\6,q\`q\\\n.\\.\-\\4`\m\"!H|\ bH/\$\h\\\na\x\4\\p\0qk\	!Rx\npҀqK\1\x\\Z#oƲQ\\p),n\`㰎&Р\/\8KdHά\ZF\8P$q\(\\\g.\M\\\Lv!ZJ8\CZ%LjezUdfш\\&ͬp\x+\03\\m\\0tE\n\JL\nP\\d,\nV\$\\B\\On\\NF\\ǎ\"o*e0݄Hc~\M\\rhT\L\ވ./j\R\I\,-\mc/A\\4\}\Gh\\\<!ޣ\Ā$-\\\T`\\\\@r)\\ll\nR\\.r\d\\a5\j9V\\\Zh\ri\\\0\rJCϠ\\\\jPnDl@(\\\\X\B\|*^\r\\\rP&-\mrg\-31H݇H\.j.\J\oԅ\,\\#>o9\\0d	\\0W-$m\\\&!D܀\N4\ZO\:4\r\)\\0+p2?V3r\ru+\r\Bo\\0\E{\7W#\d&)*J\L\\"\\k\+ӨOO\\\e&β3NatLk\\)f\Mm9n@\p1\'n\p3\\'e\d\0_\\\rNQM+G\C\fGR\^x\23@=,\\$M\X\A	\P\\!H\\"6\\\O	fbG\\IIt\*l>/[\nBdi2ؼC]a=a\\N\j6\Z&}V&!4wP\of*\\\\0LĊQ-2Q\\@.PP\nM\\\\\u\CGA>c)SZ%M\j+\`\s\\8m[l9B䄁#\jVȧL\\W!\n֓^HouTEPV9+ܜ\iVi\\\\Tc	\\ry36-\JrF\$K\n\>\uv\\˹f\'Q\u!D\0\nk\\^y/턋_\\2Mm5\r,3\~\\0\\\\\n\J\\no\]Ͱ­\nJ\ZncάcAT\j\:\vi&\\\\(.z\+\tQ\+\*L\\\jS0ZlUTL	]M{\\>\Br\V\\$AHN5+P\\n\tTǼV\n\/\Ϲ\OtD\\(\z]\\|h7QYf\\nL\\0JNhF\}pK+\\gE\\\\\\"u\d;VVaI\=\nrcY|i\J\\@L2{\㒸n/\r\\Z\0\]\]E\1k(j\[A\Pf&EE2\r}\]\\n0\rAޠ\ |\ \n\\\@?\!\`@m\uiƊ1\hlDl|GO\r4!$\\\r\	\\0fX\X\=\ɊpQPV;Vq\wޜM\nQP!e$\\\"\$\6*߰a\_\\.\u˜\\\\ w\5$Aj1~$H6ъx\4A+V1o\0\\*v7q?\iIL\1{K\0\\ND6\ni7\V#2ӭ\kh\17\Z\\\\y۞Y\\7Y{鳘fl\Af\[k)B0\0\E@\ne \nR\&_թ\BE\Z\\oy\\|kx%a\vSNL\\5_\\\\AsQ44a|ẟE\L\Zyl?2AT Do\zn\\.\\\\n\4@hY)Y\m\j.\"M\eU\}y#-r\Vqʙ\duI\\\A\\%@Ĝb\\nq|S,|\O2oyO鏬AXD6h\rbgGfG2	U\\`la3_+\r\\\\o4\6\\:nf\\\w҂;\Z\u\\\r*yx\\\A\3}{5Bd\cQ\Q!m%יou\޸\K\\`gn\&?P-)$\\_\ry\\\	\Ă+\\\0gF\2Clw}ex\E\s\'@B\rI\kVٻY\\w\ƌKXY$\Z5$\Ei̹\\,\[E\Z\n|\iŬ6\\0%d~Ap\ء^[9\У\\Zn(\\"\Z}5\7;f\'5[sK۶\\p\T\hL\46\\\\J\T4yˎ͊AS\\։\\V\RzL\rg#m\r\0/%w1\0Or\ή;G\Z0/vu1\L\h\@\\Ej\	\3,\r\i\Z\,V/\\\\K;C96\rnsS\\\no\o\\\nȔ\\W:\\\P\W\\i\\\`\Q3Av>2&e\0>)iQ\\"mnO6Zճ\\\\b\S\k-.\r1\\y,\rlya\\C]\`@f\6\y\ȳ1\eL\\\n\\"Tѹ\M{袍0\C,\r$\\\h1[e̹\\Ė(M\\0D\\&\\r\ND-\r\i%M\\\dP\\ZBrv\ng/;\r@axs@j\\'6\>\XyZ\@63\\\Ҳ\\\a\n}\e\\\i\\8\O\F\E\\\\n\A:R\ <\\\xt\nâ*FWr8\\'؎`[\v\rf߈\)\\FL7A\ʈGb\\$ILb2)\1\n\0+Fb[blX&bâ]L\0b⸡!4\$\'2\\H\\E$\rKhb\Y5֬b``\P\0\X\0F.\rxl\L&y\\\μb|PšgѤ\Mޛ&LO-a4)/^\6\ܮ]g^8vzW\H\,ݼa\\\sfwZآH\\\r\\\r-7B|S\vo0\0h&Vd7(ŝAcP8\W\c+)\0e3QO\U\\\1}܂\Ⱞ\\H\4bB3\\M=y=)\\0`\0\\#!jF\\[H\>ьe\nL\U\q\݀\\EW&2\Le\Zq#U8ݠ\A\\$5-F`A5\<\`\e\\"0R\\"\¥lhqL1Q=\\.\6L\\Ԛ\\А5݄x=\\]P\Zbt\r޽(w&莋f4\4	 \Z6ȗ#ht7JM\TTA\=j\G7`\0!=\C>o\\3;\<0JID\$%^UYC`$\E\J&\>6)c\\F:٥렄\'!w7\WI\\\iHTb\lfÈWD_H\0NrÕDAlk\6\<iܔRSy䭘\\GIJvU\|.D_M	iN]R&bH\7Ў\uǞJB$Y\C\֣;	\̣O;\\&m>TP\m\\\т\5\\>QL=9\n}8!G(Eګ\\24r\F\Zv(M%\\\"ep7\\=j\J9\$kRƔ\Qt\\6)P_t\8뭑:J࣒\|\\:$C\hv$\YϰBaDh,W\\=\^D\nI\QW*\4N\r\IMIl2\>\\jME\q׼\ Va6\C#9um|	\yn\0\"A\'9QBd9z\0\}C{V/\\B0\K[\e*\8I$Ra\I!ٰ	deH$\JE\ɀ\@7,oySZ`s3I\\\\U,({e\Y *\\h	Ԥ\\G@\e\e[\BǴ*aBп\GC\"iR\)c#*0#\7e@\\\@\0	_%dJ\B(Y H\P<\	\d0\\	\P)\B!ċ-\b 蘓@qV\'1V Ht8BʗkB:\1Q1M\B\Y\"u!\dȣ\"RLMz𛍲C=*1笺BG\Q3,\_r\"\ȭTD)	D#0\$ReydXVAIB\E\N!D\r(w1t* l^0a\d\p\\nN\\İp\]$ǣ[:\\0$\3$&i.M|\{7\\̨_	*IPaO\D jP1ڒ~F%(\r\A(#<\"J󩫩\^*\\\>X\|^	`n%<3\\	\ ҴLD\0\0V$nYizKw\7	0$ok\\rU\^	)%\'W\t8UQg͆p$\>B\\)aZŦ\ā\\).(\r\rn PyyD\%\W\U¨N\\$x\YR\Z4\rY5#\H\*bSe^\A\tRu&y\S\3y9\w]\#MAP\Zȃ͎\r\\QRZjH\]PH\\\\R{}\/\(QhB\ю\i`ϒV	z\\i#9bF	[TB1\K\\8Tԉ	P\5[\=\\'f͛!\\2\\\\N\ZHɋ؇\QMPh\n\\X)}\9XM\\V߀-5|\De\\'4\\\\\Geg]\tsEH\'3(1(\"\\bQWRJ	\I\n}\\\r\rI.#\\@{U&(	b`bQ*_mx\Uycx@*I|.h\\\\a?\H\o{#|\Ѱ\\\ ֢E\!FoXH\\\%8v1!\B\a\Tged\И\\[/Jȃ?\ɣvry\d\\\$o\C~8\XOS?fB\\%\\\\',06(4E	\X\0>\Ui\\WӒ\\d]f\0U%r21L0Q\\Z\7@\r<Mvr\\$s)gY\\Z4\\\gg\ʯj\E`\Z;sAOD.\+*\\\r\\l\"\@\=rJ,$BᏡLن	\l.\LN\eI\u0h@\\覻3b]_\(n\0&\\4\\7K~\dv\0\n\$4Zang5w8nd \F\'\'y(CqanNCNX;vz	64(\_>4C\q\\h(B82EBqP\3,\"D,rN	\r%c\\\\\6IA!\\"eA6\\Tcw% 5{\>!\=	\p1nPd(r43!m!e\#cI2gA{k7I\'Wk\S\r\]m\yE-&<tA7c%\\*b8Wb@&yz\#Z2\M\\b6R\u\\:Du6}I	\\u\lP\Z:[\PCC]RF!\\rG\m\j0!\Re4!N\8!\\GhIJ/\v\\\\Z<>\ r\"\+P\\\0rߕICB\\(>ycPsSs3Z\(yI2.((\B\/\"V\TcDG\/\nu\S\\\EB!~	~\\\,)!-\\Дk0\1!\hlx	\F {hqO\rID\0{	`#\1\'	m\b7%-b?\\x49ZVU5\v5D8M~AL2p!a!!\2>Bm\24Ձ/8XB*\*+r<\N۳ Ro0.-csi2GI+C$\,\"-%eNF@\t[t0`\\\\,\ld4-`s\4\\0h^f`$e\6gy\4hƆr1dC0gC\\Z͗1M	7\4$O\Z$Sc%yw;,2 \\"T\tr\\KBB\fdl\2PltDi\qz\(!nYIIe(ZyC	/\3f:5ߩNCr!HlQFAGCkdM\1\2Ilk)_zN= J\@u	O\ƒp\Z\\pNYKD\=72+!UF1c\Jyz7D\02\\Guk&5UWg&[\N94:C9\Iqze;@Xs!\#Z\I\1 \\ eGIr[nZ3J	\	\t\W\\*P x\&\sKiB&O1b@[agN|EXIn\\(JДY3)ƔC\ٛm \"2\	<\D$ /*t\q($\\\p\1	\tF[(\\p*\\pL2	\6\'frwI.S\OH\o)$x1F#\\#u=\63)\nM\MWu)qfWyu\-Jũ\\8jQBh@\\	J6a4--i#j4D5\)\\Z\\"=U\J\8 $9ML5q_B\8t5\"F;\1w\\4jsM\q\&\\0[p\\0	;.\hr1\3t(QJ#^\!ѥO\T\7\G	ul`\p\"D*!!\<\\,\\\T$8\\/{\/1i=PA	23yRMöSZ\\G`\tʖ{H&V#nR5(sYuiSZ\1\\r/[u\\\&a@md\d!pzaPda \n`+\a=\]ip`CN(\x\9433\"\\ =?\){\b\,I!!fb!\st36\'ƳA q(\]YEo\dQɸACLh\)\þw<A(+\y[\.ɠ	\(}\Z\\\\@\«>5qSqz\")R)>\\"g\n\e\7rłrn\q\\\\S\Ơ|i\P1@\\R@ӎ\K\\GAہ6\ TB{\isC\\bF\8 c5 \:/u8AI$\#dW\)#	,\Z\7[M\\y6r\"T$8\\(2/Y\\\\II\\QEs\\\\\G*!P7!}\\'a!\ؐ5\M,?\7T\v[\0k3!U8aG\+\]qx)B\g@iiXo0$t-b	!\$u=\u:8<\ ]\'04\Zbw`ъ%L)G\\yb\\05Yo\0ɥN\_j\; [\rI\\Te,\ػEu,Ң%71$\@с#\\ %E@AC2w`i\\\'.8\6mex3/<\3\Y0\Wc$\ʓl7H\T\&\C\\\dN	A42*\*ZyϡT\\A4\:\Z@I5QV<lpG7,7+N\@h,ڳ(\,KB0dQ7\\̈́\A\\?gINtX\{an `\ӵo\\\a<#\6\\n+p@Sy}82^	[\64gt/$\\Ovzh\0jX\\nFIc;\\2Qf\xa0/\\(\\'!A\_\\@!Q#\\\Z\wA+W$	/z<\Qiɖ.\cx\ڂ	dw\@`\r\\)\Z\%\ç\\\ \\"	A.\S{z3QgRc\\F\(;\&kR\'G3\y!9\J~q\Z ܌O&\\r/M\)\a\TRF`\BTX\1\\d#\s\x\\u\\\4N%Y3M?28\(\Q\!F\ӕk^\\@D\\t2\.cp7@\@i\#uVs\Q\ᐃi>P܌0Ǥ(Is:c\\\^J&b%Q>bܑ\RgrTe)\Jn֎#\NFF\րZR8\G\\1ZJ\>Td8	W2\L\3-N\\"d. s\F\'\\n.R	c1	n\\\\zܪiz\\n\^8)\ս%\i\\\#\r2\rE\O\	\O\=LQ\\D\r恸5mq%1\\\i1`\r	=#\]f\D\\!\-\بo\@\3	\.n dl\efY\a	͋DT\6/2.\uR\"%sy~Q\\\ۊ﯃;\\\0m\U\P\oOx>}bp\3ibd$G[ĤA#F Db*6aĈeʄfdB82V\LaɆ	K&,\0La$IB#\\r*\n\H1cF\"DcNÀ$xd\r>lȐ [\H;Iٍ0b2	\4F\`D\OL\'e\\ȢI~\\\Qo\'{\클?I\nā&S@\ZThfj)TIh.14\>رeϦ/*Ȁ(ÿ,)B.GQL\{3I\\\h$\kǱ\nE\&\4fДB}	fL;\\\w\Ѧ\]H<\rId\\r-\Djoh:#4$\髄\j\-nD\\\e`/\\ZήL\\k^&ad\!!da=\\"(\k?+\\z\ \(\\\ddڪ\r\0\0`pc+7\4{ƤT\ʌn\#\n\8\"\r#KiJ\\0`\ӊ<di\j\\V0peD|\d\\\'\L\'I-II+RһJ&\ɓd3\ө\X۩^6a-+I5,(\"o\\"l(M,\\\39}`j$\\Jpa\\Q#1:\a/3;\r4z;O\ZIl>\nc;3\0DɻN(\\ra\@P`PK\0p(S \\\׺a}\)%\$?	L\	#M\\\B,\"ǋ\p^|\\-\r\τ&\ͱ2\D\\0EC\҄e\$L:\\ڮ\W,\i4\Fc:\\\\V	8\\LdN\:SA211n)\Tzhڅr\\'\\r\-\06\\\ǻ\\ Ƹ\qg\/+HrýLx=h׺!\\"#\"h/\-)2\P\"\0JRA\&\\\=\\LVy%\\H\\"M#H5\\\e.\r\z+U@Y=R|a~\\na\a$@\HjI)X\\0\@0O9A\BhŮI\oXØ0L(\Anx\Zȃ	HA\\-amc)t\"sIh,MY\Zpur\\c*\;UmR#MP 4؅8Aʏ3%\(seb\IC02\'d#!}j\\'\\\8\Z\P\2\\eepտ%/\IHE\rᝮ5$\G;d\"&cTF\\	$n х4%d<g\\A*\1O\'À[$1Y01p\P\Ba	\r茩\u\@I&\t&3\^\;\}PI61\0\n$\"\rE]vqci(%Ǡ\MVfT\\2nЈ&&ӴN7 qР	e\+qYCPMj{4ђ\%R,3z΄qR7\#АBPj9yA\sI\WoI\[2\!\\W=Ɯ\\\ƅZe\0\sTlƅ͔m9wyߤѡbS6:5R\\\r\\A\\ #FR4\I\\>W$N7\n\@lhCKk\a\a\nA4ɐ\^귫\iCQY\I\g\Ad\y\Rȑq1]\֪\cל`	%\h\\l\\!\:AIg)\`\4\A\DؽL\\rcӈ21*P`*wQ4b},C\\d\\HUsQ>\n\.8k\"t-\H#\! J$\\\f2y|V@2\4\N\t\"~<RKv\ ;L[b^\v\()H\\0\\?2\V0g\\^o\z]F\\+\\\\c-ek&\\\"˴HS\h8\2%L\QʈcH]x\M\\rE\M4\2\\Q\\gSe\\$H\3\\N>+Ku3c\\J\\r-\-J\4!g`K0A$m>ZDi̗#W^VB=c\`j\ՋP\M\\똙\<\ʱBl\:Q\\\d+!o\B7jqs@	/H\b\*Ik)lH?FRkk/\ȅ\"\%/ 	eN*NP8 I4(>X\b)Au#(\\F`+1\d\\"$\\\X\"S\ȎX&@qQ\\s\"ā\\E@RrK\\\2\}(cP>!\3\o\i\"G\D6\\'r\v=\XR\S),\w{$h\\ۤH\ZI\\	h $\~VIP4`6g\\\\3,ܔG96YiK\̌(\\FI\rz\`NV\D!:e>\Q\]\\ \r<J\\0:VdN=G%E7z\\#zBKĄw=c\2\S\#UKLa\9aZ\QT]o\\\ؒMB\b\'Z$g\nT\\,\k`YY\!÷j% Qч\\"vX90\#)Tپ*\!3&!\:7ȄiY2x\Z?)\'>L\-\ \\a8<\&7x\Z\0(e*\`+d\Z\\\\$\~b)\fz1\\̀:IzYvjAS0SQ\z\M\y a\\I,*\@,46q!X/I(\nҖ3\꠮+#Ȓ\pk9/j6ϐ\	 	LI\P\8p@\\2E\"Ñt!g|jI\n\@a$\B	@\"\P\F:y\[z0\`4Yh\-\0\\!dh^Z^@!^X*h*+\Y`\\0\n\\=\40:\hʸ\rQey*I!Fq\Z	B1:\nk5FmQ,I\+؂F\"\"\nJjM\H\\Z	\˄O\0@\\r1`\e,\+\rR&\\ 54OC9\rIwS Ch/-}Xb\%\\0\5VԻah@0i!\s\\@:?Ef0`G2М,Q\\ .$\t\x\6Av@![\L\J-\a}LO\\'\27QDPdѿs4b\F/}ȄEP\rȄቌ@.\PxzS\Z7@Ȕx\3P\RIH\ȉ\0	)\Fhaبv@N\)bB\h\04TP]̈3<2\!m\\'4Nj\zqN\H\\\1\\F\Գ5L\ry9PPc&.\\n.\\\0\\\\0*C\a\0\3xOPT^J>\ \"1PKP7\@N`Lz	D!X\Z4I*\4ɚu@\7[\\A5Ϡp!)2A7fØ\Z\n\H\QByjЕ\PXя\\&\,)l\ns\\⣴\	za+#\\\\nY\n)1\\"JH =x	K=$!FX=\"\Z\qhhXPH\	4uPHPCNiְ4UN\I	\0\(	&9ս!>:\\D\Gb80(\H\DƑ\ѽ\\*(uqT`V\$IXF	AECip\s!o|T\\A*1x\-0z\	G#!p_rPC-w\\^z(UwBIѡJ+:ZH4\RIu\nF\0<h\\hh!L	\0EF(\ILH\\\\Z\ɜ#8n\);n:0ݫ C\\\0<[͉iEOȁ?\ͤP=\\"\*:>\	a\0-!L\ȐZ\"	\'\S?r4۽xQ\rn0`®ب]\Y#v8u55PPH7\\H\A\01=[ÄYXAsO\HCe\%E0\"O``@\\1RILҖ/\\\:17\\*:R\\@+!0Pe\X\\\ie\n>ѣ\Z&2\\\n\\y[a\\j\\SB\V\YI<\@2R\k_\I`\R1\n]Mi\0U\	b\[P^\^\\r@\9h#7\0I\48ySg\\h\1P7\\\\]\nҬ\8\	\RR~+\\^2\E!\\\Xs(6+NDpE@=\"\xEa\\aWb\\O,U^e4{LD9\\{AP= )\\\v\L0XΝV:hv=^\[ I^I\n#\ny\\\\̄8Ji\0\\nX\O\\ܙ\L\@8,\\r\0X[1?ޓr\\"\{h+Ii*ч\!\'0\(\n\Z ڥ\(\j֙&UOaȄGtQ]->\9\\)\NI\r00?уOۍB\^\\3\IFhԠMh@C09 S``\2\jd`Lbk#)FDQ\M\)\L\00\\x\\J\n\=)\\(7Xc܌2msI5~b	y\n\r\y;\ZDδėBDgL\؄\\&\[|\\!\hȡ\	P\\%\\\n\*)ۂ\\c\\ڱZQdE9\D㽏> k\n\\:	B[z	I\lW8)3r\nv0Q?k\\. \Zp/Z#\8(#,\(\d\'`찌θ\w2I\Ϣ\x\=I\ZrB\C\\oz]\x\\=\\\$#Cl	\-ZQE\Ʈ\AM\dPp\"\	,$[\r7i\\uk\\"\'\d-`)e\p迖\U+!*\*\&\\0 b6	/\\Ì#מ\r\\"38aͅk\\! dX\Ä`{\\)އO`؋\H[v9\0\k\2Q~^c\\\\t\\0iXՇ\\K\Zq\6\\r\)\gGE^\q6ݼn\M(\ZVsރb	ڸ9FX\q\\nJ-\1s\Q1\?()D\\\M׵Jm\؁N@\y4P{\u\"X%\Q\Z։\j]jEvD1[ڗ\rk(\`\`O\n$<9͟\M\4N\\0[g=[w\^0Ia\1s$\@e((~\\\8 \A\\04\r~ڨ\9\\E\5\"\\CKoВ:hL\<(\\a1\\%(Lqoч}0q!)&lXa\ dF\Ex\jG#IeR,o\\0H\ȸq#Ǖ*c\3Ia\0Ir\\rS\8\03L4:a\D\\0\[\X$iKI\z\\u\0\\\0+V,H1\Z3MLh\\0,7h2i\sf&w\0;',0.000,NULL,'2023-01-04','2025-03-02',NULL,1,'2025-03-04 11:32:36','2025-03-04 11:32:36',0,0,135),(2011,'Purandar Bondu',2002,NULL,_binary '\\\0JFIF\0\0x\0x\0\0\\0ZExif\0\0MM\0*\0\0\0\0\0\0\0\0\0\0\0J\0\0\0\0\0\0\0\0Q\0\0\0\0\0\0\0Q\0\0\0\0\0\0tQ\0\0\0\0\0\0t\0\0\0\0\0\0\0\\0C\0		\n\n\r\n\n	\r\\0C\0\"\0\\0\0\0\0\0\0\0\0\0\0\0	\n\\0\0\0\0}\0!1AQa\"q2#BR\\$3br	\n\Z%&\'()*456789:CDEFGHIJSTUVWXYZcdefghijstuvwxyz\\\\\\\\\\\\\\\\\\\\\\\\\\\\\\\\\\\\\0\0\0\0\0\0\0\0	\n\\0\0\0w\0!1AQaq\"2B	#3R\br\\n$4\%\\Z&\'()*56789:CDEFGHIJSTUVWXYZcdefghijstuvwxyz\\\\\\\\\\\\\\\\\\\\\\\\\\\\\\\\\\\0\0\0?\02*L\✿(\\b\q\<R\+_+\\paJkeuI#:\cQ;n?N(c6㎴@\ngLW\{\3\biI\'\Z\ZMϊ-g\d%v\\N?\\S]|I\jZ\v5)l\P\rRrs|-9\0W\1\vo);n≈ܿNj\A\QқrQl(Wt\\\'W\߶\\A5(4Y\\\\r܈\\$\q\\lf䏳L\\oQxcƟ+\\0B\5\v6\Zx\0IIG\If>~L~\\Ə\F{\f\d\F\0\\܃#C#\c\37\q\\Kq$T~:\Һ\{R\\_\\/\K\Gn\\ZHlXŞ\\+\0\0i~\Z\VQz\f \ާ\\_?:~kmj\V\t\0GGH\\3\Xc-p^/\ͧ\s5ōcH\Ċ0]$\\LOA\c-L\\\Z\:\mw1b\{s\'C]?ଟ\\0\\jy-лqWo=\k?\={\\R\f]ְZ\\pJ\d\\\\0B\\\\\\7T\\vTռ+J\\A\\\p	\{\\RH~Ӿ\e5Ǉu\?R\B\0\\׭wYVO&\G\\7c\7\v\\'uq\t\QJ\\\1\ҽ\\w\\\0\e\a*\ַc̸$ct\\\c9\~\ZF\U͋;ڻ-\_\\Z#\\'\\\]/\Z\J\Wm\j\zscC׬K.eq\\ϙѾ3Xʔ5؉\!~eك􍴜\\\zUBk|\?\=깷S \\ѷ\h/#މ\rw\وnb4z\<S(T\9\*1*\\W0\\\2`Lwi\nvN\\1R\da\w\\\Hz\	\;sڅ<\v\j\0̞+FI\j\wH\1@\\\\cmM\˺\\\Jx\q\\0l!\pK\\Q@y6\ZY#޼\6$\\'sRIĊ\\n߼ǵ:GɦX9ϥ6ePրSsFzS#I\J\0@6\n1SK\d\\\\*EUc*7[a~\S@\ZQޜ\.=i>h?\w1\Ryj\'f\>\\Z\0w\yDؓw)֔\0`\'\У`\)#>\\ǽ\0Hy\cX0|Rp\+\v6I\n\J \Jѥ{v	ϥ	\}.Ik\pyW\in\'\;\>\"u[~\b2\\3x\:?\\U[=[ŗм-8\\ZZY9S9\0\ \\\\\\U\\"\R\\;\ٮu7ɷ\\\"IO$\<\\0kN2\\]\0=M\n_$۴\{\k\n>瀠\\\\nJ\\v~\Ɨy\\^\\ܬ\\\$\=\z=\Zїƚfլ\Դ\r>k%ݷ̅q\\wĺ\\oIL͏]Ef\DQ@\\0Mw\è\r\\\\x>YtYfV\[\I!v\0*\0A\qc\t?mg\\\V\|h/+p\q\nGC\F:\n\1\\a{\t]B\rEr\\dc\\# \\\\\\6#W\i3R\\<\p98\\Fl\|c\\M:\\\x籚gx\[=\\r1\\nqGn\"\\\sG\00ܱh\\&y\\c\\WŚ\yk0ʉ@8P\}k\J\[C\6\q\\N>\\F8\ْѵa\]&\\\c\\bX\bÌL\\+Ѐc=랰6o[\\ť\\\I\0f2\\\gk\n\\QY\^i\\F`0*	8!\9Ȭ	\mf\\0\\\'QLR\ \mnXd)pPr@\Gs\]ޯ\c\\e	\N46i;˫T\ru r=\\\zV[\6\\UW<\\	3\\\סx\恬]ɭG\Ka^Z\H\uujbt;\	5\\\X\km\/1?{\r`נ\\\Pߊ_=\\\IX\mën@G\'.:\Z\}\F5-B+\\\ܛDxcQ!\if\\'#֩xk|9\mi0\KV\x.r\&W^pz\\LEe$\\#\X\0;,m\I	\\?\\0\Z<4w\El\?\v\=\\\O^*𾯪/\co*2DI<`\Ui\0baeg|GP\dc\Le\\\@\ZTև\\*&~\o$g\x9\Q\o\\0\Z?\\0\\z.k\\Z;|mƶ\2|r\ryӥ(3Rs\\*7wTR\\Xw\\H\_ʽ1LF\sҞSsޕ\0։H?.h{urx\9\[N9\"yNp\2\2+\\V$\\0ڸa\0dpn\IhJE#E\})K4P\W<\!iP\\vNN(\;\Vl\r\\0~S\=ݱ~^\\\:z\0\\jx޾t؟;cgڀ!s\<\\VP\\J7:|\\T_߸c#o2EdO\x\;.8\r!2\;Ӌ9Z\1\\\lbH\\H\Ӽ\h\a\iwm40\\h6\\2s0\$\\\@\P_\~U!\\s15\\0\@dO\Q\g?uzT\\'5;\t-7%W\=\\\sM/\\Y\$1g$KJ\\0,1G {WU$*/L\n}O\~-\0O?n;\\+\\l~\\\[Mb<m3Iqp\\9tʔ\}C\\\P\v*\Z\k,\ѡ\\'\q\Ogc\\rcI_\K9/5\\\$L66\F\\2\"\.\\\S\fXn_>vYvH\c\oz\\\n-G[\\\c,m\\\]߿ \0\\\'r03;Wtyb\9ɽ_\Z|G\g6\.}>\"eB\\V9\YN8ǽT𖓡WA\\\CY\\W\\\IՍ2qԚ\\\xJ\B\h.K#m\\n\\bo\ۛ\8\fi5k(M\\q\;FW\ϕؽ\m*\By\[3\n\\\$\F:\W<U?\n\6+5\\Ț@0-^\z7ƪ\\^\"\f\\#ZV\\N\x\\'\Z\rս\\\vq\\=j\Q\\\\>zʟ\1ߦ3WtKk<;6 H\ZvtX\?Z\X\\`\'\bJj\rM\\"\q\=H9]\s!\\ԵY\Z\U픤\f~kefy\0\sk\0RKx\f唯1Qk\\T\L3Å܇Y\݄h\N\K<\*4\q&A\\\\ۨ$k!\\\\{ǅd\R\\\g\\͞\0+}\j`h\x2\"ڨ\\\r\J\=\nyeg\|\yk\qo\Iq\Z*}\F\\-/\6IC`$ \\p}y\}\\B\Bx\}0,y\I\\\\Kƿ\Ԛ\\]\\(*v\T),lQ\xm\5k	&-\\jM\9\\9\a|t\\Zޯ&plѨm\`+*GJ\-fb\ƅZ%r?vH>\懥ȱBW\\o\nі\+\Ԅh\	\~\\ZX\oPמ\g<;m\NUGp1Ӝ\\\O\Zz\Pn-\\*01#9qW\\a\I|?c5\\wh\";\bA\N߅~?ࢺ\0:\ojR7bG\d\Ϻ;	\\Dy]\#Υ>f/h\\Z(;n\sաrX\0p\0\3\T\n=kͩcD\1C\m#/˞\u\\\\RE\\b%b_z\\{Q\䓂 0Wr\@\>^[=)\Z\\G \$/\\9Ǎ\~jls\$\͐:Uh\o*9a\q<\?Z\0Y1\\yvm,\jx\9(\.^yR\לI3M\\\4\0Փ\q%\<v\\8\\\\1`?\|\2\\Z<\~h\\'ZwJip\'\\0ЗlbsR\0\pS&Q\0n\\B\\\f\\\c\s\\08ϸ\z\\\C>\Jz\?Z\0EW\4\gY\\\.O\\;Tq7ʹ\Z\0VwE*v\\\4Twc\U\٘\\&[\z]Ρu`\uU\\C\9\\0\\0\\~\Onx\FU9k;l0-\\F<d\r~M\E\x\O\/&o\\\fU\7rA\g<W~\?[\\\;\:Iwra\~!O\\\Ku\]\\0\\\r8\CXX\E{q\J\\X\;\V\5{/O\\8\ss,C\f\.\\I\'q\\Ҽ[\Ro\i\ʹ~b\'Ө\ڽÞ1\q$h\fp7\'\'\woJ\Ṣ\뤕\(\'\\rIZ	\\NKDrcKJ}kuڧ\kk@{ux\DUXD.(Xb8<\\#\\\0綆\\\6\\)\\\\I_^\c1m1CCFn\\\ZOS\r9|G\\߳~uZ\Ifn\\y☼v7\\\=`k\\\\/\m\,\\\\7<\랕\Wé\]\K׬\\\\r]\/3p\(\͌<NKj\\qk5\ṆP)\\\i+\\>\C\\"yv\\F\\*\>6Ao4{>\p]T\\?\Ҿ񇂬u\\\ž\9j\Þd\i$w(#;VSͧ.9-;\\_in-I#`\\'!J\|-\K=6W\\\v\'hP-nxz\\V\oŊ6fjJ\oC\\rZ\\VP\ %G\5\<\\\OI+#sAk\\X6Ǽ`\[ˣ#\\|\/\\K8\Y\>v3J\N>[[\G\9n\rztZ\ԗ\<\\Za\\\,\q5!0\WnҠ\\Y\̧\b1k[xcUnHr\5\UWkn-\\c\BZ\\\̆#/͒I\Y֯\j\u\G\\\Z\\Տ\][\\hzܚ|a,t\c\z\ۺ\ַ\K,\0}g\n}U#\\\z_\7\\DjQ[\Xɼ\9\\\^M\mj\KYmdV˓͍\L\\N\\8jG\\(UY\\0ff\\w<\\Rf\\\8.n\385A\0\\th\\\ºu\;b9NA\\{d\\\\\0\1\\0Vu&ETmF\0\P3RJ2\\\\7q\y\F~\1J\Ƞ/n9v?\̣j8$zS\dA\\q\Ws\ni\\\\@\n\\Zc\g֣\f\\B¶\~VݞH<Sv\p\#23`u\Oc6iT\ʪ88\"\֋~y{\\ր\Z\>ݪOcN)\*6]ޔ}i\,qD\an.\\$\°?Jq黊|	\~4\"x\\\\]\kT|\\ɻ\\\0p\\),\N\\f/i\\Lt^\!pܴ#gkbs\I\\0Q\\jA\\GPy\t@0}i\4AP\\oJ\)\\ۏ\K?Dc\32\\+\\?p\\0|\¿\X\^ľ\N\0g\\p\\b?i\\\n\忍\\s\~M6U\r\J|\0t0\p\r*\\0\G\'bk\<r\ z`\\\̋\\Z6gN\-r\\\9Gg	\5C׽p|I4?\9\{X\XتK<.K`u\y\^1S:wu.\=\\Vj\lɉfl~\^|>\\\[\?<䝤{\-\O\0M\\\ۂ\3v8B}VG	p\\8D\&\uiد\_\\\rL\\r\\[Zf2%<\\tǙ*$[~2O\K\Xz\"\mD;@\0\Z\ivz\Tzߍ4\[\\o.>kJ\+\\YjRX$\'\H\"+v\?Ϛǵ\\/M!\$l>\\\|\\\Й#ch+L\R\M;▤4eڪD\\\N\Mİ3\\4\v\0\kx\n\\9m\\yb(\\\0\R\!\5]\'ʸK]!%D\\\|s[ho\nw\\9k{\d\\Gj\:5櫧Cm4xy\1\j\I\\\H\k1w\n6v\UH|)sE\\\c8 ?ʾ\\\b\&\\R\u\\F+>!!+o\\]ޛ\K8Vkig\<Jm[ԤpG1\}\=\\=lyޛuØ\Z|5\{e\j#6ٗrsV^\o$O2P$\U*\fg\6# \rz\+?SO.\6\$\T\eݝ\}1aٕ\'ԟ\ҭ\}\8\\$\\\}MuS2\㭡\\\\jȪ̱^0Fk\\\\\7pEp2Kvb:\W\6g\\\5\\}(5\\\;\0d\k+\,|\\+\\\\@\o\ColC\\\pG8\\\j\n?q%\\\i\\\r\\U\\\\:t1x\\pE.|\c\\^W\\\\\\\?\\\3\\\\h\\\\~p\\0:\\+穻;Hȧv\\z\n@\y\<Bh\ۏ\0\.\2	c\\\\)T\78ڌ\yc\\\S5Tm\\]-r\Vڸ\\\jWa\Kd\#\=zR\e_lTSF\1\(`\U~١ڻO\\GRJ\vfn٠F\b\n\\+mOƘ\\\rl\n\0\c\\\6xty\ڣ9$;\\;\s?o֬Z8\\sQϷ`->\ɿsO	l\\SQw<j\~U\cҕ&~\\'4Ĉ-3OS\\~ 4E朞FQ\[\;ty uȠ\n\\0)\5\ZSzܓހM\aM2\\\I\\\}r)N眚\\\1\J[$q\+\3\i}J\G\t\\b\\$,\:sO2lc\\O8\چ\\\\^ZI+#\"\q\9\ESD~Yx\w\'N\\dz}\\&e*\\p<~\\\j~\5k\m\0\~\\Ʒ\\F\\+(!#\'s1϶\Y2x^\Ed<\R g\NT:\M3\ه[V;XO\9\\0	Y^<\\/\\\0\g_/w̪:zJJ\%4I6\I\\_%S嫩\y=oiOAmƧ*\6e8PݍjxEQ	\\r\?Z\\\\\4\\ǥwKˣHº\~\ɣ،\^\\żqO!\]?C\\\n\\s<\L\kC\ {\!\Kv\-#I$+!\㑴\[\\3\"y+\Vk2yA\\YE{\"m\\<Y\-\"F\3\\\ː>bzb=o\\#nb\G}5\q1q+\Ny\Z/Ĩu]jg\r(Pm\0~k9M\\\\\Zw\\nI$${HXU6\Z]/\\\\n۟ί\\<!ə]p\n\^S\W7=Z͞\\^+1o\\r+>fm̍mB\\y^IpŎ1 TǷI~H \1kֵ{\\\eP*pX~8;V\ͮf]e\58Jz#ZG\]i\oЬ~g\~\oso座\q\\Z\\K+G\NOz\/ۊk\\v\q\e<m\\jfP>\\.l\\\VW\\Z\\\z\דgqZD\@Y\Kc]x\L\v_r\ZO\-Y5{\.#A\G)\rx\\9|\S4c\\KKb\\\^=\X\W_\\ƍec\7:s\\du-lI\\\2zzקKyc\[Ꭽ7\!c\_s\\Zڏ5\n3ˈ\\[\'\Z]O6hTr\\\\p1_\0\oOl\ٗŶ\r$\\G\\jQ𭔟\neY\­\3Îo?ZZ\0h`,|w\c\\%kZ$Sdx\\JP\\ũ\\#\"/;v=\*K\Z\!\nlBsW}O&.\n\׊\d:\sU-\J\1|\UOQPߛj\)<q;\`9A\?Jw\\;\_\)U<\\G+.M3\ܽO\NwV\0\\NxG\\j9X\r^#wX\\oƎV\0\\ɸrue>8\\YQ\\qTmm\\\MVS\\\\F>_𾘢%M߻\\G+\\s\Jr@6\\ۉ^\q\`:G\\ʚ\'o#$\;sӊ\\\V1L+\iUpMf0-\O\R\\\W\\JԐ1X\@,J{@_[?\H\\ۭ>P&ՙ|\GL\ZѶ\?w\O7lAl\\hS\\e\a\0\\C\_\\\\\Oǧ\\$\\Ǡ`~u\%ۉߥxw\9?b/\Z\\\ƭ\_;N\\eU;^?\2&z\|mxɽeyۢI#U8\\5\^ EX\\|Y~|ƻo̿0i\6\%}\33,~\\\\\\r\Z\i(ck5\0r\Q^drGDj͚\h\\a6\\s_i\j0\G>\\G\5\_\{\ӼQo\"Vgz\+\\kZ3#y-ƾk6\>\h\\xc\w\\}%X\\\~g\\\\z?\\+`iHn\I\,~\Z|=\5	<{S\g#Ҿ{]k^0kyf(ș@&\v\{ձj\\Ɵ\\\[\y\T\W㎌k)vk\-W\?<_\\\\\knݕ?z\u/J\\\r#7?/j\)\p\\\r菵όP^<7\۸z_ś7vKœw8\0+\9.Sc&\)<cºO|D\-_S \\OB\\>\\\duc5«l\֧\ͱ\\1\_ojW.lmq\^\\f\S+n\\\"|Ǒ\\0\\ǡC0u#tu^=4\ZE,k\\\K\:;K!R\\\+\\0ْF\\\ w8\Rk\\=B\kUъD\\}0;\n\\sMD\\;j\A\4τ\\oֶ\<Eu`\O$)ɚa\0\\?\Qd֣\\m\#<\z4\\ԧ\\\\\\-ח:\\J\0\\0\\ѡ[ir̤Cp{\ֶ/xv\WK\\jڅêEm#I0v;U\\\ހ\+\7xy<\R\4g:N\\#\B #cR\_s\$\/l^h$*J,Z\\0E<%\\\vvs}W\q\۩e\ؓ\\\\\\\\o\xo\\k\\U\[\)\Z>\ \\>C\\\\W\n(|\_\r\\p\\h0\\\\2%3t\ppS8\NR\\1^\t\\0\A\0\\\\_v\M	\\9}\d\a\\\\N\\\	\\s\6}c\1Ko%Z\+\\mb\w*F\nןO\\\?\\\\o\]_\;|C㕈Y6l0\\q\k\/_\R\?\\\Jp>\h\-m\\JgjBpI=\TN6\\\ӭ+Ks\m\\f=\\\۰qv\O\\\6\]ѴeFWi={d\\\o\ߨ\\W\sŌ\E壌\0W\GzDk\_\p\am\">.\8U;\`>\\n\CLvU:1\[$qg\%\0X\\i\\\+։\ij\2:+\![q\H#\\\\\0\*ŏ\:b\(=*@\vOSJY~nO\y\\=&\!\)\x\0\0򎣭U\\n\0\\@sA#\U\DK3\Rù\b\I30\s\=\zT726\\"O\\0\Z\nLQbG\Hw&~u\#(10.\ƤU\\C\">o~*x\Ƃ\\\\v\'˟z\\\\qIy\fD`6h#hHʿw\EU\\{ڤ&\n[\N\^:R=\Nqӵ\np\[\"\у\b\Z\L\\Ҙ\xZo-\z|:\\8\\hڕЭFSd\0q\/?2sUȇf˸8\\ZGB%\\0W~\\\\0\\sW\\Q\ŷz\z|Ƽ\R+@c{\t\\\\9k\Mc\4?\Z.\_Z\l\IbrLl\\>v\>#	\\\\%\þ\2\˦\Mvy;*mQ\^)\'Nm\&\\%ό앀UՀ_\=?~|4\\6.\\5\0{\\\|3\rb\\=j\\޹i6`\\\\\0[\\\=}~\\>\\]x\T\6\ZxcM`А!\\6Fc6x\\\n.\\YUa\\M\k\\\ƣo\kI=;G#\([Kղ\B\u\u}^\'O\&H@\\\0֯_\\\"\\\jK\\\\2\>0\$\.$\\8\8\2qV\\\6_gռIu&\ak\?>QXO\',\<GXنS8\\n\Hk\ʷ\s䯘X^g\^\\V:4\0\js5Ǔ\\;\\\oa\\\4\cP\ TG?@1[FN\\í\\Ǌ<+-6\\0\\Mc\1\\\r\X}\'e\\\O\5kű\m,\9!\yk_^1\\\\%\wj*\3\9kYXǢ<\\-Z-\\0\}Tz\= \Z.ڌ\\-+ya{c\k\\\W\3_Co\r%\\G\:\ߞ\\k?ͣ\1K\m\4	8\\0\QV7\VUB\\0\~;\!>\\\-xy=A|1һ<~&i\PԵ({\r9՛\\\ZF\$\_\W\\!yyɫj\\e\uj4PANӷ\'ӎ}s\Lf/q+ȺI̿d\{vC.=]H\\5C\N\^r\-F\o͡\C\\"\WP\0\gZ\7I\n\\\ZO\#\\6\Ý\	\zW|hӼ7\_\\[\mt\\3)\G\\\\0~%\0\`\;\\[ٱl\\zc\:ƞ#sya\\.?\z\o-?ĚM\\\\\D\\[O\Fz\Wҿ]#g\\\>4\7W\\g7\\I}\y;k\Z\\\O}IV3b(P9\}k_\RԤV\\<\W9\9\\UI#\\\48xn;{\	o(8v\\\K\\\\\֤\"_\ͧ\'f|\B۳κO\\	c\\8c\ȅ\s>;x\\Z{Iݝū*\WO~crkI\\\Wgſg\b\uV\\\\,\\'Y. HIR`\ׅ\A=Ƒkjt_+\[^! `GJ\o\'ޖ\r\4+\O\\n\!c\Tkn3e\\\r\Ǩ\X$\+.kq\0e?\0M^E2\V\S\t \^\\o7ǩ|\\ğnf\+0aΈ\\\\|SC韵/\y5&\\\\D n\0C~ ה2<=h\S\Ao5MZN?[\\Mr\z2gr}\Av\ȣ\\̤U\7),\\B\ ӿO\8\\y}\^\z7\6RRsR?ʿ*vSi^\r\\;P\L\jt~rܿyң!Hfm(yP\!zG9l\\Q\\«7\\\t r0qڝ$Ѫ\<,>Bq,}*;أ隍\\HO\!a\0\nG\\\\\\\p\ryqȝ\!dDڜ\6L\LT\\銆Dx,k9${Ա\\\\3g/5$V\F#|\\\\WЪ0[=\)mrޟAOU+\\\X\\Jm~lQߞ(H7\\"cZ\\4V|\\Cs\"t-U\\r3\Z\\V~\\\fKL\\Z\0eاp#\\\W~6\r\|T\q\zś\4L#N\\0H#\\\GD\\0\Y\ow\(\\\rl\\\HYH0\\d\q+ٿ\\\0\\n4\\Sl\	,\.\,3\\:k\\w\<_?J\\3Oi,M\"\\G\\Z\I\\\}>_N\\\ad\g\/\\qJ\-r\1\\|\\\\d\7\\<6\0\X_,f\!\\\m\ޭ^7\\\#X\lxglo\ҿA>=|_Ʊ\"}\k8\t\\0?{nq@{Ez0\*:c\c[\\8\y\]\n\?\{\nÚ\dӒHd\i0\!\\6	<qȮk\[K\/U\)\F)\ }\|{x\_}u$kO\\\0wǰ(\2\L\3\\=B\\6k\s+E\q\\\+%B,0w*W\߃m!\\\\\\b\\b>\cF<A\?^C%\c\p\\	I\a\-Z\\\\\O}\rT7dO\\t\\'}J茓ٜ\O̯>\\\\rcP[\R5;w#	\9\$\\OYɯ\u,q\3K淒~U\T\]\#f#\t>\s\ZơdUlpESbv\u{AZ\t۩\n򀰱\ν[7\<=kyH}qt\)rg\\\5\\Q\Yco.h\y\\\\^\0j}w3\\&\+>YC\{\0jk\\vއF\\>\\k+ŷ({[\\\\8\'\$\\0\-؞!\uky|\k.\"۹a\\"\F1%\q_ld\+oܥ\9\\Ҿ	d\\\~\\\n<L\J\\Ҿw+\(Tqg\gY|kRH\\`\\\\\\\\Dx-G}(a$c\ׂH\\\\H\V9c\Ep[\1\\\W^/k\[_\\&\\\vL\\.\X\\HS\&?\+\p2\ÿ\w\\WSWx7	_}\-<4\le\ \۝\\b\K;r-\TAdoӞ\v\\Z/\\/\Z\\ﺺRZ\0>\kkG\\-NF\\\\0\rx:L^#\\Z\u.Ҳg˩##\\|*\\7+6\\,\`Q\$\{W]t\\w\"	t\\fV͋gOҋeZK\\\gO\Yz?컪\\Z,:\/&\e\?\I\\\Zf\a\\'9#\^\\?7\CC\ރh6pS*\\F\\\\Չ\^u\\E:-j\RYN+\_\3\\'\\_E^j3^\i\\ \s4\0\f\HFѰ\A+׼c8VhćqS\\"%\3++1v&\I\34\|\\\\rC\g\E\\X\\*HcÊ	o\_\Z\\\QƲ>\\\3¬YE[W\\F\\\m\Zm\<n\\wf?\\\$;gFFq\\kʝ\g\%~\\fv\\G\5ZC\\w5<(%e+\\\1^\1ZK\\(auO\N\F\37\hIߥ$nZ2Wq\<N\2\@X?$n\1c\\g\tX¶\I\f?\y\a\\YnB\3i\)\ynhwb2J\[kڠziA?/ˁQ\\"\\͑\D\\\nھ!3\i\\\\C \nK.{Th\\0\Wc\B\oLy\sB>\\66Z\\'dKprk\\n+I\[&\G\\v \\:ƥ|?VM\"ܐ\Z\?|SD\{F?ņ\\\b\\Lݷ\\e\N5\o\SGp\,\\Fϯy`4ı\\5\\\,<ɶ\\֫h{\<\\1GEt&n\\:\\?ઞ\"?\E\\k\xlw*A\Yv\>\qU\x>\0\\\\\\0ji\0\S=jr\7\?\\,\\IĐ\F\\m\\y\\V\\Z\|\\	9P\}k\0*5\rq\OS\浢\R-T\\}P\9\\7\`5\Zz\#,x\\\\\X~l\#=	\\f\4?iy\'\6>c\fg{ckXٲ%\<\ȥ9\\׆t\06՘\#\\\ר~\>\\RR\\/px\׌|3\m𯟯Fph)\ZX\1j\0ţ8\\\smr۸\q\0\\~{\4\x~F\v!\\?Z\ė6c7\?yw\\zMGz}+9\rP;5\\\t\\^\1#\Z\\YWH?NE?~(\\\w]v\w˒z\+\߇\\M\n\=F95\\\\P\n\\S\1$瞵\\'\\FԼ3\M5oIg+\ylQ\$=:צ|.A\\rx}u/\Z<i\-\SR\mW*21\\\\\\SF\z/u]\\C\\\IRc\\O\\0=\\ߋ_\0\OZ\~\gd\\B\0\<t\}w\\0\\n\\l~%wc\\YtKi~:zj\Z}n!e\|JO`\Z`\\񥇔a\M\*\.\\\\$h>׵\?\t*:^\\\?7\DP\_\\\\'MS]6-LB1e\Ԍc>\\+\G\\\nCo⏋<Ao2I\\띱ڼ\\\\\iu<\/$\\Zp\\#4\\\a\^:סe\w<\\գ\\0jm_V\\-6\G\ǂq6\A&\@\\A (\n\}$x^\\/\i\}nfYrK\1\ҾGM#T\\tAVrZ\"vH͵@\Ơ\:k\\7\d^\դ\\r[IP8Ƽ\\\\\z\\\_\Z\\\\\u\\\4\\'xŽp\|\gn{⵼\\!𕮖HĮ@\xC\z֏\\:^o|\"@\\'\~\QO/r\>7u+i*Ыa\b$Fx\ϵr֧[\-\\OA\BOy\KU]LD\\\_5_uO(+c<Y\Ii\1^\q2}O\a\"\F:֠j^|a~T1+\f\0|\rԼ]sg5\\%8[N\\GnգU\\\>|9?{7~0ǭ}cm\ߞZ\\^z\4KoLV\\k\n/\/\\\\[۫%\\j.\\Z\?\\-\u\LK\ןx\\\h\Oq\I^uIJOS\T\A\z^\\H\n¸c\\0	\9\n\\\\r~*hedg\\n]8}\w\dp:|c;\Tݭ%U?\Ҿ\\0aN\~\׷LЩ\Ll~\M~\ϛ#\}+\K.|\9=\\ٓ\\\Fѣ\\\\\W{׽E|\'\b,\\ꁛz\\0ޡtum!ϵ[hc(\u܁}1P:\!:9Z[!\i\'#ӊO5*D|\W\HX\NEmܕ\NЏi\rfQ(AꦚN\\]\\j\T|.\\\J\,wv)\\\\`\\\vC\*\\T\^e\<½@Xzϱ~R۩e\?\nI\r\\Z\m\Ҥiw/CSgf/\jA#<`\\T:ӣP;S5eݻ\\F%oH,~6\\mǉu93#ț9\BXBѝ&)๮\ՌO+\q^\\OIl}{\\\:xv\KsT=\+\'\O\[I-\]\[Z\;e\yfO\+\S\KK\]\\Z\\Z{4UaZ߼vݸ\Z=\j#8\qY1kvpN<\ZVct\ő\\\iN\0\T\\\>w\\.T=Axu\k1?t\5\_\_α\)\=\J\H\nݞr\gZꑵ\t\&è]\\V3U[\\\O\\Hί\"\\\\Mʏ\ZKo2:3\\\	\g\\yq\n\\m\0\\\{\+K\?d\a),O\|3\4oX\g%%$\0S\c\\\\n\e8\BJ7\\/>\~\+&;LWakW\w\>5\\\my+MȽ6x<?\\\\5\\\\\v\izlz8\'rM|\f|,|kɤ^GubW\ރ\b?1_9*\>\\\r[\0\=1C,!k8\0\\\\5\0[\qk**·\'1\_)R w\\q\\ֿi(\3\\5\\'A\+ɭ~kH\\\\4w\Y\\\\\\\'\j\O\\\Z-\\\q=\?1B;Z7_n9z\x\c\e+^ͦ\n\\\gq8\}k\\\#Rv՝\\V\\UVB\G\k\?~4/)۸#à\\V<e2]2\(e\ry?\)\|\<\A\#\nڌSvG\"ٞ\\0\]\'L׼Q\-Q|\BEjr˸\`~\~:\\4\N~U\0\w>S\\^\5)tلKu\J\\n\k\߉~w\\CXW\!A]\\\o-Y\\P\>!\\BiuVnp\[~\Z\\֗k4\]$6˖T\Y\\wZ\b\H6\\ެV޾.ɮf?9Gz\Z\G\n ODϣ|M\0@\|%{&\j*q<\|G\z\nh\h\\C(\0Ei\1\\־1%xF\\\`f$H_j\G#\0\\^x\h-\"D\0,q\?i\\aE^&x|\U,05|WvaW,B\s?\n\O}\\k|60ǭ}%`\#1%ջ\VF\\+\\'\\\)\[\w\\nu\Z\\f\\\ޙ\YW<w\ɪnya`W\o\h\\\\mʶC{\tC\v\V*\\\G\Z\{\\\"\\\\0vO\\\Cjɿ\#[\\*nf²\\\\\'T\+7\pçA]}\<T\\ֳ\\Z\\'\%h9\#~\>\\O\^m]i6:+myL`+\~,Y\\;c\\\\\\_\0,|A#|;Ԛ\\O\Q[\\2s־MJ7g\\,\\N\ZbNNz\T$v,NWgj\\\\\\\sYw?_\\E\1\\\f\\]熤t\ś\\',\\\\:\\gmH\+Gbg~.}6?mҧ2=)\G\\\Z`\5y\\\\m\U\cnZ\00\0mʹ\+j9E9\QH\/\ӷ\'̫x{|-d󵥐m?\K_\0|?\\\^/r\\M?fÞ\'7W\\MQu\0x+\>\|s\c%Ʃ\\\Ʒ6ħ\m\\5\x\m\\Z;\۴\ګ>O~UHh\l9צ\v\oҕmX!c\\\+\Z\\\\a\ln\\=1Ȫ\\\?\n\\?5I7|\ȒZ\\9\Ҍ\\,V\>\\\PGZf\Aa\\\'\uB\\	^,1\0U*ȁo[f\\?^i\ά8\\nk\\9?\\i8\\\\\0S>\GΗ\v\0u\0\Z=s#\WAo:I\Z\\EY\6\\\'i~!xfk\x\x\AU\ҼwR\Mن@bl\\bS\<O\>B3*rG\\v\\\gM\f\\Qj7VeVI\PX\>i!\ \;֨\2V,h<sF\\0\\k\\a|\\HgX\d\f\d!볓\s\,\#͖h\I\\\A.N֣\<_Zmօ^GS\N\\\|\\?{\Yjo\\\n/\8\=M\\h\\<8\\0\K#]85Ϗ-H\\ڱ\R\U\3(}8h-K{\řq\T|;\*?~\\\\_ppv=sZzod!pSr:~y:i\S?b\\'\ς\V\b>\k5\ːI\\,qW~޺|S\\\-\0D̷>_\@#*\_\Z\xNv\ή\.Kc<\㏅\Z-\yn\\d\\dW\Ⱂ\\۩.I\y$\g~̾)\	{d[P\~\]ҥ\\Ֆ2Brym\0\n\\Ū\"\\\p\0?:\\:\\ZK,\UZ\4m&v`j]sA%w\ni:ܶc$\YXg\0\w~\\̰-\\rrWS\&\eS$\xlz-\!\T\m_!K\\\\׏Kiڌ\\0Ga\?d*yҫyrw<1\\\\ީo3;xݟOuS\՟MZ\ٳ\ZhzHԺ@0nI\\~^\\1\$c\r\}rNO\{\վ,x\\mѼϘrOʠz\\=\\Ϋu\<\Z\y\ݞ;\Ty\\\Z1\0>l\W|a;jzBUi	`V\F\0\P\\\u\~\h\\&\;u\ҽ)i\Ɯ\\>\n&\\Y\Mzo5)4\\x\R\\;O\ϥV\V\\\\i\-n6\0rXy\{ʶ9mxKK&_,\}:Tʢ:\\t\\\:Ō\\ȥI\j\#D@>u\\\\\pvrp\~,үn.h\m~-GGx\\O$o\\\\\О\q\J澧\_~-C\I,\o\ƊFݕ\\\n\XM:\Q<\\\\#\|H\\\[\V7S|\\\L3+\\\xx\\Z\^9\Z>#K-Y$\\}+\7w.##بo/\4G`sX\o\>&Y\s\DQ\\\p\\ۊ\?\{+\\<\rOʼ\}u\[\h?}&+Ac\\.IX\3v\OzW\\Ԥ\̓νv\ony+\\↟\؛B3Bj\0?}~,u>#4\\`I\^<v\asSS\v{\۫;/\'yKq\{y4x`)4\i27q]\\6\u⅒\cKҙx\\\IR\\\\F;o\M\J\\0\7]\\5W4+\\\\ \Ʋ~\z\~\E\\\cP0\\*=d\\X]4R.}\\Z\e\lɦ,V\\	\\֎Tߺ׭|+g\\o\/\\^⟉W7,@\\X>>\\\\Ft\k\d\4\m#4\AҴTC>m\\+}\i?6\_ٴ;\0w\\~\\\\[Ԯoa\\-\_\\rWa댟ʺ_I\/\\0A>̭\\\\Z\τ+s\\\\L\\[º\hAVkcI9\Kٕ\z\=Ut\n\eO\-yYWht\r#7\!G\\"\R\nǻ\a\zj\3\\jpGl9\\0\\0\\ZVrbH\\u5\|ũ\\ZR̭\\\UoK+\JۏlbkQƸ\\'Ê\\idNrsab\\zm]U\ʞzV|,.z\SGfAn>XQr}\Ps\\WM\<)i=\\r\hb\NHa\0μ\v\\\\2kW~\\?@+\<AǥB֊]\"UDx\n\\\_U\R\\>3Yk6p\pb1o\w1jSj\j\\ ۷Aצx#C~\\\Ŵ&\,O\\#\\kֹ>X\\+\\xn\Ѷ\ۨ,?{q$\\\n\0\<mG\_Z\o|ek,\<{Z7`\!\y>\̷Jж\\\\&o\=ֱHL\G\"İ8+O1\\6:\\\~b\\0\&\\[:\0\\'ՖY\%[<\ZuckI1[\\\X\\rL<\8\\'\\һ+v\\X\d\vt\1\J{\~\u:\\\1\jO7\\r\s\kk\7pݺ\*\W;3ocI\\?w\AU$:7tVsavEY0]>u\B\\|bX5X$nJ\0֛	\a\Z\"\0 Q-Q\\\\\\-{ρYXd\n\\\v\2L\Z\\w?\'\bV]G\̼21\:c޺\r#\\\\\F\ bxsԥ̬ѽ:\f\\r9m|Qo~L\\GB	9U\\\Z\0bY\C/\r\\^^uȼc\G\\3*\`=Z_Y&e\T\Va\\#\\s,W\9>1\\NZu\с\q\\nGqwr\޺q \\?{5\\jKu{$o\?kNI\}W2h\y\\\\Cy\.\\\_6\5Ʃ3[\#\\s\\\?I\K[\G\\_\\\sI\\y\k\2n\\\I\;+7\Q¸\0=>\A\]R㵵jP\\\'\X\\$\\<W|8\\\YQyf* P\_N?\Z\\Mhr\)J\8\3Β]\El\\0Ʒ3\xU[]+\׮\p\\{\+\\r|J\6\\ut~\\hM@Y\r\M\aF,6>G[cڧ<\u\'Z\NR\^y\rA\^\\\?a߆\\\'\O]5ڋ$n\"*2{N\\\\\\o\-\\\\>\V\0Ǘ>++.p\\9<d\\{\ZJ-cq\ZwG\"˦YYHś27Wx\\\-oxܼ~\L\\"\xm\$ۿ\\\Ks\Y\0\X\\)CJ\_+<\N^hK_Z\\\v\\}\o\Ou̓+p+\oxU\	β*X\=\~|Z\\ZG\wG\\\\0\9\gde\\ϒGe,7H\܃|J8\9$=[XA\\\jM:\MKTVE¹8#J\h\exEtՖFaEy8xT\\\}Ӆ\/\Ȍ\\\0^\\?\\8\0\\^:۪\elzW֟	R6\\\Y1 QߌJ$\*{\}j\|&\ȫ\2\\|e6=\\\ S\'|A\=\G!-\\>ʻ\\I\\n\+np\\\\7uu)fϗAoj~\"\\fA#4o\\?\ڐ\\\\x\Ʋ\]2yb7\0tyPsMu\\'\\7\\\)\=25\\G\\\4\0\\+\\Fk\m\/ܲ\\\hg	\\n1x\\nf\k?\Z$ \\r\rq>uQ0\\qJ絝R}SYI\\)\\'zW\ig\?\\\\\IZY\\r.\B\V\Z|D\$\z\t\\y\̶\ڪivN\t\Dj\`I\V\\fu\c;.+\za\l\w\\l\MOi-kI\\\\K=m\{z\\	\ٗKk9-g\O\{\\nTA#7\)\\jhOB񬊪6\\;~\'\\0:\"<,|\X÷\\\,~\\ڼ\f\|̷\y\?Ҿr\{Y$\\n\2x\@-67uq\4\+\ǥ\\+\;\0W\?.\m8\kk^7\KfU0?\5\M\\\]aRHPy5OJ\Eŧ#\\OdFM̧\'$\\S\\K+\L|\@#\A1\i^#]GD\\|b&\r\ZRc8\\ݥݦCF\L\"kg٣UYLQ\!w2\\'=+Wr$[ee\\:3\'\TA[x\\'\_?s*\\Z5\\vϙb8Zc\4,>f3W/^Be\\!]\@	\9\\Ο\\ Bs\:\[fI\ZEˁ\r\\wR\+y\X\\\)\g&\Ѭdnc\z\0Z\0\\\L@\\.Ucj_\F5\X\.?\Y\ڭfG\0\\\ҙAo5$\N+=Lo\\.=\QX}]\*i\\[yZEܽX硪\0j,?wF03@I\܊\MVn6\\\ۂM;~\\\*:\Z<aw;H\2I\IwOs;\\0@?˻\0}it\\\+<[\\PzS\SBapma\>YG`՛\]|;Laߕen\nx?j\rhP\Oֻ\0_|Q\\\SNb(\,\\\~F1~xhvQ*r)\ǻܿx\r\S\\\h\Z\w\\{\Y~0ŨX\r\ɶ\\%w\\q7_^L\>^\\\ԙ\qQЧ\]\^h\c=+\\0h\s\ֱtB9_z\-۬m`\Ҹ?Ztq\R\\6v\Q^\<l\J\|;\\<?+\s\\5H<}\M\\k\\\fx\\\\x\\$:R\KVAt\RzxX\\3xg\\X\\/J\u\\K\V7x]˃^\/\1o\[\.\pÒysß֧\XW<:tPTl!\\r_\Ҟ \m\l\K0s]\\xƷ\dak\5\t\2՟Ti$Xp?\\k\|6\\v\ZM6\s׷Mz\W\|>\"~\{\rQ\\n\q6Ꮸ\zo79Z\\fAi\k\\\to\4\a9\\\\\W^ԭUCE\u\<\%V\V]:V\ǝ![Y{ueF\T\ke\v\\ċg\m\r.vw.\J\.cٛ\V~\⼞\E?\w\\\Tiӳ>V^Z\ŰZa\]\C\[ gJ\\0\x\\v\\3*iK7$\,|}q/B\έ\'\nH\\r\Zvu(vm\C秅P\g\Z\}\B\0h8$\\Ҿ\E\l>E@*\o\+A\\\0ǲ:7s^\Mnf\\ax\\j\&S\\TRzͼw,\5m͑\V.\\_ώ\\na\v\=r:kc\"\Uݷ\\PEt\p\ƪ(-W1{b\\,5\k0y\YWk)\P\\R֖8՘\h\}\Z5\0\\"\ڳMF	mW<{\շZ;\k}ѳ\QL}#\RKÅ:\r#\+]kO,\ݗ{w\_5ƑxlVe\\\\eTGuϨС\\V}Pg}O9\&\\W\0\\_jVӤ1VT\\nA\Kc9/|\wb\⟌/!\:>\\7\*\S\{\wh\0>\X\\\\-Lf9\"[\'w$1,1#\zֵM\h\\_\Vzu\\\n\,7q\2q\׿j_g\<mo}h\6IuغhG g\\1\k>Ks/UӮnf\\HOʪ:\\\+\\\\̥@=U\݌O}\\n;Lf\3\k\\Z\\^-X\aUr\\t\\uk\\\\f\\\\\\\\m7\-\r\O\yٹUp\Q\x~v	\qrm\G\s\~{W\\\>.\m\)nۑ\o\n/Ib6\(_ζ%]\0\\\{\'r/Ǯ\\T\\'km\\\Co\\L\PO+3\\0_Ƽ\^\\N\\0PAf:ڟ\/dƺ\s\[	\EF\f\\h\\G\[\~կ\GcfmaX\n#\>S\8[QFlH\\\\sֱlw|\A=?/\1ro\Hk\\I\\\1\>V#eR;\U\؆_)Dy\9\Y\XdNx\\j7\#¯\e\#֎VN\%\yf\\_q\0\\^\\[h\11n+}뜎\\p\\wek.\w\\\\wz\G>>\j\\PqHCҨ\\?b\\-\\\\0\sH\'<t䝌\\"\Z\\7\l}\K\0{y\&\\׶(\`lY\d\U%\U\\\"aMpēYIq;\\\\\r>)ݖ9	\\\W9\3G+\d\U\p8,	==1\q\>pu-\G\0\\y\\\`C^A\_7\+=J\\\a\\\,\\0\O\zg;\\Kn\nG\ \4J7,k\(K0\\J\63?:h~\"\\Z+1x!\\'*炾!G\/\Xov~!\ W|_?i[	#]\H\I\w@\\\>Q\.~j\\\B9Z9N8I\}\0\\ΔT\k|D׮.fX\XZa\r0k\\p\\o\\\rs}+o\u=/ۜ\w\\\h\X_ۍfP\\\\\\itf\^W>ӼCFcQq䝯\0z\'5͔vWn\I8|\\\2ܭ\\4Ӹ\Rj>\\h9\'=Ƹ*`ԝ\R;N]DL\m\\$nH\k\oq\\V;gm\Q\k\X\\3H\dzWi\ߎPH[\\s\0g\\4\g\,S\\+[8V\\+o1\/>J\\rw\\r1ⲺeXN\9략\\\n\\!\#\ɬ\0\}M^e\\\3\Yk9ňw|9\\q\f\_\\Z\\oH2\)$7?Z\/\Kfy)6\Nc\!\p\s\v\#\\fh\<I\He\$[\é<x\pbUi%\\U\\Ϸy#Y\l*2[Lity&<l\Fu\Qctx\j3\\%(1\9ڠ\\n\卡O3i#ʿZ\Wßo\mFܲ![^\\\4ְ\\1 }\\\J4\݄\\j\\ԼW\1\a[\D\*gy=k\\?}\\Fh܂\Cq\\ڹ\0\\x\\בmM\\\0\ #\1\ھ\\\n\\\+mr\\\n5nc,\p>\\@>\\]|sfT^\:ûY\v`tD\q\\\{Y?硏\a\~^@\_ڏ\\o2\\\r\Y\IRɓ&;\\^\m\Zu˹\nA8e\'>\;Wq\sZ4PcdN95\	|\\\#gƷ4?\_h\\\,e)\O\zSW۽7B2F\d \ng9\#P\\K\\\\	o$o*$G\s~\Z\?hk_|\s\Z\^rpO\\\6j:q%\\O@a\\\⦫~\\\\\A\\[\I%@\ ~\\)>Wf\\%gsW\̾[H#<{\\WsU{\\GSZ\k\\\X\\P/Ǩb\?\\mm\|#\r\լ\\b:Gƾ\5k\\\m^O{\\Զef؛p\Z5\`\\N[{\\ξѠ1\MJ_L캓tX\'<8bpֽ\^\M\\\\m+-\[\jviǺM2G!S ߥxπ\\\4hj\\wq\K\qP7{eHF\|#\k~.\m7\1\\}\CfV;/,/DS~uBu4c-կoQ|\$p\\Z}g@#sJO\(\M\rҠe\\\\^\\'=\\\0\w\73\Z\\\}i-g>hhc`hSF9\k\j6\e²M|\L\\ǟP>\\\i\ܗ\w\	%oiD\m\\/\Z\QQ\\\.\Z\\r\\t\$|\$\g\0W!\\\\k\\\tkld?sm-\0\\\\)\OsI\\F\|\h\\U\\.\\\' q\[XźYˍ|$\k\\kZ\!_@\rx5\\0=\\|\pX\\"IФu\n\\\\0i\z\]K(\{+\;GRvΔt@lx\'XT\\I\\\e(<u\R6qm#K7d\$r\Z%\/>\\\oZнk66\*Y\\\\@\on\wm=\0*\'EI\T\b\EVg\c\^\F݃\=j\[o\\n\rm\ު\\.\ݠW5,u5Gp\'Jҷ\wasX0yvfF<\\\\\5]\sF;PƁ3y\g^kBƫ \\~Z\y\Tݖ銿\\@\~_\\!\m\N*+(\Zm\򪪁&\r\\d\Z\4=[VLޙ\nȵ\÷\`\O|Wm\oݺB-\A\'#9W\\\\\vadPI\m\'\\vX\\rI\\\bn<\'\ւ%\\0	N\\\r]\\0g\jZGiZF\\I,Ff\!\nF:^Ik~Ng?1\\"8\nù`p2\0WǩZSu\\\z4M\0$\r\c&CikY5+{\<!7~Rڊ\q\\2A6Ŗ^*\YGJ\W6\Y\0;m\\"\Gp\A_4x\°\\w\\`*n6:\\\}z\mL\#\k{{X\Y\d)\)o,dp7\9 \\C\E\\w.\\7ۘt>\xٌ\%s\\ब|\/.\\I\6\^b\y\q9\ZحŚ\в\u\H\ _J\H34+\J\k\l$\\X\0ф\U:\\\\\\aCmZ)T\0tƗO\!0Ide n\Gw\\<\H\\>\\Fc>cv\,+	4y\w1on\ҵ\IP\Cs\_hxwŭ\nk\{\/7yk\Z/\\p\}B\\\Jֲȥ\\+NDb\{<h.GkW;{rj\T{ܸa{Y-\\+\3v&\\\\t0ƾdF[5\\۵r<wȬ#|\c\^[[/$hOqZVM\;\޻ܟ𫑔U\\\\\>STm\_\\\ٞHhMņ\zw\?/#_N>nTd6Pn$H=\rzO\}A~\\pȏ\\u%#j\I$w\,~\c\Ri\\\O\|f*\Pgh\k\KSlI\x\\z{WU\hN\E;7\[x=\}+\\\s\Z<S\7H\\8O;\cߠҿ\0iǋ?f?Dۯhw։iGh<ٴ\O26b\'<\\zJٱ\\⿕{\\^x\c\v\\\]̓|\ɀ]G\'Gv\+(~ir\}\\s\mƳ\(t\0B\$q\A\X!\yS\$W~\?}M\%[PVo(\\n+LAPF\ F0k\}/\\H\-u\\\r=\,\5\u\xoWBy\3i\\+Q{dB&27dzv#b5q}O|eek\W6\\\$~uܱ\\m\8\\5\\xo\I\9\T\\0>b;t;NztZ\\\ǏK{vt/m\\\c\0u\\?d/W(I<L\d\\\r\\0tRι\aښ2N\\um^\K\/t\\le1`WX\0J9nٯૺ\\k\5%c+\"3k\\\0\m\\\\[\\J\H٥DVb\PA\)w_[\}\L\C\q\\nz/\XT.;_n>X\\\egUi6nh\r\遁ھ\~i6?\}{Z\Yi~;f\c\DY	K)\ƾ+\\\~&P;V\\p\\\$?Z\_\M\\\_5݈Yl\bO\;q[\{\Z\\\\\^\Um\\B\XQ0\jh仝ݒ&!W\\׎+\&\5/\~:\\\&\/,ъi\ea\"n\D\y\\\\ĽG\~e5\է\\d\"\<#g_\\\2x~\AM\\֠;\KEz\\ZT vi0A\\n\&ƅ?O6\0\\\!X\,\VM\\;noaW\~\r\\\^K\i[\\M ډ୏\M}\KB\>\\0\.\{rZ܈\C\?;x#@\Sh\]7Kx\ M\\\br>pܚ\\~#Ox6\F\\\\F^\\&$Ox$s\Y9\ֻx\N\0ڇ\\O\'\\7\0\ns\\s\r<;:\N\/kvYJ\˦X1kǸ\\\M|\\=u\\/!\\\1\&R&^\# \hџ1\U\\ox\^򂮦-t\\$T5%NFT\\׾+\<\\,\\۵\,R\\~5;\<\_:&\g\&\\"D\A\\<AP3\\W+\\\ry}bh#K\|+AcQst\IqW\\\4̫¨\sZwq}fgZ\׭\\\r\e\\2	V-\T7Qִ45rF\Gz\\#\r\u\z\\5\ְofT,\1\\J\e\~\u\Q\\r\7=\gVfElI\\Tm\4s-\7,c\\qp_Z]mVS׊l\G-\6*\\[׽5\\M\J\yq\}i\\\rf\\\Y\k\?w\rφZWZAKm\\L\TrSתWr\\ko\\#\df1pұ4\rj^!\\KiP\ef>P31_J|!\0Yѿl\HG\浛%\\wJq\\0eoDb3¢DY\g\\^\u\r;\k4wgW|s\sǵ}\!\R\\\V\51qq	ゑ?\\c?\@\0\\y\O\Zx^`鱋h\\\\\H\\m\~:,\~IR,\ s\\½\\xGe\<6qX\_\E\?\_\0>}Pռ3j@\\;,Πl\^\\\@Kc>S\{\M\/^I\\\\o\r~\z\\Ҿ[\\\\\\%\\\\hW\K#7g\=\cҾx\f&\K>\C\\Y\$V*\^A\~\C?i=	!\\Z.\\\֥M/E\\潗U@\UInO\\㟌t\\]1i\Z[	ϙ+1goŉ#؊\\\io{c\|q\\\Im\\$\\ҼWw\#FE\\\6~99)񾈺e\\#]ɟN\S\IHZ\x\cW\;3sLQ\\\Xz?¸\\-cV?2Isq_AG\'\\0y<s[\>c\\i\f\V˓gA4l\Y.1\d\\լ. dQ_8ϵv\$\Vah\IO\}kV\\\6{C+rdBֻ#RZ2\\ZZi\\\~YˎN\\)\hV\H\\Oj\\<Bȣ\5~Et\n`\wz\3Fmam\\⪶V\X\9\5k\\)Օz[\=\\}\\l|ڙ~\n\귞X`﹇\R\tﰖ`S\09\GO\zMř_)|\\0{WoxS{^\\=~\\6\=.ԃÖ\Gw\<\c\\\kд{{1f#\\CM+4UXR8\\ns\m\rk\US\\I+\2̠\~5럱G\ng\Z\\Zl\\\gʎ>F\ӓ\\4wW\\\\\%\\E1\ws\0iد\\'7\y/v\P[\ڬk6 ?4DD9\\&l#0rH|Ѥ\\V	\%\\\\\0\yK麄x2@\\=kGL\0D\\ҹ\3⥧|\r\\C~y\z\[#\\>\@\r\v\\\ğ7qw\jk\\r@\#e\X\+c\Mz$Va\\;XF\Y]\V`pۋn\޽\\\\\]CR\D\c vP;פxGL\\乑\Dkh\qZ{(y\[Ee\Oi6jRi\$&`vm\A\=\>ן\~\\-\X\?\\Vc,}0FOj\ܛNkXd͉$\\\\\~\uyic\\\\\r5τ\0h\\"^\PNpK\\xn\L\\16\0l\~\u^Լ%\0\{\᥷:\"[wXh\ȋq\ \_A_y5\_9\\$\Z\kǫ\\\mT}Z\ɺ\~\0\Z\<\\[a5fg\\>=Yj\o?\U:kf\"ܪ\c m\.Kt>\|b\0nrִ\o\\}\SC$VWPF]Kș#z\Z]h\\5\oU\\3\>ǤZ\\Z\r-\!d\"gI\$\vx\;+Z\[\\oC\ޱ\\Z.7$x!P\0\WN1\\\co\կ\=.\\]Z\6\wI\+gp#\r1_\֧h1K?i. 96\\\g3x\/&\R\\yf!\\÷f\\0a(y\0\µZ+r%\\\S\ia\Z\g\\\Zl.v\d۷\'\\_Y\x\f[Mq	Fm\#*\0-#\\rT`FYH\0\\\\m\\\\%\XGk\)\j9\=k\~!\">2|6\N\:^\-\'D=:\\\skm\p0+5\"\̹Xe\ߊ6_[ٯ!2\\\\w)0\\?3g\L\>#A\m;R\nJ\")_\eq\*G+\\\'xC\W\P\\"w)`&@\\	`9$\\N\x\ǋ4[\-m+,v\\\\\6P\\9u\7L\}Z\no޹Sz\t\g\nuFF,\;O\?\Ze\\^9\~\:w#\\۴\n=M\Ӓi̭sNVTPY`]\z\\\0Ss\_c\0~\\\I\ʂH\֮V\\0\\/?\j\\\tx\\\\'0n\N?\Zd\$B\Xf\y \\\\ot8\eO_\:\c\0|\'\lx\Ǿ,\\r\/+\\k\\z\\7\\YOu\A\!m\r|}\a3ӹ%=t%\\\05/^\c}L\ʶr{\01+\ρ\D/\;\\m+᾵Y\\XU\I\\+A]?\f\6\\\I\(F;\\\\\ڽ\r\\\.&T`\q\0Z#Rۏٶ~$\\0\j6-\3|Lh\/2\\ \\\\\sa}{\Z\\\\_[o7\ݺl/ݳg\럭}m\6\\$ki+\se_l\\j\\!_\a\=%Y\Cx\[R\ï\0\r~	\\k\?\n_@\~൰Hd\屸\\\\jZԷzm\\]5j;0\\\U}\rKPα\l_\;\\Z\\o\4\>\kZ;`7<%e\d\۹\\5n\{=&Ţ\k˕2;\t\Gq\a$\gSyTŞn~\o2\^\ޯ\\\lm$?QpsVSԪqW8\O\kG\\wgj@\\ݽ\0Tд\\[U[AGPp\CB\ƣ\Q\˒\@B\ƺa\\u\q\G6\	|G\oE\no\L\ҵ\r?\\T[\\\\n\'ſ\$\ѕJ\\\}\\ڛ\k\\0k/:\yo\0\\\w \}>~\'ֿߍ?e\\\\\Z_o_\Y2C|\\WӔ\\dȧ\\y.7\nEr> \[Rb(p+GY\f\\Bɻvq\?Z̸ּO\\\pkˍ\\\\5sʵh\\\\ee\ۆ;\;\2n(\$t\\nk\\\C²\\	\\'k7\媓d:\qm\FWSҳ/\ʤ,\G\ZsHQ\޼̿HoPaZ\m5\"12\\\\Gjϸ\|\aa\rj\K\Y\VK²\f\o\C١\v\\Z\!\|cU3®%i\w`).q\zWI\$6\<\Y\ZS64+\\v\[y\5\\\\\t\\X\\nζ4&\Y\#Ӭ\\$!\"2\\\\ڠ\߭c.ilu\Q\\|\B\\\\\"9\o~0\\0\_R<\c_\tU\\ٳ\\\Լk\07H\\\MB\pps9\X#1O\\"Ѽ-\\v\%\\fI:\pG:\|>\3\\f<\b%\U\\tC\[\'\5=YNpđ\J_\\j\\\\\nn\\ÒI9\'ܜ\~\Vu۵\9\~Ծ8\֓\\n\\.$=\;ץdx9ȏ\\[_>^HmVo\0g-[Vh\wVimцϖ9\0lחП/ss}=ĲMM\'\$\+\\?\\|([ckxB\\\:Ut\ՙ\k\{j7\v\\yǱ\0ͥi\\\\mcե\h\ԵE\ׄb8\\0dꚄs3,)\zI_c(\\\t\Z\nk{ˆ@>\\Zueg\tV0־^y\\\ČIר0\^\\V_2@\\ Ré\=Z\\uqz|r\\\\w?βn5\R\hټr~4]>(\n\;c\\\h\E\;4\-\Z\6d9c\Z\Z\\4\4QB\@\՟y.ͷ/R.\<G}\x\;;Q[hN$4\\\C>x\R\\6dFl\\Kc\29nj2cf\W𶭥Nf͕q\Fz\~[\\\07\ka{2ڌ!V\Y8 ݁\ޯA6sL\7L\g\$\\\M\|{kL\\\G\}W\\V^\C\uǙMp4ނ\\"S\\s\F2[Xb\C\o\JXt\:4c޼\\օ@h/A\AqL\'6F\!w+XWѺ\'`\/\\\;K}\\G\\}\Mq+kgfӣ\Pdz⟴\\W\X\0l>)\\%x\ڂ\\Q=xY\\s\W5\[\d\\\\\˺\\f8\0\'\0uj\\\'?\e\6\;\]\\\n\09\nڥ[-\\O\\\n-ZN\Pt냑Q\~\Z\r1\\[Ə\+\%|h\\9Y\\IL3\A\\\֯\rowpl\\\\\ͣF\磭\qy\"}0\P=1N\WG7\\\0W3K3>\\o,6е\a\q7ˀ4sv\'\'b4w\eӮ<șr\\D2*?\-Zա\p]g=MZ\KH\\\XZơ\dX|\~f\\E\G}Ck>\\4l\7Hs\'޹ORH{fe\\\Lӧ\\6\\D\.J?#?+OA\\<~\e2Fw\kN\\4eGA[Z\w13/\\Ϯ)\G\馸ʴ&qU{1d\0Hۑ\4\-Ǆ|Aj\%\ʁx\\\z5\\>uŪѲ\s\+N\P\ \\Wm\\~3_\j\\vr\\\}j%F2\8|@a\\d\\r0G׊\ۥ\Zm\A\8r\\0]ƶ\@\,\\OB\]hd\$o\"\~qm\n\h	#Os\\0[\_\ZYxW\?\4i6:֗x6\i}\0[W=W\#Uv_d0=Es!\u\)X\t\\\\e\X\\0\r\^)]C\d\bWF\\\	=BC0ss\c\0rR\Z\/<#}\אf\Նx!\7p@ܫ-6m6\?hfs\>kZ2G3G(\8tu<a\<\%j0{nz|¼C\R\.$da\ȣ3\WT5xF\97=JOS>(~>/\5ֵ\\k5\IO\v\\\g߁^q\#\'X\f\4z\>_\/\\\\\Gp\\\<T\2\?\_?\ޯd\ms\~y\$\J\0\\\\0f/TW<iO\ד\V_޳>vҨ\\\w,T\rsҿi\0-=HR\<qƧ>WwT\?\Z\/1g\\*=R.\[nM+EDgkc\f \"\\\l\W\\3,siմ#7\g\\Q\_~m\0o\~\nI-t\VP\*[\\n\(<\^\/\kHҍ^a$\~}|\0Z\sEq\\'\QjH<\/@S\\L\%\0\\\_\0g\\0κTV^𾗢yi\\DV\\\\"k\'Xs,\nLj@Bͅ1Xx\\Vk\]B\T\"t)\\'\[)\wq\[\/]\7\G\߉5U\\5e\,h\\oe\\ +o\>\0\3\?\\$}OOʵ)\0	\LZ\,.b\\q\^kS\Ñn)>\\Ma|˗89\\y\\\\\ɳ\r\\\03L݀F\ZǞ1R֮|ۍS\&m\\\\\O1\\\\\\?j\Z57\s\\Ik#i)]n\\+\0\nZdY`\\Ǟ~¾E1\`W#w9\VbY\K\\"\Ýߏ\\\+{\r.\c\o\]\}}|\]\,[{\\\5\\IdK\R	\F\\,\Z4k\GʻתcAo\\fT\!\'\ҪWCNӓrLc9;\٥\\n\\46\\Aʬ$*Á=I\s\03/Ý-c\Z\F\}W]m.P\\c+(\0\Z\.q\?[\.j3ir\_\Mb\E\~\F]\#\q\:bmA٣\!)>\V/\xy\/cEhf\\x\]W>)\xf;زY\\4?쎵\\W:7ȷuCn7濷uO&K8\\\X\lwV\[\0=O\]5I3~_1Ҩ\\\\\>KXN\nu\\\\\'ֻ\\\J\`\eP\\\m\\\d;WYଋYבLƦ\cV\FqO>\\\\+ԣb\\\8J\\J\\8ɤ]\\zVk\glR\8\=*Z2\\sYŵ\r\#v\J\.;\\\\]\\\b=zm\\IPJ\\'* \4\I%x(O\0\DՍe\\w\gƠq\Z\}\+>$m}b\`V$\ؚ\\\\\\2 \x\\\\chU27,\w\Jś]$y|Lnݖ~\_7\e1Ƞ\ֺ)\\\.\\+\\ޟ{\\Ijѯ\nd\ZGD\'m\\j\1\\\\+	\kGB\#\`oIA,\t\&\0:p\\\\'3]ni{\]*Hd5	T\" \\{h>\r\k@2N\oZVxd\7a\Ql\?\Z\\WPbSv8X\Y|\G-v\XLş\%\\Pӹq屷\\C\\\\\\\\A뎣V{|u\`X==n9.\Jm\\\0j{J8| \\\j[\:%,-\nw/\Tdr\ZE\-$\5|>U*\\R\ro*ǟx\9=ƮK\O~\0eH-X\\N1[\\\Z\|$\n\J3LV$\wQ\\C5\\k\\\"`;\0J\\|o6;[Dv\\/\Z&\H\\5\,\nu\YYm\GгjdglW\.6<ӕ\\wW0\\ZM\eȧ\ְ2C6\\j˶\D\\Yozc_\.-c!\kֵ[Al0N#+\\MB\\\Z\Ap-\'\洠K;~\\ʹuɨqb\\\\;K\\\"d/Je\\Y#H59\q\\P6\+\/\\\"]\n\\\X|\=̙29\t.\iN[U\|]\gx\F\HQ\Ď\\o\\402GAo\_N[\3\\N\\\\G\??\\m\\\Q\d\\\\\\\\\mu]DSp\N?,U\_\r\\/j\1-FW?wCU\ڵ՝坼 1u0k/<֫\"\#\;\\0\\Яhpvԁfh\#j\/nqpLy\Z;ж\7\)\\\^h\<`\\\$c\"ʀ,;i\\"`\\qM\G\\\./;4i;Ս\3j:6\g\'٘0y_\V\|Uk\r\3r`9Lb=Z\\\\\3\\\g|~\+\+]>+\T*s\n\\M$U\\Ҟ!ÞO?P}7\U\dGc\h\i[i\h\\ﺑ\0a\~\0ו|\r\\|FuݷaHE`6\ׂ:bx\Q]/\\Zԛ\\*ǖs\z/\\\\\B\i#}ʬ\g\\dR\\qhkqLUp=q\5\|+T\'\\\_%F:\%ttJ\\}\;wU\8$\\	+nr\0\0\c\7\fT2/r;֗5kev\\\H\\?\n\<TbKʌ\Am\\*\X\a\"Q\?\Eg\}H\\|x\\\0=(\\\MA\\0d\u\[\q催?Ճɬ]KNO\\\\[oF=I\jE\w6\\B\\\L\te\#o\\j-څ\\\0S\^k\O\&_\6Z\\'%z|״=\qӥz\\)a}8\m\\gOL\s	\0>\"i\0/6tth6}G\\\\\\ρz\\0	W\\\\\\8N9\\\Y|.\0ū\ORY$\\0g\\"a\\FA\z\ї\\'_6I$\0c\V\	\\ӌ~v0H\\u\tQ\\\\\v4mCUfՓq\\WA\:dP\oun\Y\?jl\BA&\\ǝdy\\0\\\y\F	kÝ\\\\g\+\/\\\r\r\\o\\+\\|pns*yvC\;=\Zh_\ڴeooxۦX\<cҰ\\\\\\ښ\\%\\\U\\ZKk٢o0\nғQ\J\8\\&\Z\B\=I.e\I!\\#V\P*o@$\\;{\%\cΚiJ@\\\ֺ\\	q\r\\Y\#ndt^/\烗\K{\q\0ŭ-P\i,\n)+\Z\\Z\\Za?\pŧnP\\>k,\1D-۾Qa̎W\$\\-Znc\q\e\:\\\vv\ZHϵ0<Ӭ+\oNDt=+j\\\\Ɲ\UBj\nլ/\\"\ZӬ[\\.\\\0\\5R/%Ōq\\4dn\0Ҩ\^\U-\\᷐F0=+\ՅG%\(etsACN\$\ZZ\̓\\>4F\<V3-\&-\\U\k=\Z\V\\~Sچ?\$d\\"6@({\\\\Guj\N\\B:~5KMN\˺9uY>l*\/#\<!by\"\\|HӬ$o\4\Trh6]\_zben4\\⺍+J\m\%UQ\\5\xg\\-D\/\\5vd\\"\zY\\\2\F\3\Ƽf\5\5n1W}_>\Lx`ê\\\2K90\\1\~([\\	n\Z\\H\O\\\hܴkkp)\r\f\x\\\\\\&.\\|EՖ{|XddS\\/xv\ZVsM\ZFxE8.}+\=u\2G\8cV_\S\\Z~\Ul#ikRWU_x\d;KrYx\8\2.^˦i\23\\\V.\Ah\N	\n8+\ڞv\\۴\n|]/֯m\\,y\N̸cW\a\Ǘ\\\\2H\\j\\_d\\\\AC>6S\].\|7o$cV\\@\T\6\\l\9FNw\M=\\\?i\I2}n\5\~\Zvi\rҳ(\\{{m\"v\,\~5\:Fǈ\\1\\M\\i+Gg\B\w*\<e\\zU\ni1X=\\\n6sX:\\Ԛx[sFp\\#ҵ=Qu?\r۪\T\0ZΤJUǑ\\\\y#\\aab\\|7\S\3m \^\펖\\\f2\0j\\[{ܣ\)\T\\_\6jU\+?j=T\\|M\\\\ķ5\\.m+\X\\ǿji\$\\۸7Q\\U\byZZk\\'> \|CK5\\\?hG<!\\ƩA\+\\\\O\ַܼ\{\\p\&\c[%*{6\O+KP<C\-b\̒M\P<\O\]at?v7Rc\(\,\\|\\3\U\0M{Sx\\\"\!f\<;5\òx\崶~%T>Ҽ\'k\5\D\Z\\eW5j\W}5ṑ!\-i\oS\O¸\\\\j\"	6\\Z&\\n*\\n\\r\'@\\X\\l2w}z`zVq\Xn\xLŭ\\Jd\9?\"\\\\O\#\_j\\xg\r\rv=dW\'\\0\\ӕ\\R+H\0\\N*\]\ς6Q\H\\4?\0\\'m\\\W՚)Gmp&`>\WO\\O\^5\4\\\\Z䌷s\9\'\\Ο\;u\ck\J,ZY\r8\NI\'޵4\\\7(lm\[o*\(s\I\\\\N\\\4WCiL\Z\p!\\\'\\Oxg\\0\\Z\!\\\-K~\}[Ҽ\\#\M\:}\\\>\\Ӄ8죯_N\\+\߇z\$\k;}>c3\׽e9\^\)F\ܷk\ZMI$ԯ$Q\}I\'?{g_\x\D\O\03\>\\qI4\r~9\z\r\riv\Է<\ҍ4*u\d\yj\B\rs\\0\3K^\X\$\x\08\_.\hn.\\\ʼ\\\k\\*A\c)kNhdgWgL\giri\[C\\\0lbCQ\\\\\"\\3g,\>\\\i\׍M\is\;`\\do\/,FQDT\~%]\r\'\6Ih\/4\/\n0k\<\MR\m\0%;,㡮g৆-~*]\2#6\Z)t\\0^\\G\\{Vъٟ[uN\\*oEajvp\\ m\5\V\\C\\o\Qrޟҟ\\\\\\P.\tvA\/,ޟԵOCEa\\\?\x@.za\u9^Z\;s=\\2\gx\0yM#z`qJ\6\\\O\\ZYC4j\T@\\cܐ\l;\5\\0xPֵ+{_\%\ ~U)n}\\dlRt\JfH\4j&*\l\n.G\Q\\Q]4\ru4\9+{\dz-V\C\Ot:\'q*٦ޘa\֟).c\\$Mya\a]V\ dg\ns۟Һ[;m%BÑֱ\"x\{O\{v\m\lI,\ZRǎ\k_ڟ\\*n_z\F\/W\-\n\-\:\\>\"k[\\p\\\h\\O\L\Ν䤈\FB \Ok˼E\źYhd\v0\+\֬\>\pY\+qV\\\*-\9o\\Z/w0{׷xv_\r4.!O\\^q\K²>,b?=v[v?ɮ\XЦ9!HWؿSZ)Ks/\~\\\;ArT\׊ٳ>\\y=ȱCfA\@@\\:t-q$q3F\0\x,t\Ҽ1\Zi\b\c#<極\~\r\D6\Υ\Y&HacU?z\䘤o5	*$֮\r&\/\Iaq\;\ڮ=\'X;F\\g\|C\ȑ+\'\\Գjq{\/\\\0u\_V\\\wQ\9H\?\\/\\>\\\\\\5OOvEڢA=5<\G>Y-vN9:\M\լ\"\\cIx\|\\g\u\\[\$\k*\\I3寏:Ԯ쿎\S t\\^W,\-\\0ux\[\\=?\k\'\63\dr\+\\LꌓG\Vo\\aw\\0\'W\+\\\\A_j\;\\'$~\0WѾ7\\0\\r/M\"6\\\\\<G\3!;(\~\u#\-z\\\b3\\\\ԇ-ڄyZ\\Şc¶\Ԑ\\0V\SR\d\\kˇH}Wn\\\\|\\f[y&\vScW>[\ڛ?Y\\2\\M{_\}H\\I׬dc\Ryak\.<`\a=\\\_\nn_\\0>\tf\WGi\\b^\B\Oڶ#F	8u\\\\X\૿|W\]̗.\Y|m\;\]׈|Q\絳\V,\9\a\z~\⇇4\6\B\0\\\\\י\.;/\\\{\cltو7?*ƾ\\&m\\0bFw\<\?ud~\\/\/I\?þ>\\H\\:N\\\-\bF}\0נx6K|[\#\^ \jr\y\1K&zu?\\lI\\x q;΢mxu\'\\\Xd_[\=2rG\]W$O㺸\0\ŏ\uw\\\|R\g\7IѳhmD \\\+6ar3\~̖zvȭ\-tcf\{\\{Þ\~ۭ޷4\\\%o\(\\\_6?m?|3Cm7s\9\^9q\o\\\%\M$\\w\\ɥ\Ɨ<=\/\kۭ%\$G<\\>9\<C/\sdTrO\[Z.z\;ZEڹ\l\\\\x\X\f<}ޟ_z\\\VohҴx\ʎ\\\\Nֽc\s*\\mGW\H#\\n\\:UI\\\T\\r\h\浧ME܊sܹij^2\\"(\Uy5%./\4>S+a\,y\\Gu4j\\<}+6\ݍ۴rFbdzۚ\F)+_\\	#]* oWQ\Z^y1\Cf&K\\~ʪ׾%\f\$*\\ז~\\2\\׋kw \0VU\'ʒ3\h\\\\u\Z\\7\[\0\w)%\W(\mmlz\~U\\\0\yW\COok\8\\'\\lei\nxJq\N-4\\c\CC\\\Lʜ\|y%Çn\"Y5\rэ\0:s\\\/ˍNՍ\r%\~Ӿ5]\c\\}ET⋫\\{qG+gDtVd\0nU$p\\ {\\­zM\mX[F\ᑂR浾|o\4s2~\zWxoNIX4\]cQ+V\KSU=\\>\f\ug\\0j6f\\[ݍ\\\~ \\\I3:\\/^3K\nF\S̉\Sf\L\\ZŸ󊑹\d\Z\\\XYc\nne\Ot^ӗ\\\\c\|\v%\fյ+0\b|\\YJ{/1k\r\\"\\y\\XZ\.`֌ҋ}\\L\\WIj\\\\\0e\\\\rGoi	\\\"$\hy^\U.S{\4m\Zg4-3C*\\Ou\\Z\]\oc\m\\\^xV\?gw6~\Yb+Uo&\n\0ZTe)\v6\\qm\A6|ױ0A+6q\0h4\o2\;WZ\n\\r\k\ݟj\\\|\\V۴X\\9\\\YE5xܪ\\\I\'P\m\\f;H\r\o\|\\n\\j!Ǚ$jz\\߇|I\\~dW\\\^s\K!\H<@Z\\cq5\f%U\םꗑ\\ZuWvLV:E\\\O\i\f1M\\5V:M\\7\o*J;	\KH1tPv\&=\H0\ޤ\t멤_.<+p*$\ M^eJ:|\\\%֩̒H\\N\*=3\rA\"\S]$e\\,\\U\\]a%ݟ\?+;u\\\E\Z7ˎ5;FOz\+\i/\0u寕Gf\:\'\v\'k\\0PRG\\0\\O4\xsӟ\Wx\\k\r\'\\\\'\'\/}\xGO՝>\k\n\\q\ם\\G\7]Ś\$>2\C*9]\i\Z\c<&\\\X	|\!/\\ª|m\\׉<ymh!\\Fg_ºI\Z\y\h\ZԤ\\\ڿ|\J\Z\\<y>@P5<@;=s\|>6|5\ۇ̟/\&\\_	\kF\;y\㧮;\z˴7\n\\0\)\(M\YGq\"؋dKz\\*\\\\\wH\*1V\'~\a\^\\\\\X\\c\\\\Vsq\VS\q\`hph\2\g\\\k}g\\Zo,<`\5;Mb5,β.\=\:U\ \.Z^\\g\u\wRwc\\\ף`z\_/\ѷ\v8[i?真\Gs^9\<]\ig\tBN\7\rc鸀\QҢ\\p|9\ե\5Y\Zx\\\ mb m\\sּ\\\i\\\ԙm$;I\\l\4\QȶsQ3!@xW\%\y\\\\8$6\ޝkX\2\v|\}|M]	-\&Eʳvo\\\!\\ey\0c\}\r~ϗWȶzj\[ȑ\\5r\N?\J\>`\\\U\ɕE\O+\»BM¼xc=\|1fםV韭n\0\EѤ\\dƱ5\iN\]4j~eYq侌\rZE\\ysF\s\5i:|\F\;*\\\>\'aIea\OJDQKL\q\f\\\~\ZN(f\\+\ڵ4ږ\d\\V:X\\"\n\\H\'\'\\\d\\\ui<\r<yH\?x\\\Ǟ8m_[i.@\'\\z\ۓq\[\%q_\?xocKW\ut\\$\#4\as\\0c8m\|E\{o \\ߚ\!\ZcH\\P&k\\\\\\Z-\\7p:פxඋ\^;EC\\y\ڻ\c\\jG\WW\𕧇t;IdԯbF*rq\~k;\\ڦ\\^V\}\׿ҽ6\r2\\P\5nc)umr\C\\D+q[Dfހ֐\#Iq3\\,il2\R%Q=Ϡ\B\ܡ4\M0oyƧ\MC^+5`[r\0\\4\K\g\\1\\\<\k\>WR\Wږ-\-\\j\>|(\<Ww\r\}\]\\Zs\\\ld̯\'\!C\W\\i\\z#+\/\\\\\l\~\\qڼ\[ՔDʑI\0\0\d\cު꺺\\\0e\HrX\7\^\3\\s\]|\,ۺ\\\\\Kr\\\i\}\H\\۞H c5\w>\ytcqVr<#r\\/\ҹ\b\\dH\\\\Pe\\"mS\:ao\TgGc^\O\\H\\\(\\\\9\G͊s\\DJ%;\Oa~\oX\ߖ5o:F#j6\\ȏ\$v\\ZFg<\a}kf=7\=덤@\N{H\%\1k7\41\\\tW\\\yZL6N\5\\Mj\\0\0\\k%GF\\M\"ݮ&d\\^jh~:Q\\\1\\0Z⩮\y#V9?\Zj\׳[ax\'\'wxQ\dmXW\\k7-įg\I]\0Һ\\FS\\\run9ĝ\\@Fi25ޥ66vʪ+7OtH¹V\}\?\\\G\1+\W<P\N v+\\w\0+\Z\.\y3\ֹ]S]-\y>\%$\\<\\\0PPW+;-Ķ\6D\q\\Zu~\]i.\g\מxx#	t2IkKU\\\'Ҿ\\*+Fz	*\֏21\Ķy\\\\]3\\n1\\0`\1t#d\oQȮg[}\\WM{8\*v\\rR}K_\\s\\\i_.\8>\Im\\`\iY\i\1\K<Jrt}\6\}\\\֬vO5iA\\nk\x\\jdC1uO]jAԭ\da]*Eq\x\=j\8cY7\Q鎸]\`\s\	\JEx\0\?\6\J\Oi.18J\MX97ʏ;\0iY.\\WL{;8\H\O\R\_5+\\F\Cj󏕮f2K7C\\\n\?\7\q\`\dX\M\\?)#\}:ÿ\ѣkCO\\k[K\h\\h@F\n\{\sYF.OC_K\\\\\28\0@>\\Z\χ_U>U\\%\돂\\j>[Kv\μ\\5vk\쑤\͐p\ޮPVFq{Mx+\Տlc{[fX\/\:vOx\\\\\ZlWK\'Nھ+ֵj\qk#\'q?#^\O\s\\Z\p\\\\~\r>\ƣu0\=\.\&Uk\E.\\\\~\W\%\\\ǒqQx\Ҽ^XK4q\\^N\\r\ZݛfH\S\PV8\\(\\\#M\p*\ޝc\8T\\\T(\'5\\+}\\Ox}`\\j6\\ɧBy+\\\i\[zֲ\t\0ܘ\\\@y5-mK\\\۲m3z{~\B\\ZM\\\>V\n\+\fڲCv\'\5\>їƟ7\wڄ\"Ua\\\bi `,\"m\w|\S\s׊%Z.U\uR\n#hy\4~#ԩ\]\Z\xzZhQ\\'\_c[ZGc\bH_\\Q\|gJ|Q|[t\H4c\\Q\?u\\<\\\fF\'͌g>s\\T\\\?\aw_5y,W\\\|\\#x\\\t\a\'\>\~\"e\\\;\B \F\\3\\-Z\̳l\\0d\\\I\\0å\p,\s\g\W|8\&\P\rf0T6@\\\G¯\'\M<h+\d\\&`\G_Hƺw\\,m \\\0FkN-j\RKbߎ5\0CtO.ͣ\v \\\_:\]\\Z\\VK%\\'\\u|P\\\I>\?t/j\%EuG\\]8\V\b얆\?\\ti-\j%eP\D\{ף\\0WkG\!zS \$\W\\ɪr\̱+*,i=\\'^y5cD;*D \\A\#Y\Zޡ|>6\\UyD\\$\nAri\\\g\\\\t\M\\\\\|@Bis\x\\\0ңx\;PA\\j\`UV\'\\\z֡q\\ÜGs\ṟ\$\ҬYi޼jb\Ѳ1ǭ]i~[ɆՑrX\~ˤ\\">^\OcE\+YG/\\\\\֭s2Bӱ\\1\_\Z\@Ů-\\\'\\\W\@b\Y$\\n\\R\\\v\a\_cHB\0k\%\[bfG\r\\@s#:\\ܗOk8/\\\\\\G\Zq\0\}*2l_\SZiخ\j\d\\\'+o;\nŻ\͑C,2*\Aa%\\i\\k6\C&L<\W ]jܡx\\E\\UEZg_\i\Z\nUad<\\v\m\m8ɧn\{#\\c%h|oS\\-[#fQsT5\ciĪpx\W[!\\{=6\|\\}\)Eռ[\CM\}5\ͭ\\|\n\\wN4b\띭;s\\x~!j>1Y$x^\Y\y;\\n\Y\u\Z*\gju4\R\<\$V\\\rD\[|\\0Z\Mk\\ZmK\\\/\\\\\ׇŶ;\\\|e1Y\f\\'O\\Xo:}\V\I\Isݜ~k\+$,Z\\\0Zg\n\<}\v\\\\\y\\\'\St\\n#\en0$\dM{/\&fF ;\\\:\+ᤋ\"\\J\Tȍ{We\o\\\#\UoHBcs\{\?hck\\g\\F\Bw|_}\\0\\߲\\{{\]\\Oky-\o݁\99O\u貍\O\SV8cGZ\\\\0\\\15\Z|\yYB{\+Z1\r\\\\ef1ȧ\W^Oֲ5\\\1~\\;\|\\\\\?\0\O|1\/4\hZo\oȷ\=G?Z\7\֟y䭾\*L\5\㏒W\\|c\bSw\41{uݻC^G\ٮ{\\0\S\r\\nVh\E}yg\\Kʘ8oή\\\Gٲ÷k\曄.K(\|#y?@-\\3A\\xX\/\\\\N?2ȗgrk(úϗ5\߼+>X\Z\\>\\N\\k}\i\0kڴ\`*y\9nko\m.\xɮǚ5\jc?y΂\\|_2b4]{vFk\~!kZYm\^5\YU1ouj\N{V\\\qA0\\0\<?\h\\F\/Y\l\\'p\\Y\\\#[t\Up\?+\\0g\OFo\\M#ĚX:nL~ey  \ נ|o|y\}nnHaǁ\\\{\|F\<=\.zƽs\?\\rE\2\E;j38o\'OU\^#r_|Q\|7o\cST\]ı\0\׽\W[mz\\\Z\\T\*\S\9&f֖0<]\՛n\;\\\z\\ZIEg\n\\\\0\0a\ky7r|\\lzץ~\\0$\y5EwhTK^F)\\w=S\lg7\o\=\!5\r@y	\@\}\,դՄ{s\\\k]C2\\"=򭘭ż. Vn\Z\Z;wwD>gጀUjk\vmH\MuX,iN\l\%L쑸\Jd.VWN\\YK}\y̔ƑF\Z\յ9..\ȱ\󎦴 մ\K4&\4\0\n\\0ӣ<24\Y\xB,,o}dz\y<]\ODK8\C[\\\\Z*\\dbsP\\\u<\0\"\0\Y~+xw?\\5j\\Zu\\\EoI\nI\+6\"x\"\\+>\[\^\\_3\9\ZܲC\O\U_\RC\cЭ\gbw\:\r\ݕ®A\o\rE\[k^]l\W@ȡjIx99\Yw<\\\##\[^\Ѹ\'͹m\/A\\\\$x\׺Vyf\\0sP\YOб\Cn=;bjW)IlT\t\)\\?\\qn\\\})z6\z\'|\J\wI`\cOÕ\:@n\Gƿ-9d|RlP\*O\\\o\\:\vGŞ/\<mM\Z~\A\K\\_DmN_\_\=_\\+\\\\n8>\<\?_-\r=\\\ \?tV_A]p۰\898޺\K\mD\\\Է4Q>\Y.[|Ij#Gy\\jS\-\\.$\\ ]\\\\\,|\\074PR~c\?Jڛ\65g,|p\u\\rw<S\?6ՃAR7yrJ\4\\S2F\Zc\ݏ+g \\\A\\\\i\CUd󄍻Zz3J\?~\[ho5n\\-\+\ry\\\\Z\\Ikp\\[n\\>\&\\&U\ˀ?y\d=haS9nz_CQi\B\\\Xy?\S5\?\t\[}^\6\\4\1\\bҴսM͵\CW@\<#\\rY\6\*\29q\0|\2\?g8\~\\q&kSIkd\\W?Rw~U\ݿ\>\\+[9l\0\\r\0\\\~Ϟ\L\nZ鱛C\\01@>UI\-fkv7@2N\0da&\~/|Q\?<3&jzk\=\\05\)hL,\\$	\y\\gSO\Mt\\aԆh\J1\-?ᶕ^Cqq{\e8\\'>ͽQ\ZE\0\\v\k\Xrq[t\}j\#S|bx3IQ<L\\U\\[Q|/\uK%\\27\OJw2C\\YnU-6\>\O$U_xL\<l\\8\'\\p}Ms#\شF\0\\lǴ`\SA\-R\X\b9dn\\]N~W\\\>N\\I#cq\\r\<U4\sn)\\n\]cIմ\r˭2m芹(5\RY;\vU}VVtf\ēB]>\Mg#ôgiWC\ZZ;5e\\\\\xu~aQp@\?\7\\6ğ:ޘ\ZBL\\\e\'Ўr1\	5\7\\퇍4\d\\!;\\F`~S\۳rEw\rm\ω\iw1+dR\N;p\\_*x\W\Z&&\x\\\r-c+PlV\\0N\0>m\\\̯c،=C\nӣ\~-x\\I\\:{n\ҶяpEO\\ypaA!i23|\9\k~\r_\}0\\\uY&72/\#\~߈~\\K\\x\\8`끌~&g\{\\+\r\>,_ykuhq\\\\\2^\>\/\\rxF\n\h4\x0c\0x\מ~\}\\H_9G\:ӯ\_1j\Z߈>4;x\}w,2r}=1\k~otYo#\]w\\\0b\\%\\ݫ!=\5\\\\X\n7OspNwaNUs\k\\\\"qk%AhaNc>\Wh4O$\.6\g\\\ں[Z\8]ź\\yn\n>}g\WY\0\i¿gXC3yx뮸\\\zu0c\ _U\ԯd$8\X\zF\C\ɪ]i\gQ1\\\Sjt	ZUh\\m5c\\]Ai>T)(\\0|)o\r\uXfQ\n2z\\'\r\h\\&U\\A\WB\.[J\\˸\r\&I\\\$ݟz\uDI\\\\GeW\\\\\\/\4vո\\R\W\_\7:Tvot\0ĭ\<\5\\#jt㹭g\Xe\\s.q\<\wVu]\2\3w7\ZQFͷ¶O,+E b\e\5JrZ\\\\\\ͬry\n2ݫk\J\\l\\\<Ÿ-\0֮ßI6\\F\0q\VۘJQZ8I-\\\\M\j?vGz\\\0>\Z\"\0\\-z\\\\5-I\Li}?ƺ=NiQ\Oy㵈6\\_}fH\ګ\+\/\E+Ǐ\s\\\d\\\,\\\nnU:Mnzf\[H7\\a\^A\?\\n\\P\d^F\L7Y}hVH\8W\'\S_O\\\\',qQ*Z6/u:9w\⻟UƐ\=\I*U27{םm\rh\=pG\\l\\7(\F)A\sV9O\\\I#((m\\\\4Vs-\\\6\қ\\\{\\O\S\*\v`	\'+M^ә\r\\\k-f\\0W\\kR\-\.\\o5^\mMH\],\8\w?\*\\:\\\YdR\r>V\\4\r:\\Ij\̤\d/zz\\w\4\@6\H\\n\ۼ!\\'G\Ο\0	\3\0/L֭\;\\:Hẳm\1c\W*\c*\\';\O1J\\\Z\y%6\0*\\c\VbK8\ǭT\?\A\\xoQ\B\\_4Rn<Y\͝aF!r:\5;\"ӗS\C\\\|k\</LW\_\_4}N\\\IT[\\n\el\㐄\\~%߅`qzs^_f\\Z~E|`Y\\9\as\SGG+zZg<Oi7\e柨Fč\\	\"\R\\u\+/P\\pѠ~]\\	\\\㗇U\Q\4k^7+d\`39Luo?t}CK\Kl\aOZ֭B\5\\]I\\lϪ,\I&\Ѐq\8<d[\\J\`\Zw\<\[־6|Y\.$lxxW\\y\\	kRòOB?h\%\\\+\ܤW=\vc\\\\\if\\b\Rł\\SX\V5\VN\\w\\\G\\05v]D\^\\\?\\\\;|;\|?\Zȭ\g\\F\\E\\3\\\հ6\B\{\\03W\\ɹ\y\\\\\\\0|;bt\[\0;\\0\\\N\\j\ڷT>6U\\\\0<IE\_\{HW;O1Oe4淁lZ4]\#5]k\^uC\KG[*ɯ\<`\0į\+\\0j\\WJ\\=r+nDzmt\fwẺ\d\\\\8vg\ޝcmbL2\$Cg<PE\<{\1?Zҿ\?&\#\|;\yIn\{~\Z\\]\0,P\\\\\:\\~K*Z\X\R\\\qѣ\\~-Э\\\RI\`=\\0iyc\߀\\\j\1f#淕A\\Sة$z\"\F\\\3\\{\\C\%X\r\z\\\r\'s\\+>|\=\\.t\@e\&FM\Ƹ?M\0k\\l\'\\\5\O\\\\\Y\\mODCc\\~\;{\v\\$p\\2@\Z\"$nbׂ/n\%\N\k\J\%{W\_\n?g\Ӆ\S\#\\\c\4;|\ں\H\\&}^;V/!i2n\nX\\bSŷ\-\\}.\v8alu?~8\\'1ɾ\Ag_~\\p$6\?/ӥe\X\M\\Z\\0+ \W4q\Ϋ\	可qc*BI\H\r\6vښC\+\_jkw46\Qf\sԚ^\+h\yqZ4v\0dg\ψ\.\Z]\H\\;T\\\\ơ\S}y>6\5k\'\նp\GSX¥\\\\\}\ZxU|\ݛ9*O\mSGi8\r3\k\?K. 8F\cߟ\^o\úA\H\~\O\)δ\\\+<=v\\\[Lh\v\&_\.\Ak;\7VP\\#\\׌+\\+Ikn\x\@u\>^>Wh\<\'0Ğ,\8\T\UE]]y-򯋾\E\\J\\4q	\\*>Ѹ\s\\0ݎgϦ\0\u\\\F`]Mc\".\}\\\\kq#Z\\wb#1\At\0w\i\_\?<s\\\SU\ہ$\|\0J}{j\4\>.>X\2\0|W\жλ8\a\\\\N\ɵ]۳\G<V|\\\\0\o\V\\Zqd\>~pux\\\\-\\a%\\ۑ_XAE\er\yi3\<\\h\%c\\ɏ\R7ԥ*KX\@X\e?u\\O\)\k;\\-\@\F?J2z\rnᛦ`\~\"\·]&\\͚\T\\T\|oj0\\\\\jۊ\߶+~+_[x^F\\\>Vk58\0\hkO\ۣ\n\yŊ\1V\42[C8a$;ws]o<U p\r\\8\\l\\W\>#\\g\Ij\$<=a\W\S\\hb=G%\?<e#}.\8Xm\\5~\\7{[T>\.\\0{\\u5\0[xr\"\;\0\WNO&\5+t*?:wB\\\xg\gV\,b6aç\ޮ\]gѬgoȘ5־)xSU\rqL\\\\7\\\"\\R\n\\$\\\>\\d\5^js0{B\k5yUx\\Zoc\L\;{\\\wk\yl\\%\6El\?\0--h\RfnN\\F\G;%Y𖹤xp5\m\\aWn=>\û!>u\{g}\{\hm[ÊN\;W\ُq#\\73ުɨ\olpG?CJBo\\n\"6\NN\z\\\0[IѴ\2\`\wGi\|#\m\"{3\\ansk\4;V\\wmbíe)$wQJL\~/\R\\U[kw\\\9{WW/V/\\0Fm\\1X\0@+g\n\5;6\\[\V$\W|%i\\n\\<mL\(?ּ\\S\2Z|\zlo\~d\,Wv\褒\]=\\\=+\\\ql\agg\'\r[\_?Uϰ2uY\\Ue\\paYElI\B\!V\Oj\;)Ḙ\\sQMX\1M	>O\r<U+\Vfigi\$\2a\'\7a\\r;k1\\yt\Gw;ϗ?x\Q\ܩU\F\w^\D\C$\>r\^\\ڒ\\~\\\n\M\\\+حk\rS\Bv\\0\#\5}\$6\V?yL\0]C,\e;FXu\N͍\\0\_$F\kvZ\',0.000,NULL,'2023-01-01','2025-03-02',NULL,1,'2025-03-04 11:34:34','2025-03-04 11:34:34',0,0,122),(2012,'Kalai Arasan',2006,NULL,_binary '\\\0JFIF\0\0x\0x\0\0\\0ZExif\0\0MM\0*\0\0\0\0\0\0\0\0\0\0\0J\0\0\0\0\0\0\0\0Q\0\0\0\0\0\0\0Q\0\0\0\0\0\0tQ\0\0\0\0\0\0t\0\0\0\0\0\0\0\\0C\0		\n\n\r\n\n	\r\\0C\0V\"\0\\0\0\0\0\0\0\0\0\0\0\0	\n\\0\0\0\0}\0!1AQa\"q2#BR\\$3br	\n\Z%&\'()*456789:CDEFGHIJSTUVWXYZcdefghijstuvwxyz\\\\\\\\\\\\\\\\\\\\\\\\\\\\\\\\\\\\\0\0\0\0\0\0\0\0	\n\\0\0\0w\0!1AQaq\"2B	#3R\br\\n$4\%\\Z&\'()*56789:CDEFGHIJSTUVWXYZcdefghijstuvwxyz\\\\\\\\\\\\\\\\\\\\\\\\\\\\\\\\\\\0\0\0?\02\XzU~^^㝇?\?\:ȳ\j\5I\/I\5\0W\/I\/4\0#ڂyv\nUҝ\{SCuԪ*\?\()\\l/\qRy\\V\n\!\=|\0\"yMA\"\rԾST\A\qS\}\_J\rQ\r7\j,J.A͑yK\Dq</\X\r\j]Sg\\ST(͂\\G$\Ln(M\\)j@g\K\5L?J~Ro)\yg\\SP)\K\\0\r.@\\nH\-R\\\_)]\)2>\\0E\{Q\{T\[\\\0C\{S\n_&@\\'\g`\!\\\)ǔfo)v\j<\(/ٲi\%&@{62~ED\֕7Z`@\\U\eY\~\\[\Z\\nɳ?\81e\#ڝMRl)_0\"Ӗ%^h3kRyMR\jZ\rQ]7\\\ڭ\\\v\9Q\\\G\g`\ʈ\\\5OO)}*yHj|?\T\)\4\Ci\R\STSg4sMKyyi\R\4\D\QOh7uP\fMh3\jl?:\\7\0iyL![j\2Ʀ1l\\Xv3To$qG`ߎ\\_9|L\0W\K|_\\\ئ\LM2C\Z\5\\0\o.\\\\+9\\\\A\\\#I\7\7\\Kp\\?\pk\\"_>\i\^\#si\\k\mo]_\z\r\*8I(4~=kӿ\_e\\ǋ\|\.bg\"\0\"> \?k\2\\\\rOE\\\\̐+]*]f\\m\ZfC\\\9\0]v~\_eugg\ٙZ}NեGHVR\\h}\n\\O\\gbu-?\X]LWh\0\ط\\ ğjЏ߷w|a\G/\\\&4QĎW	\۽\b\Έ\\ig\\2\\\9\\n|C\\a\|?\WэFKg\he\B늶kS\\~ΑX\X\P|L9l[-n\77^\Xyc\۟z\\Oqw>\0\VHYfY>\Fr\R7\\k\<%\\\\Y<?t}Xc\u7*Z4c\N\]\\J\\\-\\$#+(\$\\6\\0\S|i\\jVk<2$\\'\d?!!j<j\0\\\b\/\0W\kcc``\n\F^)\\\қ@MN\\0{\)\@\*9l2\S\Z>\\0R/\EI2!\`\1R\[[99SQSQ@sDH7ZXn\P+\30\\f\U+\nȳ\0\p\ԋ\\N\-{6ES<\Ui?٠= \j\/5~Z\r9Q֧MR\mjyMKTZ\Bm_\~GJ\c\0jkVf>G;`6\'\0\h*z\5+(nI\3\~U\>\W\\O}\ǜ\6\F\\\Ֆ\6\In%w\7\0_C\~\\z\k\ƶ	\\]\\?C\ZFa-o?m6E\Y\\\:5\\\\\Dvg<>3k/(\\\\.Ft6pkuoO1\_<MpR\u\\zd\\\"\d\0v\\?納N\xv\\C\nc\\dK(}\\\\x\\t\\Zz\\\ݗ^\\\\\'LOa\|\5o\\$\lS\\\m5HcD?\?-rW%։gk]\rBụy\0\\0\\0WBP\\}T\\\Ս\\\0\L4#<K\K}:o.~|\0g(7t\n\n\\Z{\\\0\\y/\\a\\\#Y|už&\\\4#x\:H\̈\+\\\x\\:]]M\\0\>Kyo/\Wf\0L8gO[0i{0ų\0\\\0?\s#i\8l\R&m\*\y:+\\5\fB\\0\&\mbFdZIyM$\0mp+ξ*j_\Mcڟj\\\yH\o\WO)\MYukQ^\yi<\b\\\Iدl%\\\W\Hpe\\9tޙ\\ف\%iR?.E,\CZ\/~\m\]R3/r\'\\\r.>X\\n\Icq\mL\\0>\47;\\\\C\0\riPxö\Z\',?\\\0G\\?#F\ɷw\\~k\\\\iv\\\S\0\\\\]|m6항\l\\\/\\d\\oa\\\\^5s3E\+\\\EN\mǔ0\"_\\0=d;IyxC[Xp?\\x\\0\7Z\"k\kK_JvW\z\=ɯ\\'H\\\]f>\>ɩ\'\u\\kkb>\\rؔ7Z\\R\&H\o\\zW\\\\"\ϙ]\M=K@\ETIP{/\\\O\(\3\0`T\0GRyMSI)O(\LQO\3B\9@kQR\G(\Z\\\"\l\"^\,\0\\\\wY\Gb\4\+|Ի\D[Z\{T\(n*\"\(`\\ԛ*(TE\*ZM\Ci)6\nZS?f~\\1\\\ͅ7\jT,yfzo$\0X\]\>F-E\kO\q}_Z\\6\M,\\1\0}+\o\wa\/w\i?k\ml\}\폙\\¿nOچ\+\߉=<#\ꩭܴ\\3T\0nWG\\/v~5\[P\斾\MkmB>թ$]%F}\B\tz\e\0\O\|I]D\K\Lgl=\_\'\0\:\!iͱA\ɜlu\\b\LԾ(\{6j\ik\\i\U=\櫷\\\\~giv\ɺ>\3pYq]ѥc)6iI\z\J\\κ\\Cj\\#\~p\\\uer\\-\S\\\\\\ZN\s\\\r<\d\o\m\}o-\0t6\$֛JYH\r\&5L\-\ q\ĆE.^Em\7\ \VᄚKY\!\˳\Ti:\>\\<?\9Cg\\0\_S\4X.!\\ZJG\r\1\B\0rڮw7lGn\S$\Stv\28䚡e\M.{^\\OkY1rnU\?9Ê\\\hl\i#EL!aZ	rw\0NF U\9\\rB\\\\\u.I^\\ApB\]]Y{7\jXS}\fԴ\1\$q~\GU\*\n\uxu=B;# ]	검0\\0z\~\"\{Wv-2\bV\\2;;bcRZ\T\O˝\,+\G?3`˄I{\{9\\\wBr\\"b\qo\57Tҭu	\o\ZH%	\ȣգ9I\\M27F\,\0ִr\\m\\\9Q\\\\\~\\GO*}\08\\7T\dho$o-\0D\0{oCΏ\\\.O\n\Z\\'ܒԼ@~XV\=r\rMݥ\Q\\0JǘQ,\a\fc;d\r\\n\\<Ai\\\\\[tGu\h\\{U\#\Loo\\\\a6Pz噶\>\ڠAC4;\#\ѣ\9O\o#_Mjk_\W7\ދ[	\\뿹9\"O02+.\_\\0\Vx\ߊt}CK\!\@7xDm\{dv\~\\0\Y/xS\\\u\\7ɿO\\\5p9Ԛ+\\\\w\\KK\#\-狐\ѽ\\\ri6\nV\\0c\h\0\)%\"_@\jZ\5\03`S\VZ6\n\0\\/6`7ZY~^P[Z\0Ҏ2\\Ub\?띅\\\\'\1l\K\Y\\\\\L>X\"E\U~s\\mgQAѶ\Sw\Z̲\LW\\5\oցFI-\\\05:Nj]ƂP(\*\0,\O\)\bP`IҤ\(D\\jE?qmj\\W~\?~3T=4\4\\FY=޵㱳i%o-!]\}\\\n\Tj\\\I\\[F\\M\V#$\s\0L\u\\c	i\Ə\<Wsqr\oy;dTn|++\g gs\\\\r{\΍g%ĉ\ZC\|\\0p\=\\0x\m\"mBK/Qp\B]\02 瓞g\O.\\\\pZv\\\'F\]IU\Y\>=\rNW\}\9\\\\\Sƚ%\\Z-ac$\\\iW\\o\\\\\0o\$\t\ۯdoG\\N\\\ͯ^\m\l|e\\\{)lhs\\\\گv.\\p@\\}[B[6\$v\\[AG\N+ȯ#x\"\ʧ\\6\cY\\[\\\IE%sY\M\:\vz\5Cl`Y\\r\d\5\_~W\Z\4z`\O\/b_X\\\ų\0\\0x\r~Bje\\"RMԲ\m\:|˕\6M\\cK]B\1f\\\Vt_]A-\Ɵ26\hy\\\\\\\umJ]:\>\\<\0gxD\0\E<r\xJ\_N3ǵlG1{\z\Mq\rv\Ѣ\\Þ9E\\{\<\'\ڭיEi-\"n\`TSҀ	\Hp\X\c\\\tڤS\1Zr\ᴚ\dK|\\_\\h䬲呼\2\\Z\|>\\0\\j&SdT	\0+֦Ѿ\XԮy\H+\\\Lkx\\UcdS\rKsh.mxW[UuokkHaO.Oi\kz\\ǃ\t\\?mM\摿\ݝsofNVYb\\\\0\n\\;}4	2^L\b\0\\\kU\"Q\͛\\_\\׷\\On\I\\@tۅ\\Z\\'Ľ=gI\P\Ė\ˎ!b;\>_	\q\?:9\\\\c\\%\ڴw{nm`b\\\\0\ҩk[~\D\-dtZE<z\\\0:)\7\z_-.-4\\m\h\o2KiF\{\0b\Z\Y­fm\\v\\,62\x9\\\0V%ymB\\\XA=\Fq\gҴ\O`\\\Q\gN\x/Ĝ^\\Q\\+\\F\\<EZ\ZuŽ\(\\\'\\\H\<\\ckCiv\\[\NΊXtGݲҿ:pA3z\	\0\\?:ơm|?Վ\i\\\$د?A}?[sT\zVf\=cK\\\i+26c\0j\\ZrɊ\yYe\R\\47\֤\w\ZvF@\tMN_,N[\0EITG\0d\O\\*E[su\(S\\n(F(2<N\<\-2\[in\x\]\7Z\\\\g\X\ݟO(\tHmt\\J}\|\\\Xo	\dʳ~\ \U#25\\\rj<UÅ\ޕ\B\\2\\ɪ*ϵ\ִ\\\\rּ\\Ƅ\v\\0}+\`kƿ\Yַ\6#n9T\|\jNz\n\7\D\\.娿\?`\\@reb\Ɵ@rݿEŻǟ\\9P:\'-֝Pʎ\\ǁ?g\jV)m&\km\:+\T\\k\վ%\\x\_cX\\ ֯so\+\#:ᑎ1\\*\\\-?ijY~W\0h\r)\\\~\~\Z\?4kKI30*v\ֽI!!\]𽥜rM4$y/\naP\0q:S\\՟\i\T\co&$V~\\WPx\Xzԑ\Io\K_^\\xvKNkˆ=\qvO\<WsFn\~\4\ZmSR\\2\\\?j\͜\uo\Q憈dN?\\n=\g{\g\٬qq$\;eۏUVMm\T\\\0;a{dL`\\#\\05xaXmm\*l!W̓?-XO˧\RL\uѾA\5j\\r_Ey\6\,2\\0WxO\\՜\uI\r\q0Gɮ:\,\s\'.m\\5db[\h\ՙ\n\&:d5Z\\\ZơtaL\\O݄\~\:\\[}\ڬ\1<1A\1\\0\"S\<C\+i\ZY-\j\3\\t8\rWHӴ{P\n\u䫯IJ\m\Hv⬍\rzd\ݣ\\"\\Xb?\\\<^O{kx	d4\t&F}}YN5ؼD\n\(qF\+\ZӺOӭcu\lZ\5Ov\\nɥ-/ ;\\\\7+\{4Qo\\s\ޮ~U\4X\\\zOt#\\\\⌑˚\\4[f_4\鏗o\^\\\׋\"̽?\n\q٤\|%dp:n\<\0V7:\7k\rMiy>\ِk\o\\uU~\o\\\_1sPXZ9[\9f5S߆Y>\K;\Z\{*󾿠^iz\\\\X\\I\\kIUf\+־W\\;I\eH\j\\"2M\͟;e6\\\G\k\U4]cBI^\\\dL\F\\\ך\\\Ͼ\Ѯq\\0\ׯOA[\r\+xۢMr\\^{5\F\#I?\.x\0R\?A_O	)l|\\\\Ɩ\\m\O.[\\@Ǜb\\\b{]z\)5^\Mo=\4Ip8eaK\\\"\\rVY\払n	\i\'$ߟ\\V\}\\rCMhu\q\6r\ҟ*{G\\\_g躣\^`h\K\2O2AozK\č3Ǐ$>i[G\\#h\A\/\\	^k_\?7C%\[Ct\ۂ\0T7m\\\\P\\/4˭[\\\.|k^2\qG\\\bh5G\\G3n~\r\0x(\mfe\\	u(X\5y\O\rKRRJzTQ\h\\\\4\0\^\Z\0\)	c\aF)\7\C/\Һ\9ǥyۼPs\\gֽ;\\m^3^5\Qԣћ\z~\ V*0>\\,\:yP:U\rSU\$s\\\?,\"wfۏQ]\\\=\"ƻwֺ\Ut+\r9u1I\]ݫ\߆z\-Fmۺ\m\r\_Sr\z\V&\ȗZԑϷj(\3\@4ʃ`\?`\i<9P\\"\B(#?\_\N\Ꮙ4?\\b\ZYHǩ;ߌ\Wwo/\Q㸑vbYc\ Wߟ\V\~ҟ\VF\o\|f\!\e\oʧ\oֿ:s\^:\Nqq\u$\7r1n\a\\\\\ݾ\kHZmFA.\\=?\mc4H\D~O>O4\m\b\\$n\a\c\cf\\k;;Yf۪jS\88\8\?*\\(\Z\!\\\mI5ن\!q\Qn:\v\Ky\\o\\Uώ,&Ԧi[mQ\9+\ǟ*/\\Ams\\\VU|d\\=\s\խhF&oiw\\"\\n7~U\E\\\G\4\\0>\?j|)Э\\\\|x鞵\G\Z\\KHNV/?1\\\=/S\Qtٷj\7\\߬U?F\'?3P\\\\M\}\"\̷\\\\k\{\0\jјʋnLS\\;iZu\X\\J~҈f	u4Zǎ\֤79<\X\\\~\%\\IcPծ/mB\;\95_A?3^\u0\k\rB>?\84\0\\EXՇ\>m_\eD\|+7w\O9F\nP\ٻ\^\ς\\F\M\Z\3&^I0\\\+\\&$\\nzHHu\E1\n$c\nW#0s[B=O\0Ckq\\f\\\ɭ\\0`h\ _7O>A|qSG<v\7\~ny\Zm\v{\\w<Qea\zs]ī\=^\g7:)=+\\\X\h\E\\R\0\Qi{ē\:\\+þ*oj\\\\vPu\\ާw3\?\0\\\\0\v\\\\\EN\\\Z>+\wC#tןj\xCG˶h%\\6\N\c\?5{\\y4^\n@U7}ܾ\^\\\;.+y7	,RI\;)\0\5&YW\\?/\h\by\'I\\\WR_\\>ۃn\fz\I\\\\rmx\P\\\\\\[\,\\\\/7\d\\\<c\n\7g\'9>4}uܼIg$[\\Yzs\\^\\M=i\\\j8?\\E\<g\xB9,gpzW\TVլ:\?\of\yi\c\&\N?gO\/\\}\P\Ow\\!Ț\`7R#|d;u$k\{\xwQOk6 }?)[\g\y\0|\\^\˯k\\M\Z.240\\UP`aܱm\\K=\0io\ֺTc[\>\`tb\\u\W\\\COռ\\0\I,\ \.\\\\w\θ\r\\Իh5ڣ\Z\6\Cn\\\nf+\"\Zb\0*7\JT/J\0n\IN\`\4Sv{r\7\֓`3\\{k\A\G&\?\\پ譩\'m\Ju\\\k;(]\\\]\\cw\Q\\	[:IX/\:f\[\\L\EV9^W\{M*<הYx\\Z^\\Q\F9,DY9ɺ<֜X\O\5b\#\0\\K\H>Q\\A\dIO\*Ƥ\hTI\QT\\9P\<ԖPy\2aT\\j>خo\\\{_\5jav\n}\O\X瓶\\f|gP\SXɪ\\W\\;$\\@\"p\\\\\\s\f\][R\\X\C\pv \0\^\\?xGI\v\J\ͩ_\py5F\*S\'\\"XX`\\d\zAd_\\^\Z#\<9\˻\؎էi\[ \\\\_\r\\i~1\H\kr:\'$Nk\6\\\5\rSU<K?&8\ \O\c\\\m]\i-ɒ\\\0V!\7\W0u\\\Zw-7!$( n\'\\߱é/,P?i?u\יk\\r\#^$!\\\\\Ҿ\~\0cN\\ʱ\k\\1l{Y\V\;xPU7o\N1ӥzzy-2\rޫ\o\rʹE\zH\,y\\\g|.\"\\\Qf\j\\NM4X\I\\\@wyk\Դ,h}q\\|\\Q8=cFy\ʷUf\\?\\S6\0o_\%\?y\\K\Z\\k\i\`Gg`\\*k{fج[3u5,<ؾ\\³otْi<\oBGީ\\\lY\;5\ҹ\Nd\!\\\͡+\4I\cirL\A\n	\Y:6ɖen]Uvk\"\Tr:%k{2[a\d\\@-\Lg\1\Ix{̑c\0\\yǥ]3\\\9$aMn,w[|\\V\'+ƾB\\\\K;m\A=\\~\ȯ\_[\j+2\ea\\\0\k\\\'\-*\5\K\\\\\P#2y\9\q\^\\gxH\\G\O\\:\(ūBy\0wM\~+o\C\WV\ތñ=;b\\\\n\ RlO<2{^\u?Hy?0dŝ\\\0\@8+\\\_X|\\0Aqc\\Zmվk+2\\"\gcs{ި\x?±\97r\\%\n\5\\IuI4\ڔ\'ds\\/\+\z{U_xWB־%\z\j\\'6mћ	d\I\!\nނO\0\$\\e5\\_4\t2Dۃ\\Ր\l\k\\V;}\\\0q.~\-.\_\\\\,l#nV#)\\\\\?\Iɪ\Z<74yZ9\\\\3G\0,\O\#\\6\Tu=R`o<&\\\\\\{sFB*\\*z#\\D/J{(n\\/\ғkPΏ\N\\4P\(nWA\\[fs\j\9\r{G\\0\0\y\\--\tRbdI~a\[^4\r\3\%}j\"}\~Z\.\0\Xc\\F\<esԷx5;\b\\\j\\9[<~\5f\%S;[n;V\\ýn\ j\6nJ\7ݢO(ʒ`\"P\hTGӷ\ZlTy_\~*$\0y\0\\0\\%\n\H2\-\\\\}\\5V\D:Zɪ\zʘ\\\>C\\He+\A\F\\\9\D\otX]^\\b\\v\)\0νu?Z\\/\)Dzl62\͐\"\rF\j\4X\o\#YM\"1.8\]\'o5/\\\C\h\ \z(\ֽj\\^-\\\\X\Zl\\d\Ӽ\?i\\ִu).V$vr\\\\VŖ6-{qcgP\ؤ޲\8\rB\%MInm\^V%\brXֲh\s3Z4eV\\5>x	\v\\i-9t9\\~\Zh)E;W7\\\\Z.k\Zڴ;~\a\xtH`w/\s,b>V}\WT!w\iP\,\ͽ[c\i!60Z\oU}:V\\{M\G\U>G]Z+s\"\_\'\L+SuqTORx\\\_\O\ZZ\lf*\_³\썙\\|7\\xKD\Tc4\<U\\\\w&f\;\MP^\۟Z4)J\3r\E^\4\1弤\,:U=S&*n\El\\#R2\\z\rbމB\\ \\0w¦ԵԌ?|*H\4D>Id=X=C\\\qKN\qfYɴd7[Cs|稤\\[#\Ҫj?i\qo\0\X\\\0:?l\ce\\(\1R$\r?3c\\\\^\0h\\nE\ַh\eI\è}gDh,&\::֔\\\<\\#ڍGOa\\[\\F\\^\'\Bɼy\\n\\v\0\c\\ڄ\m`c1\ּ\\8ѵM#c0\n!R3\Iz\\?\ֽL=GMT\|\&\]\"\\*nw:i\|t<\\\O%\\\Z\-cy\Xp\\\Oj\\_\*\\k[\rW\Z\ǝn\I\)T\:W\`\\BO\qe\nܧq?\]>\\:\\\'ʫ\0ߙRX\{iku\}>\Ϫ,7\f6	4\0a\?\>k[ȵ\\+=Ɵ\\BeP\"\Ϧu\\R\RI\\VzMn4\d\'Ap\N\\\_?h=s\]\\,ti\&l+궷\)<\<+\Ɩ\fY\<S\$񏻸\\7\\Z\\0\\\\\\^x=N\u\\7)$\&\\@X\\n\\xhJ\\\\,\^\1P%غl~.֯\Vq\H\-GRS|\)ۖ`\4S\n(\D-\r\u3/\\\~+\<W\	\^\Ua\z\\0(\\Һ\0sE\)Bv\K\	\Es\*M7T\-m]\\\f\\Z\\+\\Z\lx\[Uk\~2.<\\",ҙ\i·\\\z\q0гD_7Z(_ܨ*EzTu%ʃY\Q\P \v\?\\Z\\O4T\_NPy\2\\|ј\d2a\E}o|\\0pyu\oٶ\K9M3Rgib\#c\/\`\wZFIK\z\~!~\(\7<j;\\\\Z\HC<w\\+6w\\q\^C\73\\\\m-\z|S_\\iDOĶ?z\\\zε6o\\\A\r\\\]\.\uG\\78\p:*?\_xsTh`S49\j\O8fBMus0OcNo\r7y6C5\_6\e\\s\{=GlW\$v.\f\\\\nŇ\\0-X;NB\)\\j\^WreOZ\s\Z.D}G;\'M9t\\dh\sN\ͨ\w\r\'5\\VRjO\'\\L|\_\fܲ۫?v8\\\.f{TG\B\-$uw\r\0j\\\yk\\寐7Z\\u\2y\\0\\X\Z\<e*\\\\-\0\QG>\Կk\r&\![[\da\"\\߶j\e[K\\|(\\Z\De\>ZJ\;Һ\\\B\4\'\\#\Ym\\!n}~\_m\dX\/\\\\\t\dYc)\ņqqi\\H\7\\\zWus!Fn$腶\\=|cQ\}7Hk_3p_\0g\\n\\>.Cw/N\0\\<zd_2#\\g\eܸ?Z\˔\%y\\\\?\F\\\\仑UHٶ,J1\\0J\x\޾*ּ\\\\]BǑ\{\\^\/\>{O\\l-\<\3\\\\\g\\\'QC0/\\\0`\uɶL\\s\kcK}\붔6?\~\,\y/2\Kf}g_Z\WɎGq\3G+G\\r\,\I\7aG\_X-\Va\Ȳ\;\~ \_\]3V\\\,\\\0-#ܟ΢\6\}\\SJ,\Ew+\|{c>Ay6Ԍ\8Ĥ\\u\\\\\ߋW\b\\G#\O1qWu<Z\\W\\zs\JǗ|Q\\\fpC@\_|GxC\s\͹N:}\hi&8u\~\\?k)ۏ\'\!}\\5\\\ď\)/kz\v7H\̊\Lm\\\\\]v\;ё\G\o\\GT~\\wԦq<Ѣ\IY6\\8\S\\oZ\z\m4zzJM\4}\\y\0^cˍ+\\\U3[}K}AvMb/c\\	]\ҿ[?\\0Mh!x\]kƞ\"2\\'\\n\\0q_|%<l|{\A\\\ۙWQI\XNW*\0\'\ԯ^Ӭt\vo*V\'\\k^h\ .Wf}\\6\\~)Y\ \\\\yn\\y\b7\\h~^Pl(z\0(ܴTTP4RD\\v\nUzWAS\#uy/u\^\Cڼ/\=\Ca/?{tQp<\ϋ\:\t?x^>\\\/\c\\0{>?\n\\u\Nk\1m\\ϟn\\\:O\ڗ!S\u :<k$U3\\\[v\0-Plyq\GF?`ә\i\2\B\4h\k\\\E\k/\/,\'X\\:Zͷ	r8\E,Os\Pg\\\'\?g\0is\ZK\nx\\\v\G\\\\Sԇ8\7\-nu+;\\\\\P}R5\\\0g\_\\\o\oF\,|A\p5kh\\\ \"e`AVs\0A:W\?\?\r\|/?0M.\d\\"T\\ξ櫙xx;#\|!Ǯ|j\\rE̅?@\'\k\[-\v08\c\\>8iw\\\3@\\0YK{\{Wj\Z\\"\ioE\/0}&W\Z\\\\~3^B&4\\D\'\Tʼ\Hj\r	\k\\\r\\כRHI\rW7⿋p[C6T\tt\1R\\b\A.\Z\;x}eUa\0\M[\^oc\'\\wQѤ4oμsƿ5\\\\d\\\\0\l\0\\\Ǎ<$ڃiךyE%,\<b\\׭B~\<\՟\G\R\\G6ble3pګZx\ɕd0۴*\X7\\W\r\o\ni\3\!{9ekm\=I$W\?\>\iѶg\1\;YU]\F\S徇6o\d\N\\\\\\]7Ȯ|e\;}5\3\\Ey-\\(\Wi\u.1W\\ƻ\\Z\SF+mk\ZG#q\^^:P\s\\b\_;J\e\+$$\Z\\?\\\\\k\SE\\R4g%v\0nmKG\%\}\?gY\\Hv*\\\=\\4ю5\\\5\\\#i\Q\\>ҦV9\I\ӥa\'K\KKo>?4\\:~\\Z\\8e.Vp>񎿬\\\\ֶ\\\#a\+oB\\-+V&\\`e\P3Z5zo%\Q̍o*erz\_|\ti\}\6m8P\\\D\Sg<(\]\rm3\\[)\\oєY\r\\5\߉L{\h:߈\\ĝEd\x\\\-T\'$V\r\y}\VĖ\p|ġUukR#1b\Р2\\Y\^Y\\\Z\<\'umYx\~\-\דxC\ty#\.HS\۷\{VKmI$\y&=QWVH\z\\\\/֏\\\m\5\um6\\-\l\1oO¾Jg Q\\'\0ǧ\:\\M-Q\Bd/\5сj;\9OxbCl\\-W1\й\\G=*\Ŀ\\-V\\m&EYJ	15\mek{H<>t\mOwy	\]\\\|\m\&\\m\\\I!\\Oj\i\\\=wE\x\ψ~ -l\;\\O\\\ރ\\r\О\\0\.\0$gE\4\}A\"D\\5\Q\\\|=[\\\3^TM\\<\ZF1\l@ƚBҕ~^GG/\Ҋ\uZ]\@	GԻ$e\06_\@\\\%zP|\@\"\AK\ך\h1\J\\=+\>7AK\mO@>#\y\Klr\Z\\xW\8oZ\\\pJ᬴o\)7/N\\Zи\ZW\\\[v\Z+\}\|\޿~]\G\\IT\\U\j\(&\0fo\\.\\\\\J\\'\F~c\0)Cu\4n4\Zs!\\}\(_6F+hd9\$}n21\\ɏ)o\\?\V\~\T7Lǧ\HQ_\#\GJ\\\'\^jqPM\\-\0%0\\0\RvW:\_\>m\t\0v[vͼ\>!\k\cм\n\\>\N\\|t\\)\\a_3G\ɸ\v\\\\>\ܱ\\\\\j\\\\e\\j\T\\;\عU\~&t(\qʪ\_}e\+wnm\\nқ\\ıo򍠁ڼU7>l&|Gm\쭦5\0*\AU}Súm˴\\jE]+\\\]o\r\r3^;\\0\&5\Л\\\Ï\8B:\r\\\K\r\Mc媄H\0t\p:޺\\X\\n\\\\\ʷ\\-#\_?\\snUs\<\Y)\'<Os\oR\+\\Z\\9,c}k\\0ٷ\\>\rТ,\~\*\\\\ͼpj#M(\?J\xm\]cZ\.&\*z`\\x\\\2̾8}zţ\\XZZ7gv6<E\=sF\燣՞\0\`a}[t\}+\Γ\Zr$\r^Wx\GK\\L\\\\L\cҩ(r䟌\>\<w(+\;+̵_WnYx\0\?\\^\0fyk\\c\\?,u\\8f\+\}t3\\\0>f,\MrvIW\:H!kb\W\\=M\2+c\<W\z\<]\nbch^9/L5t\0i.\?\s\|\ek77m\rg?*\\\ѭ\\\M\_˥{\?ckUo?U\Z\\g\ĎeSq9\9Je\j9D\\## 4\t|\Pk\9\'\2\H\\_Bx\[\n\\a\k\4䵔#\\TS\I\tV\;=\de\\W\\W\w\rqm!1\ϧz\\\Z˧L>UbS\\\\\ȴۻ\/c^\IJ\\\o\\Ma\\\\\\\0c//\$ɂsX\گ_۩i\Zkq*\CZ\0X\\'\r\z[Mu\\\I\'\\b\ח`q\\\D?:\\#s摻\\\\\Z\\\\1\g\_\AMᆙ\O\Z[}>\\N&y4T\\\'~X\Ͳʿ4n\i\r\XW\\\\\\\\0\Z4:\xy\\\\\o#g\\"\6z\_?ơy\\0\)\\mygmȕ5n=k/\ҏg\\C|\H\#\Iyyn4\ʀ#UҖ\0w\5\0yғ`_\0?`\0)ae\\4zWAЫľ6 ̸p\Ia&\\\^!\永\k@\v?h~\J\\Mb\WzW_i2\\\\*y\rֹ\0}\7q\\y\8\\\ȸ\>\\0\Fۥ|+>x^H\\0+\\}G[\W}KڲT`Q\\0,\RT}K\Pؤ\)h\nB\Z3u_ր\nB)>3\uwuΟ*,t	\h\_\.\b\\	Iv\b\Z\0\)\ß\{8\Am\\xr\ǂz\u>+UQ\|\hW\\V\h\O\0VN\\0\\\_Ex3JZȫif\\\\\wG}Sym6\"X\A\#\e\1\Ks$\0t\\\n}]j\\\鴂Vɇh\v\-\\F\\'Aҹ\0iֶ\\"R\nAk-\L~U\ԑ\8Zhy\\\m~i`᤻ۇ\\*\~={dYm\\t?@[\U\9z`F\\OsV\\zm\"\#<y\'\\\K\J\\r1<\Z|Rm\'ΐL\2\C\>/x\\\7\y0Pκ\\os\\\J\\=A\V\.|\-\0\\\\\\Xl9eco\9\6\k\\M/\\\a\}ە\\0\\Z\\vc[\\6ؤA\\q\\s\s\008\\J\m{ígnۼ<ӡ\lmk\\\\\'\V\\\eנݟҴ[vA\'\5\)\!kidXd\\9*\4mel\6n߄f\#޺χƟ\R񤺅g9s\\\Oi\V\\-Eq\ս8st<ꕜvgվ񥮡k\&\\]bxխf\n\\2\\+\\'\\\Mu6\n[\׸h_k	d\\t\18v=,&*3\\i\\\ՕVn(76\i#\\\#`p>+\tOq\!,8UW\\7\U׾MyGKs\Z$H\;\\ۏ?J\\}>\E}\\0\L\|g$z\\\G\\+\0C\gKPpzu\J2<Ls#VUl\\"\\\YZ\Q>\'\op6TV\\	.\~\\U\.#\T8\ќ\x\V|cKy\</OlBm圹o\\\E#\\${a\_\\f\#\0\x\`9U\\Wɿn$ӵ-q\\\sE\-{j\x)S=9u\6^\~\ʱ͵n\'*@\|>xZ?\n9\xUvxN\د\4c\\\\0\'|%\?u\\=7Z\\x/$*!\\z\\\:M\\T\f\v-kk(\G\׍T/\Ҋ?\jyNr:0\\\֊1R[Zq\\0o\\0C|\vh_<q\0(\3#\[Vׇcl.7Wjn^ך\ߏRZmSV\\{ke}f\\\\\Y3-%\u4X\2.&\\U|}yn\\>\j~\Q_$|+a\}m\\\@mZzU\^\A\lԪ~\r-3qqr\hI\\\R\Wf\\\\0ru\;b\0*J\'-ւy\\u?ॾ9\t?gP\uOH\\\p\\\\\z\6\\\\\\}\0Ǐ)%泪kM\\[KЭ\"2@\)F\.\Ž\\k:݁6&	\oG\\\\\rL\\0\[u\Yirs8\\ϥh\\vv\rꖑ6=yVV\\S\z\~O\:[\k\n+\_\Z\Am\5yT+Oy\U;\]\"c\\z\΍\S\^\\<*\z_3\\]s\w\\:d-_r~0֤ƪ\\J\\⿎ݢd+`9\=\LڜRj?/\?\\U\\\V0\_\n\\;\\\Lp\*p\?x\t~XO34w\\O\ފ\g\\w˒>W|6\w\Sh=\;tq\\aKk\᫭S\3\$1\ۘFO뎇\x5ּ7\\ڧ\\\\1J\\^I\\{^#2\Z\c\-k\wZ$\rjdHƾq//Í\VVbZ\\\q\*o~\wM\4\y\\a\A\n\:,/AD\%a\px\PVh\C4~~\>3\5x\\<#̬\\\A\0^\c\G\F\c6쟛E\n!7\\H_4~\7a\m\\XJI\\"\z\N*75c\r6v/ЦԴߴB\Ӿ|H\\to9~\7ԡ\URHUW\y\lר\yd\B׬kU\]=\V)\c\-\[c\\Ԛlq\\\??\\\\֩8\]\)n\\I\'\8\kʩ=y5=\r?{\m\\\\\\k-\F\,1F\qꎳHJ/\5W[MCNh\M\ҺaJ(୊\\\t\Gtm\\3\\\ֽ\+\<kp\T5\h<l\7\\[hyX\\\\֖\\XY7Lc8n\_?[\\|U񶡢\I\\\zS+\~*\mxcC-@\c,S\'\\]\_\y\\\\V\.\້#\\銸O\剌4\\L/~\\Zl/k\\F_\\,\\O\?\0+鲹}\\xYǓ\"\\F3\N}#c├vv\\\Q\͑ʬ\i9\Zr\=)^h@\\IIR\\G\n\Z?\h_fEP\k\n[I\J\O\ics\Z\\ך\\\$\si	X\Ʃ#\$챩!zWj\Y1\W	]\]\BM\"u\\\e9\N\\w\\.k\|\\>\s\r\\\\0\\\8\-a)&nw6\*\qS7\֣\I\0-1\\n\O\\n\#\i(97\0B\oȤg-@s~^\<\A$\U\|5r\00\\ߴF\k\\\CI\K\\۟\\r\\\K*Ju۞=I\?_~3\cnI\}\Zˣj\1Ȳ.\v:XϽffHv\\_枺g\\ȶ*,\F̈ORk\\ܠ]\(\+\q\e\Ͼ\\\SSM7OPi\0e o/k(\{WD\-\G5\__}Q+\_쏟\\\\US={\\IwplDվj\FX?Fx\?\Ō$O-?\+JtIU=S\pw\\\r+oSK\YZ\\\֒F\6ݙjo\Zx\=1\]gf\\1\mR\\\|}\H\j̭Qɯ\'\\˨\\\f^fԼ@\\ꑿ.\G\>\\cI\Z0\\r?z\d\\\)\x\Ƈow3(6)\<ni~}5Qݜ}\]f\\\\?\?\\\\Vk\e\һ5\LeE#3KY4ۻ9C\<1w!\9\9\͓\\gn3+V\Y\\i\Zfo3?\C}EI%]<\3\y}\&|\OC\h\\>7V,AR۱glf\\<Muq\/[l\>\Z\5橦\2\a?\\8\]Hb9Ȯ\\qiF\_n\F+r\_73\\v}\SI$O.\Zg]\-\mR\V{\\\'k\\:},\\c01]6\6B۷\\Yƶ:\-ğ=LbkcȍG׭m\Zmմ:\=\\\\6bc47I;L|V#\0s\\_\'\o7ZEZ_k&\\\!iBy\;t\?\\=k\\5\6:g\H\\\\GBzv\~WOk+8\\\\<z}+إ~s\\x\䉲\d9jJ~\b]m\\\0ȧyK\qە\r\ԭ\u\i*yL\(\Tv\P?J\(n4n4WA^ǭq$\\]\\[\+\Մ\\>ʵLV2s\\]\\)$\\\0\rW3\"9MOʻk\`\\0\J4\0v\-6}\Di\a\9\ELT)w\ZJ(\0\Բ)w\Z\0J~Ly\QE\0W:\Pz\O\(\?(nA5҆\\t[\Dl?0?*\\\\\_`\0N3xk\$\\yt\4y#_\\\vMkվ7\[k\e5\uK\Go;HۣV9*u\\ZݣY2b\s\\H}\p\\d\Hﭖ\0\\\\\>\akvX\V\\\ru\:\qggl\\'\M{(\\$}W?~)\c\\4\_2\H\Ud)\p^$t\\> >ܖ߹V\0w9\\0[\hzg\Z\\-\\;{\n\,\\]R9i:cm\\ٯ-gio,J\Vեd\rbE	Z\!\\^*ey\\0jiV\]i\\\\0>]j0cѯ\;M?PmJW\\r8\,\Mb\⾟{u\}Qm\:\\\'\\7\\\\0APo4o3\\}\3T\|Mi}\"hV\\mCk>\\H\\bj\sS\\V\cXX>hGFg\G}:\fK0c\^;ס\;\rh\I\<ɒO\'\\*\oSiVB\KS|h\\z\\\-2\\Kby\>-Jt\y\\Z\\:\\\\r\WG\j_4F\r\'\\\OԚ\\\xcO\\cY?ۻU?k\ze\y}\Wg\3\\\1\\\ͪ%\W\ּ\Lė4ֿ>\8\kLYY[i_\r\#r˓s\\0>B\W\\Z}4\\)\\rs6\\Փszc[\\\\\\\:(uW\xn\k|p>~V\^\3+\3G\lVԮV\0\-G\s\[Qg\"?G\?	-|6i:\+&K&nY#0x\G#{\W\x_\\z=X\\V\\"^i\}\\\ZNR\4\ƟTH\شy\`ߕ~^P`GE?`\1L\\0?w\hZ\0*@]\F它1ƭ\+\\t\R\g?{s:\\n\.\Z\Z5\z?\f-AR\r\\\SDKJV2XTyS9\EnS73\0)6\nZ(w\Z_4Sj:\0q)ygX\eّTx\~\\\\Hu\]%.i\\nf\\8=\_\?y\H@\\0\\'vŷ\s\\C\.\l\躌`(p9R%\H^\W\Fk\փ\>\O񗄤:^e.HQ\\\O,;O\\^\ʪ[sV\$VY-\\\]UG$yk\\r)!\\[?vT}%93\u]\<I}\ZFYzIiev\0VOzϟ˸;PVp\%֬\|M\l[jF\0\Nk\\\h<A\HWıi?|\\\\c}\:\6i#^q\\t\oM_i\I2+\kX\o4\1̑\|ՍfxY2Z#\\\vy$\\\ ;u\5\'d\"f+݅<\ \ţ;=j\v6邷\\\t\C.b2\/D}\4\o7\\{8\v\\m\1eKI5\vq\\l\ۿ\\3\,\Z\\گ\so;kS\<\\ˎ_+ՓMom1ڱ\6\	!{s1\z\\lw7\ך\\-ķPTw=\*\u\o1F\\3\毱1jBK+;[ճn\v\Z\4wt\ZoleIhŲ\xRȁǴ\sݍ~\0,fW>\ƭn\\+\\\Hh 7\L2;bW\0{ŷ|cm\\\\G\=2kP>\\0\\?\W\Ž\[CQ,pۢ\\Z\'ʨ\s^\\9\"8\}ߍ\"^Wq㋹h\i-6.\F\IE\\E3qq\ٰ\sJ(?7\\%zQ\b\RME;q\n\QEur\E:&\\\k뫥,Z\'\'\kX\0?Ь\!\\\\ZtP(I\ԻF\[>W+Ғҫu\\0\\j(ܴ(w\Z7\ZO\\\Q@Ӷ\nn\\Er\O\së⟉6\nˈl\\5\J\zW\\\\\s\K\\\Q{z6\i\)\\=\0\N\0~\V\V\Ɓjx\Z;-6rv2\\5ͻKz\\,:f\lue\!a\BzkZ<yM\ӗ1\A.ɡmMr>!kT\\\\_oDd\\\\|@\ͧ,VO\$\0\?|]\\>\\I@ׁ:<[G5y\\\Xq,p]y\F=+fٔ\\\Fk\Z\ŢX\\oq\k?d\\{Am,\uj\\Cҵ\﹍q\"\>\m6\B\\\0\\\\\\\97m\9\0\T\HRL\?y\\\]gƛKa\\\R\\2\\v sUu\W٬um\\nx5ٿG!}\Uan/\95y\ʒI~V\\\>\'ld[\\\'\\0Ѵz\\\XǀvM\%\\C}-\&0w&\\AgvuX\GG\\\7S\\\\r\Xk_h\`C\tW|\9)AyN_l*\56\{Y.Y(E\1\\\0U*6A|I#\'^;\]P#ʎ5\s\\\0M\\\\V#ۥm\s\tfUi\wھ?gY>3|Z\\\\:\\4\\\6X\\\χ\k\Bʾ\\O\Qꟴ[N\܌}בb\\5T\\cȅ|\\IW\\3ú\\.?.<`I,\ѽ[\\־\zVf\\i\Y-\')s1w\Z}GK\H#\3q\\r\\rPK\\\|\@r7-%#(oM\hTK\Zf֦b淭~͎\?\\E1\\\飕c\n4Qʇ\\\r\}\(_W10Ha8.\\\릙\\η\fƑ?\\Z;e\nV\\V(\Ѹѹi?\(#XZq\\K\\n6\nO4Rn4(\\\\>f*=ƍ\99I7{Q\<\Q\u\}ݭ\KuG]$\Eh\f\iviv7\\.\\06F\\\y:,z\nMW++\&ªi\0}k\hWz~\\r\gs\_%oKwqoY\'}\?A\\[Z\{\˻VЃ\\Sb\q9\x~\0o\\lM \j\\,6㠫\F͞W\\\=\s\r\\%Y2t\+\\\/>	j\q\\9}1E~\\9\\={L\X\Z7Z}ŭ\w])IC$zSJ\\-5	iuC3#def\B\?J\\\%Urn^\`v7:\M\\ڎdJ>=\|G\<m*\ `}\Ƽڐp\L=eS\\zdd0I_ݫ\\\fy#\\bksYӡhY|\n?J\uM1\[S\9e:\o\lӮ̏\\ҹR\XA7\+\w\ؾ HVg\\\}4Nv\r,\z\\i\B\\L\Y\\%\`\E\Zw\rn\f\'$\\iʍ=\iO\O\\|\\Xm\[\NC.\=j\\\>\xZ7D\=\\fId\|ѷPMg\zC\ۚq\v<u\\ޣkF*\[5*\"Wf\\G\"\\x_\\tl\m_B1\\\\#Iq\\Wgeܛ҉F\qgSk)br\\8\\0j\w>\ֹ,M\r\C;6?+\L\S\W~\"M\Ėr+Dn\0-Ն\r\0}*i\^\\S\_\->\t\˷\r^\:2(aJ(4\B\4݂\_*r)(9Q\֊ Vݟ\9#|\Q\n2\n*?7\\\QE\\<\rs\Z\\WQ\'\wr\\5IB\.Z=\\K`\Mj\Z\0J]\9%fS\i*5zS\@Sw\Z_4TJ\Iv\ވ3Du؞b]\fmY[Б]~\^(\3ejz\\'Z\\0|м-\m\\~\gtE\<3\?u\\\"\\\\z\\\~\vZ[\sHn.\Bb\\lT\\\*qR\\-[\~)\s?$D\\yiP\TmF}fI6\kŗ%U\VF-\\0Codͫ	\,xX\cn\\\SSլ%Cv$\{c\E?\V\P\7.\}ir`dhx\\X\ϙfGf\G*6\Fi2Ww\\\b\/Mw7\\ }NԷj\ٲQ\\Y\\"I\Z\\#\e\ǧ~;\0d\0\\ZY\?	b\0f\\:} \0Ÿ_\A\\\~ծSn\Tx\"\V{[h\Y\#߿zϖ/sZsq\S|[\^VwP̄\\/\*Ì\Z\o~Ӻ/w\\<\rN+\\\G\K\+u\\\s7¯\]@;\0Z텿\\0>n<\Wۚ\\\cD[\B|ϼ29CWPY^\\Z\M#F\ZV\"\-$`$f\\{\/Gez\\A~\c3UXiW7|+\\w4G\T\j\2n\\?ZTE2\\\.ךF\SZi*[$\|7\4yXI&niZr̍;m>;G·\ֽ\۰Xz\m\01OFXav\驖F\cgdv}\\_ j\\t[kUTq\\k\n\pϹ\RfУc\\~M\\\ҿX\0c?\\?xG\\y-\\\|H?ʟ\0[R\6?\D$\~\6\\>xn\DP\\lʃ@Mz0>\G\q\\lw3 \-ۏ\[\\zȑö]M&G*\z\K\1t\=\ٕ*\06\Q@\i(~TQE~ͅ5ee]\N\<\PD\v\\}Ӷ\n6\n\0\\QL\hFG\\\qV\Z$f>Y?\\\\ι\\]+פ>l\\\\$\\+Gr\^ƴ7-n4n5\\w$dPO1c\GHȪ\\z\ׄ\Z\.dk}:\n\\^\πnP#\\\Z{6ǕC\n\{\.\8\5\0[,TJ\/\t[,\\\2\0Nu:~k\\G*\PTZ\\\Ve95\\nv$R]	8cYZ4)\7\m\0\\W5Mb\Kƣs>`=\~qV\C4yM\0go\g\$21\0߉\\0xVCmKOX\ƎQ\5\Z/K[<|:}:R.1\ǚw\\rJݖ.\fMߐ\\Zgu:l3\\\\\B\m\;\\׭-U:Һ+-\E\p\Bq1N\\2:9K\Z\<g]XꚄ1\Da\f<\cՃ}\֤[\\a\\\Mm\>\n\0\\\8 pc4V\k6ѫ(-m}\Ʋ\6oR\\\+\\\\\\\#\\ٳѤe9\Du\'m*ok\~6\垫\.,uRh$\\\=)Xyg%yg][2t\GM\0WF\}2~ZZ\j9Q29,\\ʟ*+Fr+J\\r	\\#ڳ\lTV\4O\<7\.\V\uHZK\\"\lv#{b\0\\DC\#\\<]\8\\z\\\\}	7? 	ww&~mX\\OJ<9\\7ckh\rkuesnWo\\\raZQ\>\_5\Z/\?֪Ť\Yʹ[oMM~\\\\Z\q\+x>\\Xc}6\I?\1\0\CF_\)Ҩ\0dq^eOs\>V<\8xt\\ܬwi[\\6WK*]T\\7\iB&r9eY#؜lϷ\4TP㊳kp\\,\B\\\\\\\l̋B1\\\?5ih\owG\nG\~\Vǔ	\Z\Zf\"N\o\Gҳd4\፶m\xDyI\\Pjc\\jIƂL\oJ\u:yQ\xW\_a\~c\\\\Q_\m\\a\v:m\W\\\\\#\b۵ Ǟt\\@\in\\,\^_)>\f\\ gt\O\\KӾж\\\0\D ~55լk7\Ϯj\\W\?\Z\I\Z\Z\5\\OU\޳s\\#<ܚOYu\]\\B\0˂?(\7\i\\\0tyTߵ\=\\Pfq\Tc\Ue\fğJlh\^h\(4\C(\AK#*\R2\Ab\Eٱ\RQM\\0EO1Zw\$\(2$\\,\\\n\u\\\Z(\\\oܨy\E\\I\+^\r۝\%\\\?ƽ\\?\0r\\Bڝ\\,\\\0/\(΢\Qk V8\A\\\z\\y~袺P{\\u:ެno\v\\\\\0\\4QRq\q\uf\t\]\\r\K\k\0hA\:˱\T QE\0tV}O\\0q-\\"\ć.\0r\߻=(mH\\\un\:}\ՒI\Yw/\z\FMV&\X\\Zy77\'bkIͳ?﮴Q[\-\\|\<5j	]\i\Z\-\\\\m?\|\0\uTQE^k\\P5\i99P\l|u\\(\NNi\n#,\w\[\\'W\t\B\"\\\1$s\\\+kI%X\\)\+#\\\g\e\.\|\\%\\EKs\\\J2>8s7\'r9\\6\\\;\\j(\\Eؙ`b\U*\|\Q\\|\֚Eܯ<}\\:W)j6\/\\\\5\\>nl\\E\L\\0\\7\0l\\.Z\\\\d~~\> ml#*diQE\`R>k{G;:8\\Q\\<2\˩\\\+2Mn6\_\\\+魫Ft6c\\ꧮ~Q@?\nO\Ze\\џluk\\\4\K\12\\n(u8q\oݏ\\7\\)6\n(q\i6\n(ߕ\Q@r\(\(\Ba\\\',0.000,NULL,'2024-01-04','2025-03-02',NULL,1,'2025-03-04 11:35:24','2025-03-04 11:35:24',0,0,145);
/*!40000 ALTER TABLE `employee` ENABLE KEYS */;
UNLOCK TABLES;

--
-- Table structure for table `exchange_rates`
--

DROP TABLE IF EXISTS `exchange_rates`;
/*!40101 SET @saved_cs_client     = @@character_set_client */;
/*!50503 SET character_set_client = utf8mb4 */;
CREATE TABLE `exchange_rates` (
  `exchange_rate_id` int NOT NULL AUTO_INCREMENT,
  `from_currency_id` int DEFAULT NULL,
  `to_currency_id` int DEFAULT NULL,
  `exchangerate` decimal(10,6) DEFAULT NULL,
  `valid_from` timestamp NULL DEFAULT NULL,
  `valid_to` timestamp NULL DEFAULT NULL,
  `conversion_type` varchar(20) DEFAULT NULL,
  `provider_id` int DEFAULT NULL,
  `status` varchar(10) DEFAULT NULL,
  `version` varchar(50) DEFAULT NULL,
  `created_at` timestamp NULL DEFAULT CURRENT_TIMESTAMP,
  `updated_at` timestamp NULL DEFAULT CURRENT_TIMESTAMP ON UPDATE CURRENT_TIMESTAMP,
  `created_by` int DEFAULT NULL,
  `updated_by` int DEFAULT NULL,
  PRIMARY KEY (`exchange_rate_id`),
  KEY `from_currency_id` (`from_currency_id`),
  KEY `to_currency_id` (`to_currency_id`),
  CONSTRAINT `exchange_rates_ibfk_1` FOREIGN KEY (`from_currency_id`) REFERENCES `currency` (`currency_id`),
  CONSTRAINT `exchange_rates_ibfk_2` FOREIGN KEY (`to_currency_id`) REFERENCES `currency` (`currency_id`)
) ENGINE=InnoDB AUTO_INCREMENT=244 DEFAULT CHARSET=utf8mb4 COLLATE=utf8mb4_0900_ai_ci;
/*!40101 SET character_set_client = @saved_cs_client */;

--
-- Dumping data for table `exchange_rates`
--

LOCK TABLES `exchange_rates` WRITE;
/*!40000 ALTER TABLE `exchange_rates` DISABLE KEYS */;
INSERT INTO `exchange_rates` VALUES (200,30,31,0.941300,'2025-03-04 11:58:38','2030-12-31 00:00:00','fixed',1,'active','v1.0','2025-03-04 11:58:38','2025-03-04 11:58:38',1,1),(201,30,32,0.817500,'2025-03-04 11:58:38','2030-12-31 00:00:00','fixed',1,'active','v1.0','2025-03-04 11:58:38','2025-03-04 11:58:38',1,1),(202,30,33,1.452300,'2025-03-04 11:58:38','2030-12-31 00:00:00','fixed',1,'active','v1.0','2025-03-04 11:58:38','2025-03-04 11:58:38',1,1),(203,30,34,1.357200,'2025-03-04 11:58:38','2030-12-31 00:00:00','fixed',1,'active','v1.0','2025-03-04 11:58:38','2025-03-04 11:58:38',1,1),(204,30,35,137.680000,'2025-03-04 11:58:38','2030-12-31 00:00:00','fixed',1,'active','v1.0','2025-03-04 11:58:38','2025-03-04 11:58:38',1,1),(205,30,36,6.450000,'2025-03-04 11:58:38','2030-12-31 00:00:00','fixed',1,'active','v1.0','2025-03-04 11:58:38','2025-03-04 11:58:38',1,1),(206,30,37,0.926500,'2025-03-04 11:58:38','2030-12-31 00:00:00','fixed',1,'active','v1.0','2025-03-04 11:58:38','2025-03-04 11:58:38',1,1),(207,30,38,9.560000,'2025-03-04 11:58:38','2030-12-31 00:00:00','fixed',1,'active','v1.0','2025-03-04 11:58:38','2025-03-04 11:58:38',1,1),(208,30,39,1.350000,'2025-03-04 11:58:38','2030-12-31 00:00:00','fixed',1,'active','v1.0','2025-03-04 11:58:38','2025-03-04 11:58:38',1,1),(209,30,40,18.070000,'2025-03-04 11:58:38','2030-12-31 00:00:00','fixed',1,'active','v1.0','2025-03-04 11:58:38','2025-03-04 11:58:38',1,1),(210,30,41,5.340000,'2025-03-04 11:58:38','2030-12-31 00:00:00','fixed',1,'active','v1.0','2025-03-04 11:58:38','2025-03-04 11:58:38',1,1),(211,30,42,14.540000,'2025-03-04 11:58:38','2030-12-31 00:00:00','fixed',1,'active','v1.0','2025-03-04 11:58:38','2025-03-04 11:58:38',1,1),(212,30,43,3.750000,'2025-03-04 11:58:38','2030-12-31 00:00:00','fixed',1,'active','v1.0','2025-03-04 11:58:38','2025-03-04 11:58:38',1,1),(213,30,44,75.340000,'2025-03-04 11:58:38','2030-12-31 00:00:00','fixed',1,'active','v1.0','2025-03-04 11:58:38','2025-03-04 11:58:38',1,1),(214,30,45,74.550000,'2025-03-04 11:58:38','2030-12-31 00:00:00','fixed',1,'active','v1.0','2025-03-04 11:58:38','2025-03-04 11:58:38',1,1),(215,30,46,1174.900000,'2025-03-04 11:58:38','2030-12-31 00:00:00','fixed',1,'active','v1.0','2025-03-04 11:58:38','2025-03-04 11:58:38',1,1),(216,30,47,1.350000,'2025-03-04 11:58:38','2030-12-31 00:00:00','fixed',1,'active','v1.0','2025-03-04 11:58:38','2025-03-04 11:58:38',1,1),(217,30,48,7.850000,'2025-03-04 11:58:38','2030-12-31 00:00:00','fixed',1,'active','v1.0','2025-03-04 11:58:38','2025-03-04 11:58:38',1,1),(218,31,30,1.064500,'2025-03-04 11:58:38','2030-12-31 00:00:00','fixed',1,'active','v1.0','2025-03-04 11:58:38','2025-03-04 11:58:38',1,1),(219,32,30,1.222200,'2025-03-04 11:58:38','2030-12-31 00:00:00','fixed',1,'active','v1.0','2025-03-04 11:58:38','2025-03-04 11:58:38',1,1),(220,30,31,0.941300,'2025-02-27 00:00:00','2025-03-04 00:00:00','fixed',1,'inactive','v1.0','2025-03-04 12:03:43','2025-03-04 12:03:43',1,1),(221,30,31,0.941300,'2025-02-28 00:00:00','2025-03-04 00:00:00','fixed',1,'inactive','v1.0','2025-03-04 12:03:43','2025-03-04 12:03:43',1,1),(222,30,31,0.941300,'2025-03-01 00:00:00','2025-03-04 00:00:00','fixed',1,'inactive','v1.0','2025-03-04 12:03:43','2025-03-04 12:03:43',1,1),(223,30,31,0.941300,'2025-03-02 00:00:00','2025-03-04 00:00:00','fixed',1,'inactive','v1.0','2025-03-04 12:03:43','2025-03-04 12:03:43',1,1),(224,30,31,0.941300,'2025-03-03 00:00:00','2025-03-04 00:00:00','fixed',1,'inactive','v1.0','2025-03-04 12:03:43','2025-03-04 12:03:43',1,1),(226,30,32,0.817500,'2025-02-27 00:00:00','2025-03-04 00:00:00','fixed',1,'inactive','v1.0','2025-03-04 12:03:43','2025-03-04 12:03:43',1,1),(227,30,32,0.817500,'2025-02-28 00:00:00','2025-03-04 00:00:00','fixed',1,'inactive','v1.0','2025-03-04 12:03:43','2025-03-04 12:03:43',1,1),(228,30,32,0.817500,'2025-03-01 00:00:00','2025-03-04 00:00:00','fixed',1,'inactive','v1.0','2025-03-04 12:03:43','2025-03-04 12:03:43',1,1),(229,30,32,0.817500,'2025-03-02 00:00:00','2025-03-04 00:00:00','fixed',1,'inactive','v1.0','2025-03-04 12:03:43','2025-03-04 12:03:43',1,1),(230,30,32,0.817500,'2025-03-03 00:00:00','2025-03-04 00:00:00','fixed',1,'inactive','v1.0','2025-03-04 12:03:43','2025-03-04 12:03:43',1,1),(232,30,33,1.452300,'2025-02-27 00:00:00','2025-03-04 00:00:00','fixed',1,'inactive','v1.0','2025-03-04 12:03:43','2025-03-04 12:03:43',1,1),(233,30,33,1.452300,'2025-02-28 00:00:00','2025-03-04 00:00:00','fixed',1,'inactive','v1.0','2025-03-04 12:03:43','2025-03-04 12:03:43',1,1),(234,30,33,1.452300,'2025-03-01 00:00:00','2025-03-04 00:00:00','fixed',1,'inactive','v1.0','2025-03-04 12:03:43','2025-03-04 12:03:43',1,1),(235,30,33,1.452300,'2025-03-02 00:00:00','2025-03-04 00:00:00','fixed',1,'inactive','v1.0','2025-03-04 12:03:43','2025-03-04 12:03:43',1,1),(236,30,33,1.452300,'2025-03-03 00:00:00','2025-03-04 00:00:00','fixed',1,'inactive','v1.0','2025-03-04 12:03:43','2025-03-04 12:03:43',1,1),(238,30,34,1.357200,'2025-02-27 00:00:00','2025-03-04 00:00:00','fixed',1,'inactive','v1.0','2025-03-04 12:03:43','2025-03-04 12:03:43',1,1),(239,30,34,1.357200,'2025-02-28 00:00:00','2025-03-04 00:00:00','fixed',1,'inactive','v1.0','2025-03-04 12:03:43','2025-03-04 12:03:43',1,1),(240,30,34,1.357200,'2025-03-01 00:00:00','2025-03-04 00:00:00','fixed',1,'inactive','v1.0','2025-03-04 12:03:43','2025-03-04 12:03:43',1,1),(241,30,34,1.357200,'2025-03-02 00:00:00','2025-03-04 00:00:00','fixed',1,'inactive','v1.0','2025-03-04 12:03:43','2025-03-04 12:03:43',1,1),(242,30,34,1.357200,'2025-03-03 00:00:00','2025-03-04 00:00:00','fixed',1,'inactive','v1.0','2025-03-04 12:03:43','2025-03-04 12:03:43',1,1);
/*!40000 ALTER TABLE `exchange_rates` ENABLE KEYS */;
UNLOCK TABLES;

--
-- Table structure for table `group_company`
--

DROP TABLE IF EXISTS `group_company`;
/*!40101 SET @saved_cs_client     = @@character_set_client */;
/*!50503 SET character_set_client = utf8mb4 */;
CREATE TABLE `group_company` (
  `id` int NOT NULL AUTO_INCREMENT,
  `legal_entity_id` int NOT NULL,
  `name` varchar(100) NOT NULL,
  `description` varchar(200) DEFAULT NULL,
  `created_at` timestamp NULL DEFAULT CURRENT_TIMESTAMP,
  `updated_at` timestamp NULL DEFAULT CURRENT_TIMESTAMP ON UPDATE CURRENT_TIMESTAMP,
  `created_by` int DEFAULT NULL,
  `updated_by` int DEFAULT NULL,
  PRIMARY KEY (`id`),
  KEY `legal_entity_id` (`legal_entity_id`),
  CONSTRAINT `group_company_ibfk_1` FOREIGN KEY (`legal_entity_id`) REFERENCES `legal_entity` (`id`) ON DELETE CASCADE
) ENGINE=InnoDB AUTO_INCREMENT=2002 DEFAULT CHARSET=utf8mb4 COLLATE=utf8mb4_0900_ai_ci;
/*!40101 SET character_set_client = @saved_cs_client */;

--
-- Dumping data for table `group_company`
--

LOCK TABLES `group_company` WRITE;
/*!40000 ALTER TABLE `group_company` DISABLE KEYS */;
INSERT INTO `group_company` VALUES (2001,1001,'Opera Group Holdings','Opera Group Holdings is a diversified multinational entity','2025-03-04 13:45:20','2025-03-04 13:45:20',0,0);
/*!40000 ALTER TABLE `group_company` ENABLE KEYS */;
UNLOCK TABLES;

--
-- Table structure for table `item_attributes`
--

DROP TABLE IF EXISTS `item_attributes`;
/*!40101 SET @saved_cs_client     = @@character_set_client */;
/*!50503 SET character_set_client = utf8mb4 */;
CREATE TABLE `item_attributes` (
  `attributes_master_id` int NOT NULL AUTO_INCREMENT,
  `item_id` int DEFAULT NULL,
  `attribute_id` int DEFAULT NULL,
  `attribute_value` varchar(255) DEFAULT NULL,
  PRIMARY KEY (`attributes_master_id`),
  KEY `item_id` (`item_id`),
  KEY `attribute_id` (`attribute_id`),
  CONSTRAINT `item_attributes_ibfk_1` FOREIGN KEY (`item_id`) REFERENCES `items` (`item_id`),
  CONSTRAINT `item_attributes_ibfk_2` FOREIGN KEY (`attribute_id`) REFERENCES `attribute_definitions` (`attribute_id`)
) ENGINE=InnoDB DEFAULT CHARSET=utf8mb4 COLLATE=utf8mb4_0900_ai_ci;
/*!40101 SET character_set_client = @saved_cs_client */;

--
-- Dumping data for table `item_attributes`
--

LOCK TABLES `item_attributes` WRITE;
/*!40000 ALTER TABLE `item_attributes` DISABLE KEYS */;
/*!40000 ALTER TABLE `item_attributes` ENABLE KEYS */;
UNLOCK TABLES;

--
-- Table structure for table `item_image_mapping`
--

DROP TABLE IF EXISTS `item_image_mapping`;
/*!40101 SET @saved_cs_client     = @@character_set_client */;
/*!50503 SET character_set_client = utf8mb4 */;
CREATE TABLE `item_image_mapping` (
  `mapping_id` int NOT NULL AUTO_INCREMENT,
  `item_id` int NOT NULL,
  `image_id` int NOT NULL,
  `image_order` int DEFAULT NULL,
  `created_at` timestamp NULL DEFAULT CURRENT_TIMESTAMP,
  `updated_at` timestamp NULL DEFAULT CURRENT_TIMESTAMP ON UPDATE CURRENT_TIMESTAMP,
  PRIMARY KEY (`mapping_id`),
  KEY `item_id` (`item_id`),
  KEY `image_id` (`image_id`),
  CONSTRAINT `item_image_mapping_ibfk_1` FOREIGN KEY (`item_id`) REFERENCES `items` (`item_id`) ON DELETE CASCADE,
  CONSTRAINT `item_image_mapping_ibfk_2` FOREIGN KEY (`image_id`) REFERENCES `item_images` (`image_id`) ON DELETE CASCADE
) ENGINE=InnoDB AUTO_INCREMENT=1001 DEFAULT CHARSET=utf8mb4 COLLATE=utf8mb4_0900_ai_ci;
/*!40101 SET character_set_client = @saved_cs_client */;

--
-- Dumping data for table `item_image_mapping`
--

LOCK TABLES `item_image_mapping` WRITE;
/*!40000 ALTER TABLE `item_image_mapping` DISABLE KEYS */;
/*!40000 ALTER TABLE `item_image_mapping` ENABLE KEYS */;
UNLOCK TABLES;

--
-- Table structure for table `item_images`
--

DROP TABLE IF EXISTS `item_images`;
/*!40101 SET @saved_cs_client     = @@character_set_client */;
/*!50503 SET character_set_client = utf8mb4 */;
CREATE TABLE `item_images` (
  `image_id` int NOT NULL AUTO_INCREMENT,
  `image` mediumblob NOT NULL,
  `image_type` varchar(50) DEFAULT NULL,
  `created_at` timestamp NULL DEFAULT CURRENT_TIMESTAMP,
  `updated_at` timestamp NULL DEFAULT CURRENT_TIMESTAMP ON UPDATE CURRENT_TIMESTAMP,
  `created_by` int DEFAULT NULL,
  `updated_by` int DEFAULT NULL,
  PRIMARY KEY (`image_id`)
) ENGINE=InnoDB AUTO_INCREMENT=1001 DEFAULT CHARSET=utf8mb4 COLLATE=utf8mb4_0900_ai_ci;
/*!40101 SET character_set_client = @saved_cs_client */;

--
-- Dumping data for table `item_images`
--

LOCK TABLES `item_images` WRITE;
/*!40000 ALTER TABLE `item_images` DISABLE KEYS */;
/*!40000 ALTER TABLE `item_images` ENABLE KEYS */;
UNLOCK TABLES;

--
-- Table structure for table `itemcategory`
--

DROP TABLE IF EXISTS `itemcategory`;
/*!40101 SET @saved_cs_client     = @@character_set_client */;
/*!50503 SET character_set_client = utf8mb4 */;
CREATE TABLE `itemcategory` (
  `category_id` int NOT NULL AUTO_INCREMENT,
  `category_name` varchar(100) NOT NULL,
  `description` text,
  `is_active` tinyint(1) DEFAULT '1',
  `tax_information` varchar(50) DEFAULT NULL,
  `default_uom` varchar(20) DEFAULT NULL,
  `created_at` timestamp NULL DEFAULT CURRENT_TIMESTAMP,
  `updated_at` timestamp NULL DEFAULT CURRENT_TIMESTAMP ON UPDATE CURRENT_TIMESTAMP,
  `created_by` int DEFAULT NULL,
  `updated_by` int DEFAULT NULL,
  PRIMARY KEY (`category_id`),
  UNIQUE KEY `category_name` (`category_name`)
) ENGINE=InnoDB AUTO_INCREMENT=1033 DEFAULT CHARSET=utf8mb4 COLLATE=utf8mb4_0900_ai_ci;
/*!40101 SET character_set_client = @saved_cs_client */;

--
-- Dumping data for table `itemcategory`
--

LOCK TABLES `itemcategory` WRITE;
/*!40000 ALTER TABLE `itemcategory` DISABLE KEYS */;
INSERT INTO `itemcategory` VALUES (1001,'Car Interior','Products related to the interior of cars, including seats, dashboards, and upholstery.',1,'Standard','40','2025-03-04 14:57:53','2025-03-04 14:57:53',1,1),(1002,'Tyres','Rubber components that provide traction and cushion for vehicles.',1,'Standard','40','2025-03-04 14:57:53','2025-03-04 14:57:53',1,1),(1003,'Car Body Parts','Exterior parts of the car, such as doors, bumpers, and hoods.',1,'Standard','40','2025-03-04 14:57:53','2025-03-04 14:57:53',1,1),(1004,'Engine Parts','Components of the car’s engine, including pistons, timing belts, and crankshafts.',1,'Standard','40','2025-03-04 14:57:53','2025-03-04 14:57:53',1,1),(1005,'Transmission','Parts related to the vehicle’s transmission system, including gearboxes and clutches.',1,'Standard','40','2025-03-04 14:57:53','2025-03-04 14:57:53',1,1),(1006,'Braking System','Parts related to the vehicle’s braking system, including brake pads, discs, and calipers.',1,'Standard','40','2025-03-04 14:57:53','2025-03-04 14:57:53',1,1),(1007,'Suspension Parts','Components of the suspension system, such as shocks, springs, and control arms.',1,'Standard','40','2025-03-04 14:57:53','2025-03-04 14:57:53',1,1),(1008,'Air Conditioning Parts','Parts for the car’s HVAC system, including compressors, condensers, and evaporators.',1,'Standard','40','2025-03-04 14:57:53','2025-03-04 14:57:53',1,1),(1009,'Lighting & Electrical','Lighting products like headlights, taillights, and interior lights, as well as electrical components.',1,'Standard','40','2025-03-04 14:57:53','2025-03-04 14:57:53',1,1),(1010,'Car Audio & Electronics','Products related to the audio and electronics systems inside the car, including speakers and wiring.',1,'Standard','40','2025-03-04 14:57:53','2025-03-04 14:57:53',1,1),(1011,'Fuel System','Components of the vehicle’s fuel system, including fuel pumps, injectors, and tanks.',1,'Standard','40','2025-03-04 14:57:53','2025-03-04 14:57:53',1,1),(1012,'Wheels & Rims','Wheels and rims used in cars, including alloy rims and steel wheels.',1,'Standard','40','2025-03-04 14:57:53','2025-03-04 14:57:53',1,1),(1013,'Windshield Wipers','Parts for the wiper system, including wiper blades, motors, and arms.',1,'Standard','40','2025-03-04 14:57:53','2025-03-04 14:57:53',1,1),(1014,'Car Batteries','Batteries that provide electrical power to start the car and run its electrical systems.',1,'Standard','40','2025-03-04 14:57:53','2025-03-04 14:57:53',1,1),(1015,'Exhaust System','Components of the exhaust system, including mufflers, catalytic converters, and exhaust pipes.',1,'Standard','40','2025-03-04 14:57:53','2025-03-04 14:57:53',1,1),(1016,'Vehicle Accessories','Non-essential products that enhance the vehicle’s functionality or appearance, such as floor mats, seat covers, and window tinting.',1,'Standard','40','2025-03-04 14:57:53','2025-03-04 14:57:53',1,1),(1017,'Car Tools & Equipment','Tools and equipment designed for car maintenance and repairs, such as jacks, wrenches, and diagnostic tools.',1,'Standard','40','2025-03-04 14:57:53','2025-03-04 14:57:53',1,1),(1018,'Auto Paint & Finishes','Products related to painting and finishing the vehicle, including paints, coatings, and finishing products.',1,'Standard','40','2025-03-04 14:57:53','2025-03-04 14:57:53',1,1),(1019,'Vehicle Safety Gear','Safety products such as airbags, seat belts, and child car seats.',1,'Standard','40','2025-03-04 14:57:53','2025-03-04 14:57:53',1,1),(1020,'Car Cleaning Products','Cleaning products for car maintenance, including waxes, cleaning sprays, and polishes.',1,'Standard','40','2025-03-04 14:57:53','2025-03-04 14:57:53',1,1),(1021,'Car Performance Parts','Parts aimed at enhancing a car’s performance, including turbochargers, exhaust systems, and cold air intakes.',1,'Standard','40','2025-03-04 14:57:53','2025-03-04 14:57:53',1,1),(1022,'Desktop Computers','Various desktop computers for home, office, and gaming purposes',1,'Standard','Unit','2025-03-04 15:07:32','2025-03-04 15:07:32',1,1),(1023,'All-in-One Computers','Space-saving all-in-one desktop computers',1,'Standard','Unit','2025-03-04 15:07:32','2025-03-04 15:07:32',1,1),(1024,'Gaming PCs','High-performance desktop computers for gaming',1,'Standard','Unit','2025-03-04 15:07:32','2025-03-04 15:07:32',1,1),(1025,'Workstation Computers','Computers designed for professional use and heavy workloads',1,'Standard','Unit','2025-03-04 15:07:32','2025-03-04 15:07:32',1,1),(1026,'Mini PCs','Compact desktop computers with essential computing power',1,'Standard','Unit','2025-03-04 15:07:32','2025-03-04 15:07:32',1,1),(1027,'Tower PCs','Traditional tower desktop computers with customizable options',1,'Standard','Unit','2025-03-04 15:07:32','2025-03-04 15:07:32',1,1),(1028,'Laptop Computers','Portable laptops for personal and professional use',1,'Standard','Unit','2025-03-04 15:07:32','2025-03-04 15:07:32',1,1),(1029,'Ultrabooks','Lightweight, high-performance laptops with extended battery life',1,'Standard','Unit','2025-03-04 15:07:32','2025-03-04 15:07:32',1,1),(1030,'Gaming Laptops','Portable laptops built for gaming with high-end graphics and performance',1,'Standard','Unit','2025-03-04 15:07:32','2025-03-04 15:07:32',1,1),(1031,'Business Laptops','Laptops designed for business professionals with enhanced security and productivity features',1,'Standard','Unit','2025-03-04 15:07:32','2025-03-04 15:07:32',1,1),(1032,'2-in-1 Laptops','Convertible laptops that can be used as both laptops and tablets',1,'Standard','Unit','2025-03-04 15:07:32','2025-03-04 15:07:32',1,1);
/*!40000 ALTER TABLE `itemcategory` ENABLE KEYS */;
UNLOCK TABLES;

--
-- Table structure for table `items`
--

DROP TABLE IF EXISTS `items`;
/*!40101 SET @saved_cs_client     = @@character_set_client */;
/*!50503 SET character_set_client = utf8mb4 */;
CREATE TABLE `items` (
  `item_id` int NOT NULL AUTO_INCREMENT,
  `item_code` varchar(50) NOT NULL,
  `item_name` varchar(255) NOT NULL,
  `category_id` int DEFAULT NULL,
  `unit_price` decimal(10,2) DEFAULT NULL,
  `manufacturer` varchar(100) DEFAULT NULL,
  `barcode` varchar(50) DEFAULT NULL,
  `stock_quantity` int DEFAULT NULL,
  `min_stock_level` int DEFAULT NULL,
  `max_stock_level` int DEFAULT NULL,
  `reorder_point` int DEFAULT NULL,
  `lead_time` int DEFAULT NULL,
  `shelf_life` int DEFAULT NULL,
  `location` varchar(50) DEFAULT NULL,
  `product_type` varchar(20) DEFAULT NULL,
  `notes` text,
  `default_uom_id` int DEFAULT NULL,
  `expiry_date_flag` tinyint(1) DEFAULT NULL,
  `expiry_date` date DEFAULT NULL,
  `is_serial_controlled` tinyint(1) DEFAULT '0',
  `created_at` timestamp NULL DEFAULT CURRENT_TIMESTAMP,
  `updated_at` timestamp NULL DEFAULT CURRENT_TIMESTAMP ON UPDATE CURRENT_TIMESTAMP,
  `created_by` int DEFAULT NULL,
  `updated_by` int DEFAULT NULL,
  PRIMARY KEY (`item_id`),
  UNIQUE KEY `item_code` (`item_code`),
  KEY `category_id` (`category_id`),
  KEY `default_uom_id` (`default_uom_id`),
  CONSTRAINT `items_ibfk_1` FOREIGN KEY (`category_id`) REFERENCES `itemcategory` (`category_id`),
  CONSTRAINT `items_ibfk_2` FOREIGN KEY (`default_uom_id`) REFERENCES `uom` (`uom_id`)
) ENGINE=InnoDB AUTO_INCREMENT=1000064 DEFAULT CHARSET=utf8mb4 COLLATE=utf8mb4_0900_ai_ci;
/*!40101 SET character_set_client = @saved_cs_client */;

--
-- Dumping data for table `items`
--

LOCK TABLES `items` WRITE;
/*!40000 ALTER TABLE `items` DISABLE KEYS */;
INSERT INTO `items` VALUES (1000001,'CINT001','Leather Car Seat',1001,199.99,'AutoLeather Co.','123456789001',50,10,100,20,14,36,'Aisle 1','Interior','High-quality leather seat',40,0,NULL,0,'2025-03-04 15:02:49','2025-03-04 15:02:49',1,1),(1000002,'CINT002','Car Dashboard Kit',1001,79.99,'AutoDash Inc.','123456789002',100,20,200,50,7,24,'Aisle 2','Interior','Complete dashboard kit',40,0,NULL,0,'2025-03-04 15:02:49','2025-03-04 15:02:49',1,1),(1000003,'TYR001','All-Weather Tyre 195/65R15',1002,59.99,'TyreTech','123456789003',200,50,500,100,14,48,'Rack 1','Tyre','Durable all-weather tyre',40,0,NULL,0,'2025-03-04 15:02:49','2025-03-04 15:02:49',1,1),(1000004,'TYR002','High-Performance Tyre 215/55R17',1002,99.99,'SpeedTires','123456789004',150,30,300,75,7,36,'Rack 2','Tyre','For high-speed performance vehicles',40,0,NULL,0,'2025-03-04 15:02:49','2025-03-04 15:02:49',1,1),(1000005,'CBP001','Front Bumper for Sedan',1003,249.99,'AutoBody Inc.','123456789005',50,10,100,20,30,60,'Aisle 3','Body Parts','Front bumper for sedan model',40,0,NULL,0,'2025-03-04 15:02:49','2025-03-04 15:02:49',1,1),(1000006,'CBP002','Rear Bumper for SUV',1003,279.99,'CarParts Co.','123456789006',30,5,60,15,30,72,'Aisle 4','Body Parts','Rear bumper for SUV model',40,0,NULL,0,'2025-03-04 15:02:49','2025-03-04 15:02:49',1,1),(1000007,'ENG001','Car Engine Timing Belt',1004,49.99,'EngineParts Co.','123456789007',100,10,200,50,21,48,'Aisle 5','Engine Parts','Timing belt for engine',40,0,NULL,0,'2025-03-04 15:02:49','2025-03-04 15:02:49',1,1),(1000008,'ENG002','Engine Cylinder Head',1004,399.99,'AutoEngines Ltd.','123456789008',20,5,50,10,60,84,'Aisle 6','Engine Parts','Cylinder head for engine',40,0,NULL,0,'2025-03-04 15:02:49','2025-03-04 15:02:49',1,1),(1000009,'MDL001','Toyota Corolla 2023',1003,22000.00,'Toyota','123456789015',10,1,20,5,0,365,'Car Showroom','Model Item','Brand new Toyota Corolla 2023',40,0,NULL,1,'2025-03-04 15:02:49','2025-03-04 15:02:49',1,1),(1000010,'MDL002','Ford F-150 2023',1003,35000.00,'Ford','123456789016',5,1,10,3,0,365,'Car Showroom','Model Item','Brand new Ford F-150 2023',40,0,NULL,1,'2025-03-04 15:02:49','2025-03-04 15:02:49',1,1),(1000011,'CINT003','Leather Steering Wheel Cover',1001,49.99,'AutoLeather Co.','123456789017',150,25,250,60,14,36,'Aisle 1','Interior','High-quality leather steering wheel cover',40,0,NULL,0,'2025-03-04 15:05:09','2025-03-04 15:05:09',1,1),(1000012,'CINT004','Car Seat Cushion',1001,39.99,'ComfortCar','123456789018',120,20,200,40,14,36,'Aisle 2','Interior','Comfortable car seat cushion',40,0,NULL,0,'2025-03-04 15:05:09','2025-03-04 15:05:09',1,1),(1000013,'TYR003','All-Terrain Tyre 265/75R16',1002,89.99,'TerraTires','123456789019',180,40,400,90,14,48,'Rack 1','Tyre','Durable all-terrain tyre for off-road vehicles',40,0,NULL,0,'2025-03-04 15:05:09','2025-03-04 15:05:09',1,1),(1000014,'TYR004','Snow Tyre 205/55R16',1002,105.99,'SnowTires Inc.','123456789020',100,30,300,80,7,36,'Rack 2','Tyre','Snow tyre for winter conditions',40,0,NULL,0,'2025-03-04 15:05:09','2025-03-04 15:05:09',1,1),(1000015,'CBP003','Side Mirror for Sedan',1003,129.99,'AutoBody Inc.','123456789021',75,10,150,35,21,48,'Aisle 3','Body Parts','Side mirror for sedan model',40,0,NULL,0,'2025-03-04 15:05:09','2025-03-04 15:05:09',1,1),(1000016,'CBP004','Hood for SUV',1003,499.99,'CarParts Co.','123456789022',40,5,80,20,30,72,'Aisle 4','Body Parts','Hood for SUV model',40,0,NULL,0,'2025-03-04 15:05:09','2025-03-04 15:05:09',1,1),(1000017,'ENG003','Car Engine Oil Filter',1004,9.99,'EngineParts Co.','123456789023',200,50,500,100,7,24,'Aisle 5','Engine Parts','Engine oil filter',40,0,NULL,0,'2025-03-04 15:05:09','2025-03-04 15:05:09',1,1),(1000018,'ENG004','Engine Piston Set',1004,199.99,'AutoEngines Ltd.','123456789024',25,5,50,10,60,84,'Aisle 6','Engine Parts','Piston set for engine',40,0,NULL,0,'2025-03-04 15:05:09','2025-03-04 15:05:09',1,1),(1000019,'TRA003','Manual Transmission Fluid',1005,12.99,'TransTech','123456789025',250,60,600,150,7,24,'Aisle 7','Transmission','Fluid for manual transmissions',40,0,NULL,0,'2025-03-04 15:05:09','2025-03-04 15:05:09',1,1),(1000020,'TRA004','Automatic Gearbox Oil',1005,99.99,'TransParts','123456789026',100,30,300,75,30,60,'Aisle 8','Transmission','Gearbox oil for automatic transmissions',40,0,NULL,0,'2025-03-04 15:05:09','2025-03-04 15:05:09',1,1),(1000021,'BS003','Brake Caliper for Sedan',1006,119.99,'BrakeMasters','123456789027',80,20,160,40,14,36,'Aisle 9','Braking System','Brake caliper for sedan model',40,0,NULL,0,'2025-03-04 15:05:09','2025-03-04 15:05:09',1,1),(1000022,'BS004','Disc Brake for SUV',1006,149.99,'AutoBrakes Co.','123456789028',60,15,120,30,14,36,'Aisle 10','Braking System','Disc brake for SUV model',40,0,NULL,0,'2025-03-04 15:05:09','2025-03-04 15:05:09',1,1),(1000023,'SP003','Strut for Sedan',1007,199.99,'SuspensionParts','123456789029',90,20,180,45,21,60,'Aisle 11','Suspension Parts','Strut for sedan model',40,0,NULL,0,'2025-03-04 15:05:09','2025-03-04 15:05:09',1,1),(1000024,'SP004','Suspension Arm for SUV',1007,249.99,'AutoSprings','123456789030',70,15,140,35,21,60,'Aisle 12','Suspension Parts','Suspension arm for SUV model',40,0,NULL,0,'2025-03-04 15:05:09','2025-03-04 15:05:09',1,1),(1000025,'MDL003','Honda Civic 2023',1003,22000.00,'Honda','123456789031',8,1,15,3,0,365,'Car Showroom','Model Item','Brand new Honda Civic 2023',40,0,NULL,1,'2025-03-04 15:05:09','2025-03-04 15:05:09',1,1),(1000026,'MDL004','Chevrolet Malibu 2023',1004,25000.00,'Chevrolet','123456789032',6,1,12,4,0,365,'Car Showroom','Model Item','Brand new Chevrolet Malibu 2023',40,0,NULL,1,'2025-03-04 15:05:09','2025-03-04 15:05:09',1,1),(1000027,'MDL005','BMW X5 2023',1005,55000.00,'BMW','123456789033',4,1,10,3,0,365,'Car Showroom','Model Item','Brand new BMW X5 2023',40,0,NULL,1,'2025-03-04 15:05:09','2025-03-04 15:05:09',1,1),(1000028,'MDL006','Mercedes-Benz E-Class 2023',1006,60000.00,'Mercedes-Benz','123456789034',5,1,15,4,0,365,'Car Showroom','Model Item','Brand new Mercedes-Benz E-Class 2023',40,0,NULL,1,'2025-03-04 15:05:09','2025-03-04 15:05:09',1,1),(1000029,'MDL007','Audi A6 2023',1007,50000.00,'Audi','123456789035',7,1,20,6,0,365,'Car Showroom','Model Item','Brand new Audi A6 2023',40,0,NULL,1,'2025-03-04 15:05:09','2025-03-04 15:05:09',1,1),(1000030,'DPC001','HP Pavilion Desktop',1022,799.99,'HP','123456789001',150,20,200,50,14,36,'Aisle 1','Desktop','Affordable desktop computer for home and office use',40,0,NULL,0,'2025-03-04 15:09:39','2025-03-04 15:09:39',1,1),(1000031,'DPC002','Dell XPS Desktop',1022,1499.99,'Dell','123456789002',100,15,180,40,14,36,'Aisle 2','Desktop','High-end desktop with powerful performance',40,0,NULL,0,'2025-03-04 15:09:39','2025-03-04 15:09:39',1,1),(1000032,'AIO001','Apple iMac 24-inch',1023,1299.99,'Apple','123456789003',80,15,120,30,14,36,'Aisle 3','All-in-One','Sleek all-in-one computer with 4K display',40,0,NULL,0,'2025-03-04 15:09:39','2025-03-04 15:09:39',1,1),(1000033,'AIO002','HP Envy 32 All-in-One',1023,1799.99,'HP','123456789004',60,10,100,25,14,36,'Aisle 4','All-in-One','High-performance all-in-one computer with 4K touchscreen',40,0,NULL,0,'2025-03-04 15:09:39','2025-03-04 15:09:39',1,1),(1000034,'GPC001','Alienware Aurora R11',1024,1999.99,'Alienware','123456789005',50,10,80,20,14,36,'Aisle 5','Gaming PC','High-performance gaming PC with RTX 3080',40,0,NULL,0,'2025-03-04 15:09:39','2025-03-04 15:09:39',1,1),(1000035,'GPC002','Corsair Vengeance i7200',1024,2299.99,'Corsair','123456789006',40,8,60,15,14,36,'Aisle 6','Gaming PC','Gaming PC with Intel Core i9 and RTX 3090',40,0,NULL,0,'2025-03-04 15:09:39','2025-03-04 15:09:39',1,1),(1000036,'WPC001','Lenovo ThinkStation P620',1025,3999.99,'Lenovo','123456789007',30,5,40,10,14,36,'Aisle 7','Workstation','High-performance workstation for professionals',40,0,NULL,0,'2025-03-04 15:09:39','2025-03-04 15:09:39',1,1),(1000037,'WPC002','HP Z8 G4 Workstation',1025,4999.99,'HP','123456789008',20,3,25,8,14,36,'Aisle 8','Workstation','Workstation for heavy workloads with dual Xeon CPUs',40,0,NULL,0,'2025-03-04 15:09:39','2025-03-04 15:09:39',1,1),(1000038,'MPC001','Intel NUC 11 Performance',1026,699.99,'Intel','123456789009',100,20,180,40,14,36,'Aisle 9','Mini PC','Compact mini PC with high-performance features',40,0,NULL,0,'2025-03-04 15:09:39','2025-03-04 15:09:39',1,1),(1000039,'MPC002','Gigabyte Brix Pro',1026,899.99,'Gigabyte','123456789010',80,18,160,35,14,36,'Aisle 10','Mini PC','Mini PC with Intel Core i7 processor and fast SSD',40,0,NULL,0,'2025-03-04 15:09:39','2025-03-04 15:09:39',1,1),(1000040,'TPC001','Customizable Desktop Tower',1027,1499.99,'Custom','123456789011',60,12,120,30,14,36,'Aisle 11','Tower PC','Fully customizable desktop tower for any need',40,0,NULL,0,'2025-03-04 15:09:39','2025-03-04 15:09:39',1,1),(1000041,'TPC002','Corsair 4000D Airflow',1027,799.99,'Corsair','123456789012',80,15,140,35,14,36,'Aisle 12','Tower PC','Tower PC with great airflow and cooling system',40,0,NULL,0,'2025-03-04 15:09:39','2025-03-04 15:09:39',1,1),(1000042,'LPC001','Dell Inspiron 15',1028,699.99,'Dell','123456789013',150,25,200,50,14,36,'Aisle 13','Laptop','Affordable laptop for personal and professional use',40,0,NULL,0,'2025-03-04 15:09:39','2025-03-04 15:09:39',1,1),(1000043,'LPC002','HP Pavilion x360',1028,799.99,'HP','123456789014',120,20,180,40,14,36,'Aisle 14','Laptop','Convertible laptop with touch screen',40,0,NULL,0,'2025-03-04 15:09:39','2025-03-04 15:09:39',1,1),(1000044,'UBK001','Apple MacBook Air M1',1029,999.99,'Apple','123456789015',80,15,120,30,14,36,'Aisle 15','Ultrabook','Lightweight ultrabook with M1 chip',40,0,NULL,0,'2025-03-04 15:09:39','2025-03-04 15:09:39',1,1),(1000045,'UBK002','Dell XPS 13',1029,1299.99,'Dell','123456789016',100,20,180,40,14,36,'Aisle 16','Ultrabook','Compact and powerful ultrabook with InfinityEdge display',40,0,NULL,0,'2025-03-04 15:09:39','2025-03-04 15:09:39',1,1),(1000046,'GLP001','Razer Blade 15',1030,1799.99,'Razer','123456789017',50,10,80,20,14,36,'Aisle 17','Gaming Laptop','High-end gaming laptop with RTX 3070 graphics',40,0,NULL,0,'2025-03-04 15:09:39','2025-03-04 15:09:39',1,1),(1000047,'GLP002','Asus ROG Strix Scar 17',1030,2299.99,'Asus','123456789018',40,8,60,15,14,36,'Aisle 18','Gaming Laptop','Powerful gaming laptop with 17-inch display',40,0,NULL,0,'2025-03-04 15:09:39','2025-03-04 15:09:39',1,1),(1000048,'BLP001','Lenovo ThinkPad X1 Carbon',1031,1399.99,'Lenovo','123456789019',70,15,140,35,14,36,'Aisle 19','Business Laptop','Lightweight business laptop with top security features',40,0,NULL,0,'2025-03-04 15:09:39','2025-03-04 15:09:39',1,1),(1000049,'BLP002','HP Elite Dragonfly',1031,1599.99,'HP','123456789020',50,10,100,25,14,36,'Aisle 20','Business Laptop','Premium business laptop with 4K display',40,0,NULL,0,'2025-03-04 15:09:39','2025-03-04 15:09:39',1,1),(1000050,'2IN1L001','Microsoft Surface Pro 7',1032,899.99,'Microsoft','123456789021',90,18,160,40,14,36,'Aisle 21','2-in-1 Laptop','Convertible laptop with detachable keyboard',40,0,NULL,0,'2025-03-04 15:09:39','2025-03-04 15:09:39',1,1),(1000051,'2IN1L002','Lenovo Yoga 9i',1032,1299.99,'Lenovo','123456789022',60,12,120,30,14,36,'Aisle 22','2-in-1 Laptop','2-in-1 convertible laptop with high-resolution display',40,0,NULL,0,'2025-03-04 15:09:39','2025-03-04 15:09:39',1,1),(1000052,'LAPTOP001','Laptop',1028,999.99,'Various','123456789001',500,100,1000,200,14,36,'Aisle 23','Model Item','Model Item for Laptops, generic laptop product',40,0,NULL,0,'2025-03-04 15:11:05','2025-03-04 15:11:05',1,1),(1000053,'LAPBATT001','Laptop Battery',1028,99.99,'Generic','123456789023',200,50,500,100,7,24,'Storage','Laptop Part','Replacement battery for laptops',40,0,NULL,0,'2025-03-04 15:12:02','2025-03-04 15:12:02',1,1),(1000054,'LAPBATT002','Dell Laptop Battery',1028,149.99,'Dell','123456789024',150,40,400,80,7,24,'Storage','Laptop Part','Genuine battery for Dell laptops',40,0,NULL,0,'2025-03-04 15:12:02','2025-03-04 15:12:02',1,1),(1000055,'LAPKEYB001','Laptop Keyboard',1028,49.99,'Generic','123456789025',250,50,500,120,14,36,'Storage','Laptop Part','Standard laptop keyboard for replacement',40,0,NULL,0,'2025-03-04 15:12:02','2025-03-04 15:12:02',1,1),(1000056,'LAPKEYB002','HP Laptop Keyboard',1028,89.99,'HP','123456789026',180,30,350,70,14,36,'Storage','Laptop Part','Genuine keyboard for HP laptops',40,0,NULL,0,'2025-03-04 15:12:02','2025-03-04 15:12:02',1,1),(1000057,'LAPCHARG001','Laptop Charger',1028,39.99,'Generic','123456789027',300,60,600,150,7,24,'Storage','Laptop Part','Universal laptop charger',40,0,NULL,0,'2025-03-04 15:12:02','2025-03-04 15:12:02',1,1),(1000058,'LAPCHARG002','Apple MacBook Charger',1028,79.99,'Apple','123456789028',120,25,250,50,7,24,'Storage','Laptop Part','Official charger for MacBooks',40,0,NULL,0,'2025-03-04 15:12:02','2025-03-04 15:12:02',1,1),(1000059,'LAPRAM001','Laptop RAM 8GB',1028,49.99,'Kingston','123456789029',150,30,400,90,14,36,'Storage','Laptop Part','8GB RAM upgrade for laptops',40,0,NULL,0,'2025-03-04 15:12:02','2025-03-04 15:12:02',1,1),(1000060,'LAPRAM002','Laptop RAM 16GB',1028,99.99,'Corsair','123456789030',100,20,250,60,14,36,'Storage','Laptop Part','16GB RAM for laptop memory upgrade',40,0,NULL,0,'2025-03-04 15:12:02','2025-03-04 15:12:02',1,1),(1000061,'LAPMODEL001','Laptop Model - Standard',1028,799.99,'Generic','123456789100',50,10,200,30,7,24,'Display','Laptop','Standard laptop model for home and office use',40,0,NULL,0,'2025-03-04 15:12:54','2025-03-04 15:12:54',1,1),(1000062,'ITEM1005','Item123',1004,NULL,'',NULL,NULL,NULL,NULL,NULL,NULL,NULL,NULL,'','',37,0,NULL,0,'2025-03-04 17:12:36','2025-03-04 17:12:36',1210,1210),(1000063,'ITEM1006','CBN',1001,NULL,'',NULL,NULL,NULL,NULL,NULL,NULL,NULL,NULL,'','',37,0,NULL,0,'2025-03-04 17:13:31','2025-03-04 17:13:31',1209,1209);
/*!40000 ALTER TABLE `items` ENABLE KEYS */;
UNLOCK TABLES;

--
-- Table structure for table `legal_entity`
--

DROP TABLE IF EXISTS `legal_entity`;
/*!40101 SET @saved_cs_client     = @@character_set_client */;
/*!50503 SET character_set_client = utf8mb4 */;
CREATE TABLE `legal_entity` (
  `id` int NOT NULL AUTO_INCREMENT,
  `name` varchar(100) NOT NULL,
  `registration_number` varchar(100) NOT NULL,
  `address` varchar(200) NOT NULL,
  `contact_email` varchar(40) DEFAULT NULL,
  `contact_phone` varchar(20) DEFAULT NULL,
  `about` text,
  `created_at` timestamp NULL DEFAULT CURRENT_TIMESTAMP,
  `updated_at` timestamp NULL DEFAULT CURRENT_TIMESTAMP ON UPDATE CURRENT_TIMESTAMP,
  `created_by` int DEFAULT NULL,
  `updated_by` int DEFAULT NULL,
  PRIMARY KEY (`id`)
) ENGINE=InnoDB AUTO_INCREMENT=1002 DEFAULT CHARSET=utf8mb4 COLLATE=utf8mb4_0900_ai_ci;
/*!40101 SET character_set_client = @saved_cs_client */;

--
-- Dumping data for table `legal_entity`
--

LOCK TABLES `legal_entity` WRITE;
/*!40000 ALTER TABLE `legal_entity` DISABLE KEYS */;
INSERT INTO `legal_entity` VALUES (1001,'Opera Legal Distributors Ltd.','REG-2025001','123 Corporate Plaza, Suite 500, New York, NY 10001, USA','contact@operadistributors.com','+1-212-555-7890','Opera Legal Distributors Ltd. is a multinational investment and asset management company specializing in real estate, technology, and financial markets. With a strong presence across North America and Europe, we aim to provide sustainable and strategic investment solutions to our global clientele','2025-03-04 13:42:43','2025-03-04 13:42:43',0,0);
/*!40000 ALTER TABLE `legal_entity` ENABLE KEYS */;
UNLOCK TABLES;

--
-- Table structure for table `tax`
--

DROP TABLE IF EXISTS `tax`;
/*!40101 SET @saved_cs_client     = @@character_set_client */;
/*!50503 SET character_set_client = utf8mb4 */;
CREATE TABLE `tax` (
  `tax_id` int NOT NULL AUTO_INCREMENT,
  `tax_code` varchar(50) NOT NULL,
  `tax_description` varchar(255) NOT NULL,
  `tax_rate` decimal(10,2) NOT NULL,
  `tax_type` varchar(20) NOT NULL,
  `tax_authority` varchar(100) DEFAULT NULL,
  `tax_jurisdiction` varchar(100) DEFAULT NULL,
  `tax_applicability` varchar(100) DEFAULT NULL,
  `effective_date` date NOT NULL,
  `exemption` varchar(100) DEFAULT NULL,
  `reporting_codes` varchar(100) DEFAULT NULL,
  `integration_info` text,
  `status` tinyint(1) DEFAULT '1',
  `notes` text,
  `created_at` timestamp NULL DEFAULT CURRENT_TIMESTAMP,
  `updated_at` timestamp NULL DEFAULT CURRENT_TIMESTAMP ON UPDATE CURRENT_TIMESTAMP,
  `created_by` int DEFAULT NULL,
  `updated_by` int DEFAULT NULL,
  PRIMARY KEY (`tax_id`)
) ENGINE=InnoDB AUTO_INCREMENT=208 DEFAULT CHARSET=utf8mb4 COLLATE=utf8mb4_0900_ai_ci;
/*!40101 SET character_set_client = @saved_cs_client */;

--
-- Dumping data for table `tax`
--

LOCK TABLES `tax` WRITE;
/*!40000 ALTER TABLE `tax` DISABLE KEYS */;
INSERT INTO `tax` VALUES (200,'VAT','A consumption tax levied on the value added to goods and services.',20.00,'VAT','','','','2025-03-03','','','',1,'','2025-03-04 12:17:47','2025-03-04 12:17:47',1210,1210),(201,'GST','A multi-stage tax on goods and services sold for domestic consumption.',18.00,'GST','','','','2025-03-04','','','',1,'','2025-03-04 12:18:29','2025-03-04 12:18:29',1210,1210),(202,'Sales Tax','A tax on the sale of goods and services, typically added at the point of sale.',10.00,'SALES_TAX','','','','2025-03-03','','','',1,'','2025-03-04 12:19:10','2025-03-04 12:19:10',1210,1210),(203,'Excise Tax','A tax on specific goods like alcohol, tobacco, and fuel',30.00,'EXCISE_TAX','','','','2025-03-03','','','',1,'','2025-03-04 12:20:52','2025-03-04 12:20:52',1210,1210),(204,'GVAT','Fall back VAT code A consumption tax levied on the value added to goods and services',15.00,'VAT','','','','2025-03-03','','','',1,'','2025-03-04 12:23:46','2025-03-04 12:23:46',1210,1210),(205,'GGST','Fallback A multi-stage tax on goods and services sold for domestic consumption',15.00,'GST','','','','2025-03-03','','','',1,'','2025-03-04 12:24:27','2025-03-04 12:24:27',1210,1210),(206,'GSales Tax','Fall back Sales tax A tax on the sale of goods and services, typically added at the point of sale.',7.00,'SALES_TAX','','','','2025-03-03','','','',1,'','2025-03-04 12:25:23','2025-03-04 12:25:23',1210,1210),(207,'GExcise Tax','Fallback excise tax',8.00,'EXCISE_TAX','','','','2025-03-03','','','',1,'','2025-03-04 12:26:16','2025-03-04 12:26:16',1210,1210);
/*!40000 ALTER TABLE `tax` ENABLE KEYS */;
UNLOCK TABLES;

--
-- Table structure for table `tax_types`
--

DROP TABLE IF EXISTS `tax_types`;
/*!40101 SET @saved_cs_client     = @@character_set_client */;
/*!50503 SET character_set_client = utf8mb4 */;
CREATE TABLE `tax_types` (
  `tax_type_id` int NOT NULL AUTO_INCREMENT,
  `tax_type` varchar(255) NOT NULL,
  `short_name` varchar(50) NOT NULL,
  `description` text,
  PRIMARY KEY (`tax_type_id`)
) ENGINE=InnoDB AUTO_INCREMENT=100 DEFAULT CHARSET=utf8mb4 COLLATE=utf8mb4_0900_ai_ci;
/*!40101 SET character_set_client = @saved_cs_client */;

--
-- Dumping data for table `tax_types`
--

LOCK TABLES `tax_types` WRITE;
/*!40000 ALTER TABLE `tax_types` DISABLE KEYS */;
/*!40000 ALTER TABLE `tax_types` ENABLE KEYS */;
UNLOCK TABLES;

--
-- Table structure for table `uom`
--

DROP TABLE IF EXISTS `uom`;
/*!40101 SET @saved_cs_client     = @@character_set_client */;
/*!50503 SET character_set_client = utf8mb4 */;
CREATE TABLE `uom` (
  `uom_id` int NOT NULL AUTO_INCREMENT,
  `uom_name` varchar(50) NOT NULL,
  `abbreviation` varchar(10) NOT NULL,
  `conversion_factor` double NOT NULL,
  `decimal_places` tinyint DEFAULT NULL,
  `base_unit` int DEFAULT NULL,
  `notes` text,
  `created_at` timestamp NULL DEFAULT CURRENT_TIMESTAMP,
  `updated_at` timestamp NULL DEFAULT CURRENT_TIMESTAMP ON UPDATE CURRENT_TIMESTAMP,
  `created_by` int DEFAULT NULL,
  `updated_by` int DEFAULT NULL,
  PRIMARY KEY (`uom_id`),
  UNIQUE KEY `abbreviation` (`abbreviation`),
  UNIQUE KEY `unique_uom_name_abbreviation` (`uom_name`,`abbreviation`),
  KEY `base_unit` (`base_unit`),
  CONSTRAINT `uom_ibfk_1` FOREIGN KEY (`base_unit`) REFERENCES `uom` (`uom_id`) ON DELETE CASCADE
) ENGINE=InnoDB AUTO_INCREMENT=66 DEFAULT CHARSET=utf8mb4 COLLATE=utf8mb4_0900_ai_ci;
/*!40101 SET character_set_client = @saved_cs_client */;

--
-- Dumping data for table `uom`
--

LOCK TABLES `uom` WRITE;
/*!40000 ALTER TABLE `uom` DISABLE KEYS */;
INSERT INTO `uom` VALUES (36,'meter','m',1,0,36,'1 meter = 1 * meter','2025-03-04 12:54:42','2025-03-04 12:54:42',NULL,NULL),(37,'gram','g',1,0,37,'1 gram = 1 * gram','2025-03-04 12:54:56','2025-03-04 12:54:56',NULL,NULL),(38,'liter','L',1,0,38,'1 liter = 1 * liter','2025-03-04 12:55:10','2025-03-04 12:55:10',NULL,NULL),(39,'hour','h',1,0,39,'1 hour = 1 * hour','2025-03-04 12:55:35','2025-03-04 12:55:35',NULL,NULL),(40,'piece','pcs',1,0,40,'1 piece = 1 * piece','2025-03-04 12:55:48','2025-03-04 12:55:48',NULL,NULL),(41,'square meter','m²',1,0,41,'1 square meter = 1 * square meter','2025-03-04 12:56:12','2025-03-04 12:56:12',NULL,NULL),(42,'kilometer','km',1000,0,36,'1 kilometer = 1000 * meter','2025-03-04 12:58:42','2025-03-04 12:58:42',1,1),(43,'centimeter','cm',0.01,0,36,'1 centimeter = 0.01 * meter','2025-03-04 12:58:42','2025-03-04 12:58:42',1,1),(44,'millimeter','mm',0.001,0,36,'1 millimeter = 0.001 * meter','2025-03-04 12:58:42','2025-03-04 12:58:42',1,1),(45,'kilogram','kg',1000,2,37,'1 kilogram = 1000 * gram','2025-03-04 12:58:42','2025-03-04 12:58:42',1,1),(46,'milligram','mg',0.001,2,37,'1 milligram = 0.001 * gram','2025-03-04 12:58:42','2025-03-04 12:58:42',1,1),(47,'milliliter','mL',0.001,2,38,'1 milliliter = 0.001 * liter','2025-03-04 12:58:42','2025-03-04 12:58:42',1,1),(48,'deciliter','dL',0.1,2,38,'1 deciliter = 0.1 * liter','2025-03-04 12:58:42','2025-03-04 12:58:42',1,1),(49,'minute','min',0.0166667,2,39,'1 minute = 1/60 * hour','2025-03-04 12:58:42','2025-03-04 12:58:42',1,1),(50,'second','sec',0.000277778,2,39,'1 second = 1/3600 * hour','2025-03-04 12:58:42','2025-03-04 12:58:42',1,1),(51,'box','box',20,0,40,'1 box = 20 * piece','2025-03-04 12:58:42','2025-03-04 12:58:42',1,1),(52,'carton','ctn',100,0,40,'1 carton = 100 * piece','2025-03-04 12:58:42','2025-03-04 12:58:42',1,1),(53,'square kilometer','km²',1000000,2,41,'1 square kilometer = 1000000 * square meter','2025-03-04 12:58:42','2025-03-04 12:58:42',1,1),(54,'acre','ac',4046.86,2,41,'1 acre = 4046.86 * square meter','2025-03-04 12:58:42','2025-03-04 12:58:42',1,1),(61,'Dozen Boxes','dz box',12,0,51,'1 Dozen Boxes = 12 * box','2025-03-04 13:07:46','2025-03-04 13:07:46',1,1),(62,'Pallet','plt',50,0,51,'1 Pallet = 50 * box','2025-03-04 13:07:46','2025-03-04 13:07:46',1,1),(63,'Dozen Cartons','dz ctn',12,0,52,'1 Dozen Cartons = 12 * carton','2025-03-04 13:07:46','2025-03-04 13:07:46',1,1),(64,'Dozen','dz',12,0,40,'1 Dozen = 12 * piece','2025-03-04 13:07:46','2025-03-04 13:07:46',1,1),(65,'Gross','gr',144,0,40,'1 Gross = 144 * piece','2025-03-04 13:07:46','2025-03-04 13:07:46',1,1);
/*!40000 ALTER TABLE `uom` ENABLE KEYS */;
UNLOCK TABLES;

--
-- Current Database: `fin`
--

CREATE DATABASE /*!32312 IF NOT EXISTS*/ `fin` /*!40100 DEFAULT CHARACTER SET utf8mb4 COLLATE utf8mb4_0900_ai_ci */ /*!80016 DEFAULT ENCRYPTION='N' */;

USE `fin`;

--
-- Table structure for table `accounts`
--

DROP TABLE IF EXISTS `accounts`;
/*!40101 SET @saved_cs_client     = @@character_set_client */;
/*!50503 SET character_set_client = utf8mb4 */;
CREATE TABLE `accounts` (
  `account_id` int NOT NULL AUTO_INCREMENT,
  `account_number` varchar(50) NOT NULL,
  `account_name` varchar(255) NOT NULL,
  `account_category` varchar(255) DEFAULT NULL,
  `account_type` varchar(255) NOT NULL,
  `opening_balance` decimal(15,2) DEFAULT '0.00',
  `current_balance` decimal(15,2) DEFAULT '0.00',
  `currency_id` int NOT NULL,
  `bank_name` varchar(255) DEFAULT NULL,
  `branch_name` varchar(255) DEFAULT NULL,
  `account_holder_name` varchar(255) DEFAULT NULL,
  `contact_number` varchar(20) DEFAULT NULL,
  `email` varchar(255) DEFAULT NULL,
  `address` text,
  `is_active` tinyint(1) DEFAULT '1',
  `department_id` int DEFAULT NULL,
  `company_id` int DEFAULT NULL,
  `created_at` timestamp NULL DEFAULT CURRENT_TIMESTAMP,
  `updated_at` timestamp NULL DEFAULT CURRENT_TIMESTAMP ON UPDATE CURRENT_TIMESTAMP,
  `created_by` int DEFAULT NULL,
  `updated_by` int DEFAULT NULL,
  `default_account` tinyint(1) DEFAULT NULL,
  PRIMARY KEY (`account_id`),
  UNIQUE KEY `account_number` (`account_number`),
  UNIQUE KEY `unique_account_combination` (`company_id`,`department_id`,`account_category`,`account_type`,`default_account`,`currency_id`),
  KEY `department_id` (`department_id`),
  KEY `currency_id` (`currency_id`),
  CONSTRAINT `accounts_ibfk_1` FOREIGN KEY (`department_id`) REFERENCES `com`.`department` (`id`) ON DELETE SET NULL,
  CONSTRAINT `accounts_ibfk_2` FOREIGN KEY (`company_id`) REFERENCES `com`.`company` (`id`) ON DELETE SET NULL,
  CONSTRAINT `accounts_ibfk_3` FOREIGN KEY (`currency_id`) REFERENCES `com`.`currency` (`currency_id`)
) ENGINE=InnoDB AUTO_INCREMENT=8015 DEFAULT CHARSET=utf8mb4 COLLATE=utf8mb4_0900_ai_ci;
/*!40101 SET character_set_client = @saved_cs_client */;

--
-- Dumping data for table `accounts`
--

LOCK TABLES `accounts` WRITE;
/*!40000 ALTER TABLE `accounts` DISABLE KEYS */;
INSERT INTO `accounts` VALUES (8001,'3001--04032502468','Opera Product Sales-04032502468','Revenue','Sales',0.00,0.00,31,'','','',NULL,NULL,NULL,1,NULL,3001,'2025-03-04 13:56:18','2025-03-04 13:56:18',0,0,NULL),(8002,'3001--04032536607','Opera Service Sales-04032536607','Revenue','Sales',0.00,0.00,31,'','','',NULL,NULL,NULL,1,NULL,3001,'2025-03-04 13:56:45','2025-03-04 13:56:45',0,0,NULL),(8003,'3001--04032582154','Opera Raw Materials Purchases-04032582154','Expense','Inventory',0.00,0.00,31,'','','',NULL,NULL,NULL,1,NULL,3001,'2025-03-04 13:57:56','2025-03-04 13:57:56',0,0,NULL),(8004,'3001--04032548339','Opera Finished Goods Purchases-04032548339','Expense','Inventory',0.00,0.00,31,'','','',NULL,NULL,NULL,1,NULL,3001,'2025-03-04 13:58:17','2025-03-04 13:58:17',0,0,NULL),(8005,'3001--04032503025','Opera Office Supplies Purchases-04032503025','Expense','',0.00,0.00,31,'','','',NULL,NULL,NULL,1,NULL,3001,'2025-03-04 13:58:47','2025-03-04 13:58:47',0,0,NULL),(8006,'3001--04032558736','Opera Sales Tax Payable-04032558736','Liability','Tax Payable',0.00,0.00,31,'','','',NULL,NULL,NULL,1,NULL,3001,'2025-03-04 13:59:20','2025-03-04 13:59:20',0,0,NULL),(8007,'3001--04032505927',' Account Name	Account Category	Account Type Opera Sales Tax Payable	Liability	Tax Payable Opera VAT Payable-04032505927','Liability','Tax Payable',0.00,0.00,31,'','','',NULL,NULL,NULL,1,NULL,3001,'2025-03-04 13:59:48','2025-03-04 13:59:48',0,0,NULL),(8008,'3001--04032529044','Opera Depreciation Journal-04032529044','Expense','Utilities Expense',0.00,0.00,31,'','','',NULL,NULL,NULL,1,NULL,3001,'2025-03-04 14:02:28','2025-03-04 14:02:28',0,0,NULL),(8009,'3001--04032545337','Opera Advertising Expense-04032545337','Expense','Utilities Expense',0.00,0.00,31,'','','',NULL,NULL,NULL,1,NULL,3001,'2025-03-04 14:03:18','2025-03-04 14:03:18',0,0,NULL),(8010,'3001--04032570442','DEF Opera Product Sales-04032570442','Revenue','Sales',0.00,0.00,31,'','','',NULL,NULL,NULL,1,NULL,3001,'2025-03-04 14:04:15','2025-03-04 14:04:15',0,0,NULL),(8011,'3001--04032573075','DEFOpera Service Sales-04032573075','Revenue','Sales',0.00,0.00,31,'','','',NULL,NULL,NULL,1,NULL,3001,'2025-03-04 14:04:40','2025-03-04 14:04:40',0,0,NULL),(8012,'3001--04032555387','DEFOpera Finished Goods Purchases-04032555387','Expense','Utilities Expense',0.00,0.00,31,'','','',NULL,NULL,NULL,1,NULL,3001,'2025-03-04 14:05:15','2025-03-04 14:05:15',0,0,NULL),(8013,'3001--04032574840','DEFOpera Import Purchases-04032574840','Expense','Purchase',0.00,0.00,31,'','','',NULL,NULL,NULL,1,NULL,3001,'2025-03-04 14:05:40','2025-03-04 14:05:40',0,0,NULL),(8014,'3001--04032582238','DEFOpera VAT Payable-04032582238','Liability','Tax Payable',0.00,0.00,31,'','','',NULL,NULL,NULL,1,NULL,3001,'2025-03-04 14:06:10','2025-03-04 14:06:10',0,0,NULL);
/*!40000 ALTER TABLE `accounts` ENABLE KEYS */;
UNLOCK TABLES;

--
-- Table structure for table `default_account_headers`
--

DROP TABLE IF EXISTS `default_account_headers`;
/*!40101 SET @saved_cs_client     = @@character_set_client */;
/*!50503 SET character_set_client = utf8mb4 */;
CREATE TABLE `default_account_headers` (
  `header_id` int NOT NULL AUTO_INCREMENT,
  `header_name` varchar(255) NOT NULL,
  `created_at` timestamp NULL DEFAULT CURRENT_TIMESTAMP,
  `updated_at` timestamp NULL DEFAULT CURRENT_TIMESTAMP ON UPDATE CURRENT_TIMESTAMP,
  `created_by` int DEFAULT NULL,
  `updated_by` int DEFAULT NULL,
  PRIMARY KEY (`header_id`)
) ENGINE=InnoDB AUTO_INCREMENT=2001 DEFAULT CHARSET=utf8mb4 COLLATE=utf8mb4_0900_ai_ci;
/*!40101 SET character_set_client = @saved_cs_client */;

--
-- Dumping data for table `default_account_headers`
--

LOCK TABLES `default_account_headers` WRITE;
/*!40000 ALTER TABLE `default_account_headers` DISABLE KEYS */;
INSERT INTO `default_account_headers` VALUES (2000,'DEFACCHDR','2025-03-04 14:06:39','2025-03-04 14:06:39',0,0);
/*!40000 ALTER TABLE `default_account_headers` ENABLE KEYS */;
UNLOCK TABLES;

--
-- Table structure for table `default_accounts`
--

DROP TABLE IF EXISTS `default_accounts`;
/*!40101 SET @saved_cs_client     = @@character_set_client */;
/*!50503 SET character_set_client = utf8mb4 */;
CREATE TABLE `default_accounts` (
  `line_id` int NOT NULL AUTO_INCREMENT,
  `header_id` int NOT NULL,
  `account_id` int NOT NULL,
  `account_type` varchar(255) NOT NULL,
  `description` varchar(255) DEFAULT NULL,
  `created_at` timestamp NULL DEFAULT CURRENT_TIMESTAMP,
  `updated_at` timestamp NULL DEFAULT CURRENT_TIMESTAMP ON UPDATE CURRENT_TIMESTAMP,
  `created_by` int DEFAULT NULL,
  `updated_by` int DEFAULT NULL,
  PRIMARY KEY (`line_id`),
  UNIQUE KEY `unique_default_accounts` (`header_id`,`account_type`),
  KEY `account_id` (`account_id`),
  CONSTRAINT `default_accounts_ibfk_1` FOREIGN KEY (`header_id`) REFERENCES `default_account_headers` (`header_id`) ON DELETE CASCADE,
  CONSTRAINT `default_accounts_ibfk_2` FOREIGN KEY (`account_id`) REFERENCES `accounts` (`account_id`)
) ENGINE=InnoDB AUTO_INCREMENT=3006 DEFAULT CHARSET=utf8mb4 COLLATE=utf8mb4_0900_ai_ci;
/*!40101 SET character_set_client = @saved_cs_client */;

--
-- Dumping data for table `default_accounts`
--

LOCK TABLES `default_accounts` WRITE;
/*!40000 ALTER TABLE `default_accounts` DISABLE KEYS */;
INSERT INTO `default_accounts` VALUES (3002,2000,8013,'Purchase','DEFOpera Import Purchases-04032574840','2025-03-04 14:07:08','2025-03-04 14:07:08',0,0),(3003,2000,8014,'Tax Payable','DEFOpera VAT Payable-04032582238','2025-03-04 14:07:08','2025-03-04 14:07:08',0,0),(3004,2000,8010,'Sales','DEF Opera Product Sales-04032570442','2025-03-04 14:07:55','2025-03-04 14:07:55',0,0),(3005,2000,8012,'Utilities Expense','DEFOpera Finished Goods Purchases-04032555387','2025-03-04 14:08:37','2025-03-04 14:08:37',0,0);
/*!40000 ALTER TABLE `default_accounts` ENABLE KEYS */;
UNLOCK TABLES;

--
-- Table structure for table `journal_headers`
--

DROP TABLE IF EXISTS `journal_headers`;
/*!40101 SET @saved_cs_client     = @@character_set_client */;
/*!50503 SET character_set_client = utf8mb4 */;
CREATE TABLE `journal_headers` (
  `header_id` int NOT NULL AUTO_INCREMENT,
  `journal_number` int NOT NULL,
  `company_id` int NOT NULL,
  `department_id` int DEFAULT NULL,
  `journal_date` date NOT NULL,
  `journal_type` varchar(20) NOT NULL,
  `source_number` int DEFAULT NULL,
  `description` varchar(255) NOT NULL,
  `currency_id` int NOT NULL,
  `status` varchar(20) NOT NULL,
  `created_at` timestamp NULL DEFAULT CURRENT_TIMESTAMP,
  `updated_at` timestamp NULL DEFAULT CURRENT_TIMESTAMP ON UPDATE CURRENT_TIMESTAMP,
  `created_by` int DEFAULT NULL,
  `updated_by` int DEFAULT NULL,
  PRIMARY KEY (`header_id`),
  KEY `idx_company_id` (`company_id`),
  KEY `idx_department_id` (`department_id`),
  KEY `idx_currency_id` (`currency_id`),
  KEY `idx_journal_number` (`journal_number`),
  CONSTRAINT `journal_headers_ibfk_1` FOREIGN KEY (`company_id`) REFERENCES `com`.`company` (`id`) ON DELETE CASCADE,
  CONSTRAINT `journal_headers_ibfk_2` FOREIGN KEY (`department_id`) REFERENCES `com`.`department` (`id`) ON DELETE SET NULL,
  CONSTRAINT `journal_headers_ibfk_3` FOREIGN KEY (`currency_id`) REFERENCES `com`.`currency` (`currency_id`)
) ENGINE=InnoDB AUTO_INCREMENT=701 DEFAULT CHARSET=utf8mb4 COLLATE=utf8mb4_0900_ai_ci;
/*!40101 SET character_set_client = @saved_cs_client */;

--
-- Dumping data for table `journal_headers`
--

LOCK TABLES `journal_headers` WRITE;
/*!40000 ALTER TABLE `journal_headers` DISABLE KEYS */;
/*!40000 ALTER TABLE `journal_headers` ENABLE KEYS */;
UNLOCK TABLES;

--
-- Table structure for table `journal_lines`
--

DROP TABLE IF EXISTS `journal_lines`;
/*!40101 SET @saved_cs_client     = @@character_set_client */;
/*!50503 SET character_set_client = utf8mb4 */;
CREATE TABLE `journal_lines` (
  `line_id` int NOT NULL AUTO_INCREMENT,
  `line_number` int NOT NULL,
  `header_id` int NOT NULL,
  `account_id` int NOT NULL,
  `debit` decimal(15,2) DEFAULT '0.00',
  `credit` decimal(15,2) DEFAULT '0.00',
  `status` varchar(20) NOT NULL,
  `created_at` timestamp NULL DEFAULT CURRENT_TIMESTAMP,
  `updated_at` timestamp NULL DEFAULT CURRENT_TIMESTAMP ON UPDATE CURRENT_TIMESTAMP,
  `created_by` int DEFAULT NULL,
  `updated_by` int DEFAULT NULL,
  PRIMARY KEY (`line_id`),
  KEY `idx_header_id` (`header_id`),
  KEY `idx_account_id` (`account_id`),
  KEY `idx_line_number` (`line_number`),
  CONSTRAINT `journal_lines_ibfk_1` FOREIGN KEY (`header_id`) REFERENCES `journal_headers` (`header_id`) ON DELETE CASCADE,
  CONSTRAINT `journal_lines_ibfk_2` FOREIGN KEY (`account_id`) REFERENCES `accounts` (`account_id`)
) ENGINE=InnoDB AUTO_INCREMENT=7001 DEFAULT CHARSET=utf8mb4 COLLATE=utf8mb4_0900_ai_ci;
/*!40101 SET character_set_client = @saved_cs_client */;

--
-- Dumping data for table `journal_lines`
--

LOCK TABLES `journal_lines` WRITE;
/*!40000 ALTER TABLE `journal_lines` DISABLE KEYS */;
/*!40000 ALTER TABLE `journal_lines` ENABLE KEYS */;
UNLOCK TABLES;

--
-- Table structure for table `purchaseinvoice`
--

DROP TABLE IF EXISTS `purchaseinvoice`;
/*!40101 SET @saved_cs_client     = @@character_set_client */;
/*!50503 SET character_set_client = utf8mb4 */;
CREATE TABLE `purchaseinvoice` (
  `header_id` int NOT NULL AUTO_INCREMENT,
  `invoice_number` int NOT NULL,
  `partnerid` int NOT NULL,
  `invoicedate` date NOT NULL,
  `totalamount` decimal(10,2) NOT NULL,
  `status` varchar(50) NOT NULL,
  `payment_terms` varchar(50) DEFAULT NULL,
  `payment_duedate` date DEFAULT NULL,
  `tax_id` int DEFAULT NULL,
  `currency_id` int DEFAULT NULL,
  `department_id` int DEFAULT NULL,
  `company_id` int DEFAULT NULL,
  `transaction_source` varchar(50) DEFAULT NULL,
  `created_at` timestamp NULL DEFAULT CURRENT_TIMESTAMP,
  `updated_at` timestamp NULL DEFAULT CURRENT_TIMESTAMP ON UPDATE CURRENT_TIMESTAMP,
  `created_by` int DEFAULT NULL,
  `updated_by` int DEFAULT NULL,
  PRIMARY KEY (`header_id`),
  KEY `tax_id` (`tax_id`),
  KEY `partnerid` (`partnerid`),
  KEY `currency_id` (`currency_id`),
  KEY `department_id` (`department_id`),
  KEY `company_id` (`company_id`),
  CONSTRAINT `purchaseinvoice_ibfk_1` FOREIGN KEY (`tax_id`) REFERENCES `com`.`tax` (`tax_id`),
  CONSTRAINT `purchaseinvoice_ibfk_2` FOREIGN KEY (`partnerid`) REFERENCES `com`.`businesspartner` (`partnerid`),
  CONSTRAINT `purchaseinvoice_ibfk_3` FOREIGN KEY (`currency_id`) REFERENCES `com`.`currency` (`currency_id`),
  CONSTRAINT `purchaseinvoice_ibfk_4` FOREIGN KEY (`department_id`) REFERENCES `com`.`department` (`id`),
  CONSTRAINT `purchaseinvoice_ibfk_5` FOREIGN KEY (`company_id`) REFERENCES `com`.`company` (`id`)
) ENGINE=InnoDB AUTO_INCREMENT=2000 DEFAULT CHARSET=utf8mb4 COLLATE=utf8mb4_0900_ai_ci;
/*!40101 SET character_set_client = @saved_cs_client */;

--
-- Dumping data for table `purchaseinvoice`
--

LOCK TABLES `purchaseinvoice` WRITE;
/*!40000 ALTER TABLE `purchaseinvoice` DISABLE KEYS */;
/*!40000 ALTER TABLE `purchaseinvoice` ENABLE KEYS */;
UNLOCK TABLES;

--
-- Table structure for table `purchaseinvoiceaccounts`
--

DROP TABLE IF EXISTS `purchaseinvoiceaccounts`;
/*!40101 SET @saved_cs_client     = @@character_set_client */;
/*!50503 SET character_set_client = utf8mb4 */;
CREATE TABLE `purchaseinvoiceaccounts` (
  `line_id` int NOT NULL AUTO_INCREMENT,
  `line_number` varchar(50) NOT NULL,
  `header_id` int NOT NULL,
  `is_tax_line` tinyint(1) DEFAULT '0',
  `account_id` int NOT NULL,
  `debitamount` decimal(10,2) NOT NULL,
  `creditamount` decimal(10,2) NOT NULL,
  `created_at` timestamp NULL DEFAULT CURRENT_TIMESTAMP,
  `updated_at` timestamp NULL DEFAULT CURRENT_TIMESTAMP ON UPDATE CURRENT_TIMESTAMP,
  `created_by` int DEFAULT NULL,
  `updated_by` int DEFAULT NULL,
  PRIMARY KEY (`line_id`),
  UNIQUE KEY `unique_line` (`header_id`,`line_number`,`line_id`),
  KEY `account_id` (`account_id`),
  CONSTRAINT `purchaseinvoiceaccounts_ibfk_1` FOREIGN KEY (`header_id`) REFERENCES `purchaseinvoice` (`header_id`),
  CONSTRAINT `purchaseinvoiceaccounts_ibfk_2` FOREIGN KEY (`account_id`) REFERENCES `accounts` (`account_id`)
) ENGINE=InnoDB AUTO_INCREMENT=200 DEFAULT CHARSET=utf8mb4 COLLATE=utf8mb4_0900_ai_ci;
/*!40101 SET character_set_client = @saved_cs_client */;

--
-- Dumping data for table `purchaseinvoiceaccounts`
--

LOCK TABLES `purchaseinvoiceaccounts` WRITE;
/*!40000 ALTER TABLE `purchaseinvoiceaccounts` DISABLE KEYS */;
/*!40000 ALTER TABLE `purchaseinvoiceaccounts` ENABLE KEYS */;
UNLOCK TABLES;

--
-- Table structure for table `purchaseinvoicelines`
--

DROP TABLE IF EXISTS `purchaseinvoicelines`;
/*!40101 SET @saved_cs_client     = @@character_set_client */;
/*!50503 SET character_set_client = utf8mb4 */;
CREATE TABLE `purchaseinvoicelines` (
  `line_id` int NOT NULL AUTO_INCREMENT,
  `line_number` varchar(50) NOT NULL,
  `header_id` int NOT NULL,
  `item_id` int NOT NULL,
  `quantity` int NOT NULL,
  `unit_price` decimal(10,2) NOT NULL,
  `line_total` decimal(15,2) NOT NULL,
  `uom_id` int DEFAULT NULL,
  `created_at` timestamp NULL DEFAULT CURRENT_TIMESTAMP,
  `updated_at` timestamp NULL DEFAULT CURRENT_TIMESTAMP ON UPDATE CURRENT_TIMESTAMP,
  `created_by` int DEFAULT NULL,
  `updated_by` int DEFAULT NULL,
  PRIMARY KEY (`line_id`),
  UNIQUE KEY `line_number` (`line_number`,`header_id`),
  KEY `header_id` (`header_id`),
  KEY `item_id` (`item_id`),
  KEY `uom_id` (`uom_id`),
  CONSTRAINT `purchaseinvoicelines_ibfk_1` FOREIGN KEY (`header_id`) REFERENCES `purchaseinvoice` (`header_id`),
  CONSTRAINT `purchaseinvoicelines_ibfk_2` FOREIGN KEY (`item_id`) REFERENCES `com`.`items` (`item_id`),
  CONSTRAINT `purchaseinvoicelines_ibfk_3` FOREIGN KEY (`uom_id`) REFERENCES `com`.`uom` (`uom_id`)
) ENGINE=InnoDB AUTO_INCREMENT=1200 DEFAULT CHARSET=utf8mb4 COLLATE=utf8mb4_0900_ai_ci;
/*!40101 SET character_set_client = @saved_cs_client */;

--
-- Dumping data for table `purchaseinvoicelines`
--

LOCK TABLES `purchaseinvoicelines` WRITE;
/*!40000 ALTER TABLE `purchaseinvoicelines` DISABLE KEYS */;
/*!40000 ALTER TABLE `purchaseinvoicelines` ENABLE KEYS */;
UNLOCK TABLES;

--
-- Table structure for table `salesinvoice`
--

DROP TABLE IF EXISTS `salesinvoice`;
/*!40101 SET @saved_cs_client     = @@character_set_client */;
/*!50503 SET character_set_client = utf8mb4 */;
CREATE TABLE `salesinvoice` (
  `header_id` int NOT NULL AUTO_INCREMENT,
  `invoice_number` int NOT NULL,
  `partnerid` int NOT NULL,
  `invoicedate` date NOT NULL,
  `totalamount` decimal(10,2) NOT NULL,
  `status` varchar(50) NOT NULL,
  `payment_terms` varchar(50) DEFAULT NULL,
  `payment_duedate` date DEFAULT NULL,
  `tax_id` int DEFAULT NULL,
  `currency_id` int DEFAULT NULL,
  `department_id` int DEFAULT NULL,
  `company_id` int DEFAULT NULL,
  `transaction_source` varchar(50) DEFAULT NULL,
  `created_at` timestamp NULL DEFAULT CURRENT_TIMESTAMP,
  `updated_at` timestamp NULL DEFAULT CURRENT_TIMESTAMP ON UPDATE CURRENT_TIMESTAMP,
  `created_by` int DEFAULT NULL,
  `updated_by` int DEFAULT NULL,
  PRIMARY KEY (`header_id`),
  KEY `tax_id` (`tax_id`),
  KEY `partnerid` (`partnerid`),
  KEY `currency_id` (`currency_id`),
  KEY `department_id` (`department_id`),
  KEY `company_id` (`company_id`),
  CONSTRAINT `salesinvoice_ibfk_1` FOREIGN KEY (`tax_id`) REFERENCES `com`.`tax` (`tax_id`),
  CONSTRAINT `salesinvoice_ibfk_2` FOREIGN KEY (`partnerid`) REFERENCES `com`.`businesspartner` (`partnerid`),
  CONSTRAINT `salesinvoice_ibfk_3` FOREIGN KEY (`currency_id`) REFERENCES `com`.`currency` (`currency_id`),
  CONSTRAINT `salesinvoice_ibfk_4` FOREIGN KEY (`department_id`) REFERENCES `com`.`department` (`id`),
  CONSTRAINT `salesinvoice_ibfk_5` FOREIGN KEY (`company_id`) REFERENCES `com`.`company` (`id`)
) ENGINE=InnoDB AUTO_INCREMENT=8000 DEFAULT CHARSET=utf8mb4 COLLATE=utf8mb4_0900_ai_ci;
/*!40101 SET character_set_client = @saved_cs_client */;

--
-- Dumping data for table `salesinvoice`
--

LOCK TABLES `salesinvoice` WRITE;
/*!40000 ALTER TABLE `salesinvoice` DISABLE KEYS */;
/*!40000 ALTER TABLE `salesinvoice` ENABLE KEYS */;
UNLOCK TABLES;

--
-- Table structure for table `salesinvoiceaccounts`
--

DROP TABLE IF EXISTS `salesinvoiceaccounts`;
/*!40101 SET @saved_cs_client     = @@character_set_client */;
/*!50503 SET character_set_client = utf8mb4 */;
CREATE TABLE `salesinvoiceaccounts` (
  `line_id` int NOT NULL AUTO_INCREMENT,
  `line_number` varchar(50) NOT NULL,
  `header_id` int NOT NULL,
  `is_tax_line` tinyint(1) DEFAULT '0',
  `account_id` int NOT NULL,
  `debitamount` decimal(10,2) NOT NULL,
  `creditamount` decimal(10,2) NOT NULL,
  `created_at` timestamp NULL DEFAULT CURRENT_TIMESTAMP,
  `updated_at` timestamp NULL DEFAULT CURRENT_TIMESTAMP ON UPDATE CURRENT_TIMESTAMP,
  `created_by` int DEFAULT NULL,
  `updated_by` int DEFAULT NULL,
  PRIMARY KEY (`line_id`),
  UNIQUE KEY `unique_line` (`header_id`,`line_number`,`line_id`),
  UNIQUE KEY `line_number` (`line_number`,`header_id`),
  KEY `account_id` (`account_id`),
  CONSTRAINT `salesinvoiceaccounts_ibfk_1` FOREIGN KEY (`header_id`) REFERENCES `salesinvoice` (`header_id`),
  CONSTRAINT `salesinvoiceaccounts_ibfk_2` FOREIGN KEY (`account_id`) REFERENCES `accounts` (`account_id`)
) ENGINE=InnoDB AUTO_INCREMENT=909000 DEFAULT CHARSET=utf8mb4 COLLATE=utf8mb4_0900_ai_ci;
/*!40101 SET character_set_client = @saved_cs_client */;

--
-- Dumping data for table `salesinvoiceaccounts`
--

LOCK TABLES `salesinvoiceaccounts` WRITE;
/*!40000 ALTER TABLE `salesinvoiceaccounts` DISABLE KEYS */;
/*!40000 ALTER TABLE `salesinvoiceaccounts` ENABLE KEYS */;
UNLOCK TABLES;

--
-- Table structure for table `salesinvoicelines`
--

DROP TABLE IF EXISTS `salesinvoicelines`;
/*!40101 SET @saved_cs_client     = @@character_set_client */;
/*!50503 SET character_set_client = utf8mb4 */;
CREATE TABLE `salesinvoicelines` (
  `line_id` int NOT NULL AUTO_INCREMENT,
  `line_number` varchar(50) NOT NULL,
  `header_id` int NOT NULL,
  `item_id` int NOT NULL,
  `quantity` int NOT NULL,
  `unit_price` decimal(10,2) NOT NULL,
  `line_total` decimal(15,2) NOT NULL,
  `uom_id` int DEFAULT NULL,
  `created_at` timestamp NULL DEFAULT CURRENT_TIMESTAMP,
  `updated_at` timestamp NULL DEFAULT CURRENT_TIMESTAMP ON UPDATE CURRENT_TIMESTAMP,
  `created_by` int DEFAULT NULL,
  `updated_by` int DEFAULT NULL,
  PRIMARY KEY (`line_id`),
  UNIQUE KEY `line_number` (`line_number`,`header_id`),
  KEY `header_id` (`header_id`),
  KEY `item_id` (`item_id`),
  KEY `uom_id` (`uom_id`),
  CONSTRAINT `salesinvoicelines_ibfk_1` FOREIGN KEY (`header_id`) REFERENCES `salesinvoice` (`header_id`),
  CONSTRAINT `salesinvoicelines_ibfk_2` FOREIGN KEY (`item_id`) REFERENCES `com`.`items` (`item_id`),
  CONSTRAINT `salesinvoicelines_ibfk_3` FOREIGN KEY (`uom_id`) REFERENCES `com`.`uom` (`uom_id`)
) ENGINE=InnoDB AUTO_INCREMENT=808000 DEFAULT CHARSET=utf8mb4 COLLATE=utf8mb4_0900_ai_ci;
/*!40101 SET character_set_client = @saved_cs_client */;

--
-- Dumping data for table `salesinvoicelines`
--

LOCK TABLES `salesinvoicelines` WRITE;
/*!40000 ALTER TABLE `salesinvoicelines` DISABLE KEYS */;
/*!40000 ALTER TABLE `salesinvoicelines` ENABLE KEYS */;
UNLOCK TABLES;

--
-- Current Database: `inv`
--

CREATE DATABASE /*!32312 IF NOT EXISTS*/ `inv` /*!40100 DEFAULT CHARACTER SET utf8mb4 COLLATE utf8mb4_0900_ai_ci */ /*!80016 DEFAULT ENCRYPTION='N' */;

USE `inv`;

--
-- Table structure for table `aisles`
--

DROP TABLE IF EXISTS `aisles`;
/*!40101 SET @saved_cs_client     = @@character_set_client */;
/*!50503 SET character_set_client = utf8mb4 */;
CREATE TABLE `aisles` (
  `aisle_id` int NOT NULL AUTO_INCREMENT,
  `zone_id` int DEFAULT NULL,
  `aisle_name` varchar(50) NOT NULL,
  `description` text,
  `capacity` int DEFAULT NULL,
  `uom_id` int DEFAULT NULL,
  `created_at` timestamp NULL DEFAULT CURRENT_TIMESTAMP,
  `updated_at` timestamp NULL DEFAULT CURRENT_TIMESTAMP ON UPDATE CURRENT_TIMESTAMP,
  `created_by` int DEFAULT NULL,
  `updated_by` int DEFAULT NULL,
  PRIMARY KEY (`aisle_id`),
  KEY `zone_id` (`zone_id`),
  KEY `uom_id` (`uom_id`),
  CONSTRAINT `aisles_ibfk_1` FOREIGN KEY (`zone_id`) REFERENCES `zones` (`zone_id`) ON DELETE CASCADE,
  CONSTRAINT `aisles_ibfk_2` FOREIGN KEY (`uom_id`) REFERENCES `com`.`uom` (`uom_id`) ON DELETE SET NULL
) ENGINE=InnoDB AUTO_INCREMENT=60 DEFAULT CHARSET=utf8mb4 COLLATE=utf8mb4_0900_ai_ci;
/*!40101 SET character_set_client = @saved_cs_client */;

--
-- Dumping data for table `aisles`
--

LOCK TABLES `aisles` WRITE;
/*!40000 ALTER TABLE `aisles` DISABLE KEYS */;
INSERT INTO `aisles` VALUES (40,30,'Aisle A1','Aisle for storing high-demand raw materials.',800,NULL,'2025-03-04 14:42:44','2025-03-04 14:42:44',1,1),(41,30,'Aisle A2','Aisle for storing finished goods ready for dispatch.',700,NULL,'2025-03-04 14:42:44','2025-03-04 14:42:44',1,1),(42,31,'Aisle B1','Aisle for seasonal overflow items storage.',600,NULL,'2025-03-04 14:42:44','2025-03-04 14:42:44',1,1),(43,31,'Aisle B2','Aisle for excess stock during peak seasons.',500,NULL,'2025-03-04 14:42:44','2025-03-04 14:42:44',1,1),(44,32,'Aisle C1','Aisle for temporary storage during peak time.',700,NULL,'2025-03-04 14:42:44','2025-03-04 14:42:44',1,1),(45,32,'Aisle C2','Temporary storage area for incoming shipments.',600,NULL,'2025-03-04 14:42:44','2025-03-04 14:42:44',1,1),(46,33,'Aisle D1','Aisle for peak time storage of high-demand items.',800,NULL,'2025-03-04 14:42:44','2025-03-04 14:42:44',1,1),(47,33,'Aisle D2','Storage for items with high turnover during peak periods.',700,NULL,'2025-03-04 14:42:44','2025-03-04 14:42:44',1,1),(48,34,'Aisle E1','Receiving area for new goods arriving at the warehouse.',1000,NULL,'2025-03-04 14:42:44','2025-03-04 14:42:44',1,1),(49,34,'Aisle E2','Aisle for sorting incoming shipments from suppliers.',900,NULL,'2025-03-04 14:42:44','2025-03-04 14:42:44',1,1),(50,35,'Aisle F1','Sorting and packing area for outgoing shipments.',1200,NULL,'2025-03-04 14:42:44','2025-03-04 14:42:44',1,1),(51,35,'Aisle F2','Aisle for final checks and packaging before dispatch.',1100,NULL,'2025-03-04 14:42:44','2025-03-04 14:42:44',1,1),(52,36,'Aisle G1','Receiving area for goods from European suppliers.',1100,NULL,'2025-03-04 14:42:44','2025-03-04 14:42:44',1,1),(53,36,'Aisle G2','Aisle for sorting and inspecting European goods.',1000,NULL,'2025-03-04 14:42:44','2025-03-04 14:42:44',1,1),(54,37,'Aisle H1','Sorting zone for European goods.',1200,NULL,'2025-03-04 14:42:44','2025-03-04 14:42:44',1,1),(55,37,'Aisle H2','Aisle for packaging and dispatch of European orders.',1000,NULL,'2025-03-04 14:42:44','2025-03-04 14:42:44',1,1),(56,38,'Aisle I1','Receiving area for goods from the Asia Pacific region.',1300,NULL,'2025-03-04 14:42:44','2025-03-04 14:42:44',1,1),(57,38,'Aisle I2','Aisle for sorting incoming Asia Pacific shipments.',1200,NULL,'2025-03-04 14:42:44','2025-03-04 14:42:44',1,1),(58,39,'Aisle J1','Sorting and checking Asia Pacific goods.',1400,NULL,'2025-03-04 14:42:44','2025-03-04 14:42:44',1,1),(59,39,'Aisle J2','Final packing and dispatch area for Asia Pacific goods.',1300,NULL,'2025-03-04 14:42:44','2025-03-04 14:42:44',1,1);
/*!40000 ALTER TABLE `aisles` ENABLE KEYS */;
UNLOCK TABLES;

--
-- Table structure for table `bins`
--

DROP TABLE IF EXISTS `bins`;
/*!40101 SET @saved_cs_client     = @@character_set_client */;
/*!50503 SET character_set_client = utf8mb4 */;
CREATE TABLE `bins` (
  `bin_id` int NOT NULL AUTO_INCREMENT,
  `rack_id` int DEFAULT NULL,
  `bin_name` varchar(50) NOT NULL,
  `description` text,
  `capacity` int DEFAULT NULL,
  `uom_id` int DEFAULT NULL,
  `created_at` timestamp NULL DEFAULT CURRENT_TIMESTAMP,
  `updated_at` timestamp NULL DEFAULT CURRENT_TIMESTAMP ON UPDATE CURRENT_TIMESTAMP,
  `created_by` int DEFAULT NULL,
  `updated_by` int DEFAULT NULL,
  PRIMARY KEY (`bin_id`),
  KEY `rack_id` (`rack_id`),
  KEY `uom_id` (`uom_id`),
  CONSTRAINT `bins_ibfk_1` FOREIGN KEY (`rack_id`) REFERENCES `racks` (`rack_id`) ON DELETE CASCADE,
  CONSTRAINT `bins_ibfk_2` FOREIGN KEY (`uom_id`) REFERENCES `com`.`uom` (`uom_id`) ON DELETE SET NULL
) ENGINE=InnoDB AUTO_INCREMENT=110 DEFAULT CHARSET=utf8mb4 COLLATE=utf8mb4_0900_ai_ci;
/*!40101 SET character_set_client = @saved_cs_client */;

--
-- Dumping data for table `bins`
--

LOCK TABLES `bins` WRITE;
/*!40000 ALTER TABLE `bins` DISABLE KEYS */;
INSERT INTO `bins` VALUES (70,70,'Bin A1-1-1-1','Bin for storing high-demand raw materials in Rack A1-1-1.',50,NULL,'2025-03-04 14:49:51','2025-03-04 14:49:51',1,1),(71,71,'Bin A1-1-2-1','Bin for storing fast-moving raw materials in Rack A1-1-2.',60,NULL,'2025-03-04 14:49:51','2025-03-04 14:49:51',1,1),(72,72,'Bin A1-2-1-1','Bin for finished goods ready for dispatch in Rack A1-2-1.',70,NULL,'2025-03-04 14:49:51','2025-03-04 14:49:51',1,1),(73,73,'Bin A1-2-2-1','Bin for storing order-ready finished goods in Rack A1-2-2.',80,NULL,'2025-03-04 14:49:51','2025-03-04 14:49:51',1,1),(74,74,'Bin B1-1-1-1','Bin for seasonal overflow items in Rack B1-1-1.',90,NULL,'2025-03-04 14:49:51','2025-03-04 14:49:51',1,1),(75,75,'Bin B1-1-2-1','Bin for storing excess seasonal items in Rack B1-1-2.',100,NULL,'2025-03-04 14:49:51','2025-03-04 14:49:51',1,1),(76,76,'Bin B2-1-1-1','Bin for storing excess stock for peak season in Rack B2-1-1.',110,NULL,'2025-03-04 14:49:51','2025-03-04 14:49:51',1,1),(77,77,'Bin B2-1-2-1','Bin for temporary excess stock during peak periods in Rack B2-1-2.',120,NULL,'2025-03-04 14:49:51','2025-03-04 14:49:51',1,1),(78,78,'Bin C1-1-1-1','Bin for temporary storage of peak period items in Rack C1-1-1.',130,NULL,'2025-03-04 14:49:51','2025-03-04 14:49:51',1,1),(79,79,'Bin C1-1-2-1','Bin for overflow storage during peak season in Rack C1-1-2.',140,NULL,'2025-03-04 14:49:51','2025-03-04 14:49:51',1,1),(80,80,'Bin C2-1-1-1','Bin for storing incoming shipments during peak times in Rack C2-1-1.',150,NULL,'2025-03-04 14:49:51','2025-03-04 14:49:51',1,1),(81,81,'Bin C2-1-2-1','Bin for temporary storage of incoming goods in Rack C2-1-2.',160,NULL,'2025-03-04 14:49:51','2025-03-04 14:49:51',1,1),(82,82,'Bin D1-1-1-1','Bin for storing high-demand peak season items in Rack D1-1-1.',170,NULL,'2025-03-04 14:49:51','2025-03-04 14:49:51',1,1),(83,83,'Bin D1-1-2-1','Bin for storing peak season high-turnover items in Rack D1-1-2.',180,NULL,'2025-03-04 14:49:51','2025-03-04 14:49:51',1,1),(84,84,'Bin D2-1-1-1','Bin for storing high-turnover peak season items in Rack D2-1-1.',190,NULL,'2025-03-04 14:49:51','2025-03-04 14:49:51',1,1),(85,85,'Bin D2-1-2-1','Bin for overflow peak period storage in Rack D2-1-2.',200,NULL,'2025-03-04 14:49:51','2025-03-04 14:49:51',1,1),(86,86,'Bin E1-1-1-1','Bin for receiving newly arrived goods in Rack E1-1-1.',210,NULL,'2025-03-04 14:49:51','2025-03-04 14:49:51',1,1),(87,87,'Bin E1-1-2-1','Bin for storing goods received from suppliers in Rack E1-1-2.',220,NULL,'2025-03-04 14:49:51','2025-03-04 14:49:51',1,1),(88,88,'Bin E2-1-1-1','Bin for sorting and organizing incoming shipments in Rack E2-1-1.',230,NULL,'2025-03-04 14:49:51','2025-03-04 14:49:51',1,1),(89,89,'Bin E2-1-2-1','Bin for storing sorted goods waiting for processing in Rack E2-1-2.',240,NULL,'2025-03-04 14:49:51','2025-03-04 14:49:51',1,1),(90,90,'Bin F1-1-1-1','Bin for sorting outgoing shipments in Rack F1-1-1.',250,NULL,'2025-03-04 14:49:51','2025-03-04 14:49:51',1,1),(91,91,'Bin F1-1-2-1','Bin for packing outgoing orders in Rack F1-1-2.',260,NULL,'2025-03-04 14:49:51','2025-03-04 14:49:51',1,1),(92,92,'Bin F2-1-1-1','Bin for storing final packaged goods in Rack F2-1-1.',270,NULL,'2025-03-04 14:49:51','2025-03-04 14:49:51',1,1),(93,93,'Bin F2-1-2-1','Bin for final checks and packaging before dispatch in Rack F2-1-2.',280,NULL,'2025-03-04 14:49:51','2025-03-04 14:49:51',1,1),(94,94,'Bin G1-1-1-1','Bin for receiving goods from European suppliers in Rack G1-1-1.',290,NULL,'2025-03-04 14:49:51','2025-03-04 14:49:51',1,1),(95,95,'Bin G1-1-2-1','Bin for storing European supplier goods in Rack G1-1-2.',300,NULL,'2025-03-04 14:49:51','2025-03-04 14:49:51',1,1),(96,96,'Bin G2-1-1-1','Bin for sorting and inspecting European goods in Rack G2-1-1.',310,NULL,'2025-03-04 14:49:51','2025-03-04 14:49:51',1,1),(97,97,'Bin G2-1-2-1','Bin for storing European goods in processing stage in Rack G2-1-2.',320,NULL,'2025-03-04 14:49:51','2025-03-04 14:49:51',1,1),(98,98,'Bin H1-1-1-1','Bin for sorting European goods before dispatch in Rack H1-1-1.',330,NULL,'2025-03-04 14:49:51','2025-03-04 14:49:51',1,1),(99,99,'Bin H1-1-2-1','Bin for goods ready for shipment to Europe in Rack H1-1-2.',340,NULL,'2025-03-04 14:49:51','2025-03-04 14:49:51',1,1),(100,100,'Bin H2-1-1-1','Bin for packing and dispatch of European orders in Rack H2-1-1.',350,NULL,'2025-03-04 14:49:51','2025-03-04 14:49:51',1,1),(101,101,'Bin H2-1-2-1','Bin for final checks and packaging for European shipments in Rack H2-1-2.',360,NULL,'2025-03-04 14:49:51','2025-03-04 14:49:51',1,1),(102,102,'Bin I1-1-1-1','Bin for receiving goods from Asia Pacific region in Rack I1-1-1.',370,NULL,'2025-03-04 14:49:51','2025-03-04 14:49:51',1,1),(103,103,'Bin I1-1-2-1','Bin for storing Asia Pacific goods upon arrival in Rack I1-1-2.',380,NULL,'2025-03-04 14:49:51','2025-03-04 14:49:51',1,1),(104,104,'Bin I2-1-1-1','Bin for sorting Asia Pacific shipments in Rack I2-1-1.',390,NULL,'2025-03-04 14:49:51','2025-03-04 14:49:51',1,1),(105,105,'Bin I2-1-2-1','Bin for temporary storage of Asia Pacific goods in Rack I2-1-2.',400,NULL,'2025-03-04 14:49:51','2025-03-04 14:49:51',1,1),(106,106,'Bin J1-1-1-1','Bin for sorting and checking Asia Pacific goods in Rack J1-1-1.',410,NULL,'2025-03-04 14:49:51','2025-03-04 14:49:51',1,1),(107,107,'Bin J1-1-2-1','Bin for final quality checks before dispatch for Asia Pacific goods in Rack J1-1-2.',420,NULL,'2025-03-04 14:49:51','2025-03-04 14:49:51',1,1),(108,108,'Bin J2-1-1-1','Bin for packing and dispatch of Asia Pacific shipments in Rack J2-1-1.',430,NULL,'2025-03-04 14:49:51','2025-03-04 14:49:51',1,1),(109,109,'Bin J2-1-2-1','Bin for final packing and dispatch of Asia Pacific goods in Rack J2-1-2.',440,NULL,'2025-03-04 14:49:51','2025-03-04 14:49:51',1,1);
/*!40000 ALTER TABLE `bins` ENABLE KEYS */;
UNLOCK TABLES;

--
-- Table structure for table `inspection`
--

DROP TABLE IF EXISTS `inspection`;
/*!40101 SET @saved_cs_client     = @@character_set_client */;
/*!50503 SET character_set_client = utf8mb4 */;
CREATE TABLE `inspection` (
  `inspection_id` int NOT NULL AUTO_INCREMENT,
  `item_id` int DEFAULT NULL,
  `inspection_name` varchar(255) NOT NULL,
  `inspection_location_id` int DEFAULT NULL,
  `transaction_quantity` int DEFAULT NULL,
  `accepted_quantity` int DEFAULT NULL,
  `rejected_quantity` int DEFAULT NULL,
  `uom_id` int DEFAULT NULL,
  `status` varchar(50) DEFAULT NULL,
  `comments` text,
  `transaction_number` int DEFAULT NULL,
  `transaction_type` varchar(255) DEFAULT NULL,
  `transaction_header_number` int DEFAULT NULL,
  `accepted_qty_details` text,
  `rejected_qty_details` text,
  `created_at` timestamp NULL DEFAULT CURRENT_TIMESTAMP,
  `updated_at` timestamp NULL DEFAULT CURRENT_TIMESTAMP ON UPDATE CURRENT_TIMESTAMP,
  `created_by` int DEFAULT NULL,
  `updated_by` int DEFAULT NULL,
  PRIMARY KEY (`inspection_id`),
  KEY `inspection_location_id` (`inspection_location_id`),
  KEY `uom_id` (`uom_id`),
  KEY `item_id` (`item_id`),
  CONSTRAINT `inspection_ibfk_1` FOREIGN KEY (`inspection_location_id`) REFERENCES `locations` (`location_id`),
  CONSTRAINT `inspection_ibfk_2` FOREIGN KEY (`uom_id`) REFERENCES `com`.`uom` (`uom_id`),
  CONSTRAINT `inspection_ibfk_3` FOREIGN KEY (`item_id`) REFERENCES `com`.`items` (`item_id`)
) ENGINE=InnoDB AUTO_INCREMENT=4562 DEFAULT CHARSET=utf8mb4 COLLATE=utf8mb4_0900_ai_ci;
/*!40101 SET character_set_client = @saved_cs_client */;

--
-- Dumping data for table `inspection`
--

LOCK TABLES `inspection` WRITE;
/*!40000 ALTER TABLE `inspection` DISABLE KEYS */;
/*!40000 ALTER TABLE `inspection` ENABLE KEYS */;
UNLOCK TABLES;

--
-- Table structure for table `invrows`
--

DROP TABLE IF EXISTS `invrows`;
/*!40101 SET @saved_cs_client     = @@character_set_client */;
/*!50503 SET character_set_client = utf8mb4 */;
CREATE TABLE `invrows` (
  `row_id` int NOT NULL AUTO_INCREMENT,
  `aisle_id` int DEFAULT NULL,
  `row_name` varchar(50) NOT NULL,
  `description` text,
  `capacity` int DEFAULT NULL,
  `uom_id` int DEFAULT NULL,
  `created_at` timestamp NULL DEFAULT CURRENT_TIMESTAMP,
  `updated_at` timestamp NULL DEFAULT CURRENT_TIMESTAMP ON UPDATE CURRENT_TIMESTAMP,
  `created_by` int DEFAULT NULL,
  `updated_by` int DEFAULT NULL,
  PRIMARY KEY (`row_id`),
  KEY `aisle_id` (`aisle_id`),
  KEY `uom_id` (`uom_id`),
  CONSTRAINT `invrows_ibfk_1` FOREIGN KEY (`aisle_id`) REFERENCES `aisles` (`aisle_id`) ON DELETE CASCADE,
  CONSTRAINT `invrows_ibfk_2` FOREIGN KEY (`uom_id`) REFERENCES `com`.`uom` (`uom_id`) ON DELETE SET NULL
) ENGINE=InnoDB AUTO_INCREMENT=90 DEFAULT CHARSET=utf8mb4 COLLATE=utf8mb4_0900_ai_ci;
/*!40101 SET character_set_client = @saved_cs_client */;

--
-- Dumping data for table `invrows`
--

LOCK TABLES `invrows` WRITE;
/*!40000 ALTER TABLE `invrows` DISABLE KEYS */;
INSERT INTO `invrows` VALUES (50,40,'Row A1-1','High-demand raw materials storage area.',200,NULL,'2025-03-04 14:45:07','2025-03-04 14:45:07',1,1),(51,40,'Row A1-2','Storage for raw materials with fast turnover.',180,NULL,'2025-03-04 14:45:07','2025-03-04 14:45:07',1,1),(52,41,'Row A2-1','Finished goods ready for dispatch storage.',150,NULL,'2025-03-04 14:45:07','2025-03-04 14:45:07',1,1),(53,41,'Row A2-2','Storage for finished goods, order ready.',170,NULL,'2025-03-04 14:45:07','2025-03-04 14:45:07',1,1),(54,42,'Row B1-1','Overflow seasonal storage for products.',220,NULL,'2025-03-04 14:45:07','2025-03-04 14:45:07',1,1),(55,42,'Row B1-2','Overflow stock from seasonal items.',240,NULL,'2025-03-04 14:45:07','2025-03-04 14:45:07',1,1),(56,43,'Row B2-1','Excess stock storage for peak season.',200,NULL,'2025-03-04 14:45:07','2025-03-04 14:45:07',1,1),(57,43,'Row B2-2','Temporary excess stock for peak times.',220,NULL,'2025-03-04 14:45:07','2025-03-04 14:45:07',1,1),(58,44,'Row C1-1','Temporary storage for peak period items.',250,NULL,'2025-03-04 14:45:07','2025-03-04 14:45:07',1,1),(59,44,'Row C1-2','Temporary overflow storage during peak time.',230,NULL,'2025-03-04 14:45:07','2025-03-04 14:45:07',1,1),(60,45,'Row C2-1','Storage for incoming shipments in peak times.',260,NULL,'2025-03-04 14:45:07','2025-03-04 14:45:07',1,1),(61,45,'Row C2-2','Temporary storage for incoming goods.',270,NULL,'2025-03-04 14:45:07','2025-03-04 14:45:07',1,1),(62,46,'Row D1-1','Storage for high-demand peak season items.',300,NULL,'2025-03-04 14:45:07','2025-03-04 14:45:07',1,1),(63,46,'Row D1-2','Storage for peak season high-turnover items.',280,NULL,'2025-03-04 14:45:07','2025-03-04 14:45:07',1,1),(64,47,'Row D2-1','High turnover items during peak season storage.',250,NULL,'2025-03-04 14:45:07','2025-03-04 14:45:07',1,1),(65,47,'Row D2-2','Overflow items storage during peak periods.',270,NULL,'2025-03-04 14:45:07','2025-03-04 14:45:07',1,1),(66,48,'Row E1-1','Receiving area for newly arrived goods.',400,NULL,'2025-03-04 14:45:07','2025-03-04 14:45:07',1,1),(67,48,'Row E1-2','Storage for incoming goods from suppliers.',380,NULL,'2025-03-04 14:45:07','2025-03-04 14:45:07',1,1),(68,49,'Row E2-1','Sorting and organizing incoming shipments.',350,NULL,'2025-03-04 14:45:07','2025-03-04 14:45:07',1,1),(69,49,'Row E2-2','Storage for sorted goods from suppliers.',330,NULL,'2025-03-04 14:45:07','2025-03-04 14:45:07',1,1),(70,50,'Row F1-1','Storage for sorting outgoing shipments.',450,NULL,'2025-03-04 14:45:07','2025-03-04 14:45:07',1,1),(71,50,'Row F1-2','Packing area for outgoing orders.',470,NULL,'2025-03-04 14:45:07','2025-03-04 14:45:07',1,1),(72,51,'Row F2-1','Storage for final packaging before dispatch.',500,NULL,'2025-03-04 14:45:07','2025-03-04 14:45:07',1,1),(73,51,'Row F2-2','Final checks and packaging area for dispatch.',520,NULL,'2025-03-04 14:45:07','2025-03-04 14:45:07',1,1),(74,52,'Row G1-1','Receiving area for European supplier goods.',550,NULL,'2025-03-04 14:45:07','2025-03-04 14:45:07',1,1),(75,52,'Row G1-2','Storage for European supplier goods.',530,NULL,'2025-03-04 14:45:07','2025-03-04 14:45:07',1,1),(76,53,'Row G2-1','Sorting and inspection of European goods.',570,NULL,'2025-03-04 14:45:07','2025-03-04 14:45:07',1,1),(77,53,'Row G2-2','Storage for European goods in process.',590,NULL,'2025-03-04 14:45:07','2025-03-04 14:45:07',1,1),(78,54,'Row H1-1','Sorting zone for European goods before dispatch.',600,NULL,'2025-03-04 14:45:07','2025-03-04 14:45:07',1,1),(79,54,'Row H1-2','Storage for goods sorted for shipment to Europe.',620,NULL,'2025-03-04 14:45:07','2025-03-04 14:45:07',1,1),(80,55,'Row H2-1','Packing and dispatch area for European orders.',650,NULL,'2025-03-04 14:45:07','2025-03-04 14:45:07',1,1),(81,55,'Row H2-2','Final checks and packaging for European shipments.',670,NULL,'2025-03-04 14:45:07','2025-03-04 14:45:07',1,1),(82,56,'Row I1-1','Receiving zone for Asia Pacific goods.',700,NULL,'2025-03-04 14:45:07','2025-03-04 14:45:07',1,1),(83,56,'Row I1-2','Storage for incoming goods from Asia Pacific suppliers.',720,NULL,'2025-03-04 14:45:07','2025-03-04 14:45:07',1,1),(84,57,'Row I2-1','Storage for sorting Asia Pacific shipments.',740,NULL,'2025-03-04 14:45:07','2025-03-04 14:45:07',1,1),(85,57,'Row I2-2','Temporary storage for Asia Pacific goods.',760,NULL,'2025-03-04 14:45:07','2025-03-04 14:45:07',1,1),(86,58,'Row J1-1','Sorting and checking Asia Pacific goods.',800,NULL,'2025-03-04 14:45:07','2025-03-04 14:45:07',1,1),(87,58,'Row J1-2','Final quality checks before dispatch for Asia Pacific.',820,NULL,'2025-03-04 14:45:07','2025-03-04 14:45:07',1,1),(88,59,'Row J2-1','Packing and dispatch area for Asia Pacific shipments.',850,NULL,'2025-03-04 14:45:07','2025-03-04 14:45:07',1,1),(89,59,'Row J2-2','Storage for final packing and dispatch for Asia Pacific.',870,NULL,'2025-03-04 14:45:07','2025-03-04 14:45:07',1,1);
/*!40000 ALTER TABLE `invrows` ENABLE KEYS */;
UNLOCK TABLES;

--
-- Table structure for table `item_inventory`
--

DROP TABLE IF EXISTS `item_inventory`;
/*!40101 SET @saved_cs_client     = @@character_set_client */;
/*!50503 SET character_set_client = utf8mb4 */;
CREATE TABLE `item_inventory` (
  `inventory_id` int NOT NULL AUTO_INCREMENT,
  `transaction_id` int NOT NULL,
  `transaction_type` varchar(255) NOT NULL,
  `item_id` int NOT NULL,
  `uom_id` int NOT NULL,
  `quantity` int DEFAULT NULL,
  `bin_id` int DEFAULT NULL,
  `rack_id` int DEFAULT NULL,
  `row_id` int DEFAULT NULL,
  `aisle_id` int DEFAULT NULL,
  `zone_id` int DEFAULT NULL,
  `location_id` int DEFAULT NULL,
  `warehouse_id` int DEFAULT NULL,
  `status` enum('Yes','No') DEFAULT NULL,
  `subject` varchar(255) DEFAULT NULL,
  `additional_info` longtext,
  `created_at` timestamp NULL DEFAULT CURRENT_TIMESTAMP,
  `updated_at` timestamp NULL DEFAULT CURRENT_TIMESTAMP ON UPDATE CURRENT_TIMESTAMP,
  `created_by` int DEFAULT NULL,
  `updated_by` int DEFAULT NULL,
  PRIMARY KEY (`inventory_id`),
  UNIQUE KEY `unique_combination` (`transaction_id`,`transaction_type`,`item_id`,`uom_id`,`bin_id`,`rack_id`,`row_id`,`aisle_id`,`zone_id`,`location_id`,`warehouse_id`),
  KEY `item_id` (`item_id`),
  KEY `uom_id` (`uom_id`),
  KEY `bin_id` (`bin_id`),
  KEY `rack_id` (`rack_id`),
  KEY `row_id` (`row_id`),
  KEY `aisle_id` (`aisle_id`),
  KEY `zone_id` (`zone_id`),
  KEY `location_id` (`location_id`),
  KEY `warehouse_id` (`warehouse_id`),
  CONSTRAINT `item_inventory_ibfk_1` FOREIGN KEY (`item_id`) REFERENCES `com`.`items` (`item_id`),
  CONSTRAINT `item_inventory_ibfk_2` FOREIGN KEY (`uom_id`) REFERENCES `com`.`uom` (`uom_id`),
  CONSTRAINT `item_inventory_ibfk_3` FOREIGN KEY (`bin_id`) REFERENCES `bins` (`bin_id`),
  CONSTRAINT `item_inventory_ibfk_4` FOREIGN KEY (`rack_id`) REFERENCES `racks` (`rack_id`),
  CONSTRAINT `item_inventory_ibfk_5` FOREIGN KEY (`row_id`) REFERENCES `invrows` (`row_id`),
  CONSTRAINT `item_inventory_ibfk_6` FOREIGN KEY (`aisle_id`) REFERENCES `aisles` (`aisle_id`),
  CONSTRAINT `item_inventory_ibfk_7` FOREIGN KEY (`zone_id`) REFERENCES `zones` (`zone_id`),
  CONSTRAINT `item_inventory_ibfk_8` FOREIGN KEY (`location_id`) REFERENCES `locations` (`location_id`),
  CONSTRAINT `item_inventory_ibfk_9` FOREIGN KEY (`warehouse_id`) REFERENCES `warehouses` (`warehouse_id`)
) ENGINE=InnoDB AUTO_INCREMENT=1111 DEFAULT CHARSET=utf8mb4 COLLATE=utf8mb4_0900_ai_ci;
/*!40101 SET character_set_client = @saved_cs_client */;

--
-- Dumping data for table `item_inventory`
--

LOCK TABLES `item_inventory` WRITE;
/*!40000 ALTER TABLE `item_inventory` DISABLE KEYS */;
/*!40000 ALTER TABLE `item_inventory` ENABLE KEYS */;
UNLOCK TABLES;

--
-- Table structure for table `locations`
--

DROP TABLE IF EXISTS `locations`;
/*!40101 SET @saved_cs_client     = @@character_set_client */;
/*!50503 SET character_set_client = utf8mb4 */;
CREATE TABLE `locations` (
  `location_id` int NOT NULL AUTO_INCREMENT,
  `location_name` varchar(255) NOT NULL,
  `location_type` varchar(255) NOT NULL,
  `description` text,
  `capacity` int DEFAULT NULL,
  `uom_id` int DEFAULT NULL,
  `temperature_controlled` varchar(255) DEFAULT NULL,
  `security_level` varchar(255) DEFAULT NULL,
  `warehouse_id` int DEFAULT NULL,
  `created_at` timestamp NULL DEFAULT CURRENT_TIMESTAMP,
  `updated_at` timestamp NULL DEFAULT CURRENT_TIMESTAMP ON UPDATE CURRENT_TIMESTAMP,
  `created_by` int DEFAULT NULL,
  `updated_by` int DEFAULT NULL,
  PRIMARY KEY (`location_id`),
  KEY `warehouse_id` (`warehouse_id`),
  KEY `uom_id` (`uom_id`),
  CONSTRAINT `locations_ibfk_1` FOREIGN KEY (`warehouse_id`) REFERENCES `warehouses` (`warehouse_id`) ON DELETE CASCADE,
  CONSTRAINT `locations_ibfk_2` FOREIGN KEY (`uom_id`) REFERENCES `com`.`uom` (`uom_id`) ON DELETE SET NULL
) ENGINE=InnoDB AUTO_INCREMENT=25 DEFAULT CHARSET=utf8mb4 COLLATE=utf8mb4_0900_ai_ci;
/*!40101 SET character_set_client = @saved_cs_client */;

--
-- Dumping data for table `locations`
--

LOCK TABLES `locations` WRITE;
/*!40000 ALTER TABLE `locations` DISABLE KEYS */;
INSERT INTO `locations` VALUES (20,'Central Storage Area','Store','Main storage area for finished goods and raw materials.',5000,NULL,'Normal','High',15,'2025-03-04 14:34:21','2025-03-04 14:34:21',1,1),(21,'Overflow Storage','Store','Secondary storage area for overflow and seasonal items.',4000,NULL,'Normal','Med',16,'2025-03-04 14:34:21','2025-03-04 14:34:21',1,1),(22,'East Coast Distribution Center','Distribution Center','Primary distribution center for East Coast deliveries.',8000,NULL,'Normal','High',17,'2025-03-04 14:34:21','2025-03-04 14:34:21',1,1),(23,'European Hub','Distribution Center','Warehouse for handling all European shipments and distribution.',10000,NULL,'Normal','Low',18,'2025-03-04 14:34:21','2025-03-04 14:34:21',1,1),(24,'Asia Pacific Hub','Distribution Center','Storage and distribution center for Asia Pacific region.',12000,NULL,'Yes','High',19,'2025-03-04 14:34:21','2025-03-04 14:34:21',1,1);
/*!40000 ALTER TABLE `locations` ENABLE KEYS */;
UNLOCK TABLES;

--
-- Table structure for table `pick_and_ship_stage`
--

DROP TABLE IF EXISTS `pick_and_ship_stage`;
/*!40101 SET @saved_cs_client     = @@character_set_client */;
/*!50503 SET character_set_client = utf8mb4 */;
CREATE TABLE `pick_and_ship_stage` (
  `pick_id` int NOT NULL AUTO_INCREMENT,
  `execution_id` varchar(50) NOT NULL,
  `order_id` int NOT NULL,
  `line_id` int NOT NULL,
  `item_id` int NOT NULL,
  `inventory_id` int NOT NULL,
  `picked_quantity` int NOT NULL,
  `pick_date` date NOT NULL,
  `picker_id` int NOT NULL,
  `shipping_location_id` int DEFAULT NULL,
  `status` varchar(50) NOT NULL,
  `shipping_method` varchar(50) DEFAULT NULL,
  `destination` varchar(255) DEFAULT NULL,
  PRIMARY KEY (`pick_id`),
  KEY `order_id` (`order_id`),
  KEY `execution_id` (`execution_id`),
  KEY `item_id` (`item_id`),
  KEY `inventory_id` (`inventory_id`),
  KEY `picker_id` (`picker_id`),
  KEY `shipping_location_id` (`shipping_location_id`),
  CONSTRAINT `pick_and_ship_stage_ibfk_1` FOREIGN KEY (`order_id`) REFERENCES `sal`.`sales_order_headers` (`header_id`),
  CONSTRAINT `pick_and_ship_stage_ibfk_2` FOREIGN KEY (`execution_id`) REFERENCES `sal`.`pick_release_log` (`execution_id`),
  CONSTRAINT `pick_and_ship_stage_ibfk_3` FOREIGN KEY (`item_id`) REFERENCES `com`.`items` (`item_id`),
  CONSTRAINT `pick_and_ship_stage_ibfk_4` FOREIGN KEY (`inventory_id`) REFERENCES `item_inventory` (`inventory_id`),
  CONSTRAINT `pick_and_ship_stage_ibfk_5` FOREIGN KEY (`picker_id`) REFERENCES `com`.`employee` (`empid`),
  CONSTRAINT `pick_and_ship_stage_ibfk_6` FOREIGN KEY (`shipping_location_id`) REFERENCES `item_inventory` (`inventory_id`)
) ENGINE=InnoDB AUTO_INCREMENT=100 DEFAULT CHARSET=utf8mb4 COLLATE=utf8mb4_0900_ai_ci;
/*!40101 SET character_set_client = @saved_cs_client */;

--
-- Dumping data for table `pick_and_ship_stage`
--

LOCK TABLES `pick_and_ship_stage` WRITE;
/*!40000 ALTER TABLE `pick_and_ship_stage` DISABLE KEYS */;
/*!40000 ALTER TABLE `pick_and_ship_stage` ENABLE KEYS */;
UNLOCK TABLES;

--
-- Table structure for table `racks`
--

DROP TABLE IF EXISTS `racks`;
/*!40101 SET @saved_cs_client     = @@character_set_client */;
/*!50503 SET character_set_client = utf8mb4 */;
CREATE TABLE `racks` (
  `rack_id` int NOT NULL AUTO_INCREMENT,
  `row_id` int DEFAULT NULL,
  `rack_name` varchar(50) NOT NULL,
  `description` text,
  `capacity` int DEFAULT NULL,
  `uom_id` int DEFAULT NULL,
  `created_at` timestamp NULL DEFAULT CURRENT_TIMESTAMP,
  `updated_at` timestamp NULL DEFAULT CURRENT_TIMESTAMP ON UPDATE CURRENT_TIMESTAMP,
  `created_by` int DEFAULT NULL,
  `updated_by` int DEFAULT NULL,
  PRIMARY KEY (`rack_id`),
  KEY `row_id` (`row_id`),
  KEY `uom_id` (`uom_id`),
  CONSTRAINT `racks_ibfk_1` FOREIGN KEY (`row_id`) REFERENCES `invrows` (`row_id`) ON DELETE CASCADE,
  CONSTRAINT `racks_ibfk_2` FOREIGN KEY (`uom_id`) REFERENCES `com`.`uom` (`uom_id`) ON DELETE SET NULL
) ENGINE=InnoDB AUTO_INCREMENT=110 DEFAULT CHARSET=utf8mb4 COLLATE=utf8mb4_0900_ai_ci;
/*!40101 SET character_set_client = @saved_cs_client */;

--
-- Dumping data for table `racks`
--

LOCK TABLES `racks` WRITE;
/*!40000 ALTER TABLE `racks` DISABLE KEYS */;
INSERT INTO `racks` VALUES (70,50,'Rack A1-1-1','Rack for storing high-demand raw materials.',100,NULL,'2025-03-04 14:47:41','2025-03-04 14:47:41',1,1),(71,50,'Rack A1-1-2','Rack for storing fast-moving raw materials in Aisle A1.',120,NULL,'2025-03-04 14:47:41','2025-03-04 14:47:41',1,1),(72,51,'Rack A1-2-1','Rack for finished goods ready for dispatch.',150,NULL,'2025-03-04 14:47:41','2025-03-04 14:47:41',1,1),(73,51,'Rack A1-2-2','Rack for storing order-ready finished goods in Aisle A2.',170,NULL,'2025-03-04 14:47:41','2025-03-04 14:47:41',1,1),(74,52,'Rack B1-1-1','Rack for storing seasonal overflow items.',180,NULL,'2025-03-04 14:47:41','2025-03-04 14:47:41',1,1),(75,52,'Rack B1-1-2','Rack for excess seasonal items storage.',190,NULL,'2025-03-04 14:47:41','2025-03-04 14:47:41',1,1),(76,53,'Rack B2-1-1','Rack for storing excess stock for peak season.',200,NULL,'2025-03-04 14:47:41','2025-03-04 14:47:41',1,1),(77,53,'Rack B2-1-2','Rack for temporary excess stock during peak periods.',210,NULL,'2025-03-04 14:47:41','2025-03-04 14:47:41',1,1),(78,54,'Rack C1-1-1','Rack for temporary storage of peak period items.',220,NULL,'2025-03-04 14:47:41','2025-03-04 14:47:41',1,1),(79,54,'Rack C1-1-2','Rack for overflow storage during peak season.',230,NULL,'2025-03-04 14:47:41','2025-03-04 14:47:41',1,1),(80,55,'Rack C2-1-1','Rack for storing incoming shipments during peak times.',240,NULL,'2025-03-04 14:47:41','2025-03-04 14:47:41',1,1),(81,55,'Rack C2-1-2','Temporary storage rack for incoming goods.',260,NULL,'2025-03-04 14:47:41','2025-03-04 14:47:41',1,1),(82,56,'Rack D1-1-1','Rack for storing high-demand peak season items.',270,NULL,'2025-03-04 14:47:41','2025-03-04 14:47:41',1,1),(83,56,'Rack D1-1-2','Rack for storing peak season high-turnover items.',280,NULL,'2025-03-04 14:47:41','2025-03-04 14:47:41',1,1),(84,57,'Rack D2-1-1','Rack for storing high-turnover peak season items.',290,NULL,'2025-03-04 14:47:41','2025-03-04 14:47:41',1,1),(85,57,'Rack D2-1-2','Overflow rack for peak period storage.',300,NULL,'2025-03-04 14:47:41','2025-03-04 14:47:41',1,1),(86,58,'Rack E1-1-1','Rack for receiving newly arrived goods.',320,NULL,'2025-03-04 14:47:41','2025-03-04 14:47:41',1,1),(87,58,'Rack E1-1-2','Rack for storing goods received from suppliers.',330,NULL,'2025-03-04 14:47:41','2025-03-04 14:47:41',1,1),(88,59,'Rack E2-1-1','Rack for sorting and organizing incoming shipments.',340,NULL,'2025-03-04 14:47:41','2025-03-04 14:47:41',1,1),(89,59,'Rack E2-1-2','Rack for sorted goods waiting for processing.',350,NULL,'2025-03-04 14:47:41','2025-03-04 14:47:41',1,1),(90,60,'Rack F1-1-1','Rack for sorting outgoing shipments.',360,NULL,'2025-03-04 14:47:41','2025-03-04 14:47:41',1,1),(91,60,'Rack F1-1-2','Packing rack for outgoing orders ready for dispatch.',380,NULL,'2025-03-04 14:47:41','2025-03-04 14:47:41',1,1),(92,61,'Rack F2-1-1','Rack for storing final packaged goods.',400,NULL,'2025-03-04 14:47:41','2025-03-04 14:47:41',1,1),(93,61,'Rack F2-1-2','Rack for final checks and packaging before dispatch.',420,NULL,'2025-03-04 14:47:41','2025-03-04 14:47:41',1,1),(94,62,'Rack G1-1-1','Rack for receiving goods from European suppliers.',450,NULL,'2025-03-04 14:47:41','2025-03-04 14:47:41',1,1),(95,62,'Rack G1-1-2','Rack for storing European supplier goods.',470,NULL,'2025-03-04 14:47:41','2025-03-04 14:47:41',1,1),(96,63,'Rack G2-1-1','Rack for sorting and inspecting European goods.',490,NULL,'2025-03-04 14:47:41','2025-03-04 14:47:41',1,1),(97,63,'Rack G2-1-2','Rack for storing European goods in processing stage.',510,NULL,'2025-03-04 14:47:41','2025-03-04 14:47:41',1,1),(98,64,'Rack H1-1-1','Rack for sorting European goods before dispatch.',530,NULL,'2025-03-04 14:47:41','2025-03-04 14:47:41',1,1),(99,64,'Rack H1-1-2','Rack for goods ready for shipment to Europe.',550,NULL,'2025-03-04 14:47:41','2025-03-04 14:47:41',1,1),(100,65,'Rack H2-1-1','Rack for packing and dispatch of European orders.',570,NULL,'2025-03-04 14:47:41','2025-03-04 14:47:41',1,1),(101,65,'Rack H2-1-2','Rack for final checks and packaging for European shipments.',590,NULL,'2025-03-04 14:47:41','2025-03-04 14:47:41',1,1),(102,66,'Rack I1-1-1','Rack for receiving goods from Asia Pacific region.',610,NULL,'2025-03-04 14:47:41','2025-03-04 14:47:41',1,1),(103,66,'Rack I1-1-2','Rack for storing Asia Pacific goods upon arrival.',630,NULL,'2025-03-04 14:47:41','2025-03-04 14:47:41',1,1),(104,67,'Rack I2-1-1','Rack for sorting Asia Pacific shipments.',650,NULL,'2025-03-04 14:47:41','2025-03-04 14:47:41',1,1),(105,67,'Rack I2-1-2','Temporary storage rack for Asia Pacific goods.',670,NULL,'2025-03-04 14:47:41','2025-03-04 14:47:41',1,1),(106,68,'Rack J1-1-1','Rack for sorting and checking Asia Pacific goods.',690,NULL,'2025-03-04 14:47:41','2025-03-04 14:47:41',1,1),(107,68,'Rack J1-1-2','Rack for final quality checks before dispatch for Asia Pacific goods.',710,NULL,'2025-03-04 14:47:41','2025-03-04 14:47:41',1,1),(108,69,'Rack J2-1-1','Rack for packing and dispatch of Asia Pacific shipments.',730,NULL,'2025-03-04 14:47:41','2025-03-04 14:47:41',1,1),(109,69,'Rack J2-1-2','Rack for final packing and dispatch of Asia Pacific goods.',750,NULL,'2025-03-04 14:47:41','2025-03-04 14:47:41',1,1);
/*!40000 ALTER TABLE `racks` ENABLE KEYS */;
UNLOCK TABLES;

--
-- Table structure for table `receipts`
--

DROP TABLE IF EXISTS `receipts`;
/*!40101 SET @saved_cs_client     = @@character_set_client */;
/*!50503 SET character_set_client = utf8mb4 */;
CREATE TABLE `receipts` (
  `receipt_id` int NOT NULL AUTO_INCREMENT,
  `transaction_number` int DEFAULT NULL,
  `transaction_header_number` int DEFAULT NULL,
  `item_id` int DEFAULT NULL,
  `receipt_name` varchar(255) NOT NULL,
  `receiving_location_id` int DEFAULT NULL,
  `quantity` int DEFAULT NULL,
  `uom_id` int DEFAULT NULL,
  `comments` text,
  `inspect` tinyint(1) DEFAULT NULL,
  `accepted_qty` int DEFAULT NULL,
  `rejected_qty` int DEFAULT NULL,
  `inspection_id` int DEFAULT NULL,
  `inspection_location_id` int DEFAULT NULL,
  `status` varchar(255) DEFAULT NULL,
  `created_at` timestamp NULL DEFAULT CURRENT_TIMESTAMP,
  `updated_at` timestamp NULL DEFAULT CURRENT_TIMESTAMP ON UPDATE CURRENT_TIMESTAMP,
  `created_by` int DEFAULT NULL,
  `updated_by` int DEFAULT NULL,
  PRIMARY KEY (`receipt_id`),
  KEY `receiving_location_id` (`receiving_location_id`),
  KEY `uom_id` (`uom_id`),
  KEY `item_id` (`item_id`),
  KEY `inspection_id` (`inspection_id`),
  KEY `inspection_location_id` (`inspection_location_id`),
  CONSTRAINT `receipts_ibfk_1` FOREIGN KEY (`receiving_location_id`) REFERENCES `locations` (`location_id`),
  CONSTRAINT `receipts_ibfk_2` FOREIGN KEY (`uom_id`) REFERENCES `com`.`uom` (`uom_id`),
  CONSTRAINT `receipts_ibfk_3` FOREIGN KEY (`item_id`) REFERENCES `com`.`items` (`item_id`),
  CONSTRAINT `receipts_ibfk_4` FOREIGN KEY (`inspection_id`) REFERENCES `inspection` (`inspection_id`) ON DELETE SET NULL,
  CONSTRAINT `receipts_ibfk_5` FOREIGN KEY (`inspection_location_id`) REFERENCES `locations` (`location_id`)
) ENGINE=InnoDB AUTO_INCREMENT=1024 DEFAULT CHARSET=utf8mb4 COLLATE=utf8mb4_0900_ai_ci;
/*!40101 SET character_set_client = @saved_cs_client */;

--
-- Dumping data for table `receipts`
--

LOCK TABLES `receipts` WRITE;
/*!40000 ALTER TABLE `receipts` DISABLE KEYS */;
/*!40000 ALTER TABLE `receipts` ENABLE KEYS */;
UNLOCK TABLES;

--
-- Table structure for table `shipments`
--

DROP TABLE IF EXISTS `shipments`;
/*!40101 SET @saved_cs_client     = @@character_set_client */;
/*!50503 SET character_set_client = utf8mb4 */;
CREATE TABLE `shipments` (
  `shipment_id` int NOT NULL AUTO_INCREMENT,
  `item_id` int DEFAULT NULL,
  `shipment_name` varchar(255) NOT NULL,
  `staging_location_id` int DEFAULT NULL,
  `quantity` int DEFAULT NULL,
  `uom_id` int DEFAULT NULL,
  `comments` text,
  `inspect` tinyint(1) DEFAULT NULL,
  `transaction_number` int DEFAULT NULL,
  `status` varchar(255) DEFAULT 'Pending',
  `created_at` timestamp NULL DEFAULT CURRENT_TIMESTAMP,
  `updated_at` timestamp NULL DEFAULT CURRENT_TIMESTAMP ON UPDATE CURRENT_TIMESTAMP,
  `created_by` int DEFAULT NULL,
  `updated_by` int DEFAULT NULL,
  PRIMARY KEY (`shipment_id`),
  KEY `staging_location_id` (`staging_location_id`),
  KEY `uom_id` (`uom_id`),
  KEY `item_id` (`item_id`),
  CONSTRAINT `shipments_ibfk_1` FOREIGN KEY (`staging_location_id`) REFERENCES `locations` (`location_id`),
  CONSTRAINT `shipments_ibfk_2` FOREIGN KEY (`uom_id`) REFERENCES `com`.`uom` (`uom_id`),
  CONSTRAINT `shipments_ibfk_3` FOREIGN KEY (`item_id`) REFERENCES `com`.`items` (`item_id`)
) ENGINE=InnoDB AUTO_INCREMENT=2212 DEFAULT CHARSET=utf8mb4 COLLATE=utf8mb4_0900_ai_ci;
/*!40101 SET character_set_client = @saved_cs_client */;

--
-- Dumping data for table `shipments`
--

LOCK TABLES `shipments` WRITE;
/*!40000 ALTER TABLE `shipments` DISABLE KEYS */;
/*!40000 ALTER TABLE `shipments` ENABLE KEYS */;
UNLOCK TABLES;

--
-- Table structure for table `warehouses`
--

DROP TABLE IF EXISTS `warehouses`;
/*!40101 SET @saved_cs_client     = @@character_set_client */;
/*!50503 SET character_set_client = utf8mb4 */;
CREATE TABLE `warehouses` (
  `warehouse_id` int NOT NULL AUTO_INCREMENT,
  `warehouse_name` varchar(255) NOT NULL,
  `description` text,
  `address_line1` varchar(255) DEFAULT NULL,
  `address_line2` varchar(255) DEFAULT NULL,
  `city` varchar(100) DEFAULT NULL,
  `state` varchar(100) DEFAULT NULL,
  `postal_code` varchar(20) DEFAULT NULL,
  `country` varchar(100) DEFAULT NULL,
  `capacity` int DEFAULT NULL,
  `uom_id` int DEFAULT NULL,
  `temperature_controlled` varchar(20) DEFAULT NULL,
  `security_level` varchar(20) DEFAULT NULL,
  `created_at` timestamp NULL DEFAULT CURRENT_TIMESTAMP,
  `updated_at` timestamp NULL DEFAULT CURRENT_TIMESTAMP ON UPDATE CURRENT_TIMESTAMP,
  `created_by` int DEFAULT NULL,
  `updated_by` int DEFAULT NULL,
  PRIMARY KEY (`warehouse_id`),
  KEY `uom_id` (`uom_id`),
  CONSTRAINT `warehouses_ibfk_1` FOREIGN KEY (`uom_id`) REFERENCES `com`.`uom` (`uom_id`) ON DELETE SET NULL
) ENGINE=InnoDB AUTO_INCREMENT=20 DEFAULT CHARSET=utf8mb4 COLLATE=utf8mb4_0900_ai_ci;
/*!40101 SET character_set_client = @saved_cs_client */;

--
-- Dumping data for table `warehouses`
--

LOCK TABLES `warehouses` WRITE;
/*!40000 ALTER TABLE `warehouses` DISABLE KEYS */;
INSERT INTO `warehouses` VALUES (15,'Opera Central Warehouse','Main warehouse for storing raw materials and finished goods.','123 Opera St.','Suite 101','New York','New York','10001','USA',10000,NULL,'Normal','High','2025-03-04 14:27:33','2025-03-04 14:27:33',1,1),(16,'Opera West Warehouse','Secondary warehouse for overflow stock and seasonal items.','456 West Ave.','Floor 2','Los Angeles','California','90001','USA',8000,NULL,'Normal','Med','2025-03-04 14:27:33','2025-03-04 14:27:33',1,1),(17,'Opera East Warehouse','Warehouse for distribution to the East Coast region.','789 East Blvd.','Unit A','Chicago','Illinois','60007','USA',12000,NULL,'Cold','High','2025-03-04 14:27:33','2025-03-04 14:27:33',1,1),(18,'Opera European Warehouse','European warehouse for storing inventory for EU operations.','12 Opera Rd.','Building B','Berlin','Berlin','10115','Germany',15000,NULL,'Warm','Low','2025-03-04 14:27:33','2025-03-04 14:27:33',1,1),(19,'Opera Asia Pacific Warehouse','Warehouse serving the Asia Pacific region.','35 Asia Park','Block 3','Singapore','Singapore','530035','Singapore',20000,NULL,'Normal','High','2025-03-04 14:27:33','2025-03-04 14:27:33',1,1);
/*!40000 ALTER TABLE `warehouses` ENABLE KEYS */;
UNLOCK TABLES;

--
-- Table structure for table `zones`
--

DROP TABLE IF EXISTS `zones`;
/*!40101 SET @saved_cs_client     = @@character_set_client */;
/*!50503 SET character_set_client = utf8mb4 */;
CREATE TABLE `zones` (
  `zone_id` int NOT NULL AUTO_INCREMENT,
  `location_id` int DEFAULT NULL,
  `zone_name` varchar(100) NOT NULL,
  `description` text,
  `capacity` int DEFAULT NULL,
  `uom_id` int DEFAULT NULL,
  `created_at` timestamp NULL DEFAULT CURRENT_TIMESTAMP,
  `updated_at` timestamp NULL DEFAULT CURRENT_TIMESTAMP ON UPDATE CURRENT_TIMESTAMP,
  `created_by` int DEFAULT NULL,
  `updated_by` int DEFAULT NULL,
  PRIMARY KEY (`zone_id`),
  KEY `location_id` (`location_id`),
  KEY `uom_id` (`uom_id`),
  CONSTRAINT `zones_ibfk_1` FOREIGN KEY (`location_id`) REFERENCES `locations` (`location_id`) ON DELETE CASCADE,
  CONSTRAINT `zones_ibfk_2` FOREIGN KEY (`uom_id`) REFERENCES `com`.`uom` (`uom_id`) ON DELETE SET NULL
) ENGINE=InnoDB AUTO_INCREMENT=40 DEFAULT CHARSET=utf8mb4 COLLATE=utf8mb4_0900_ai_ci;
/*!40101 SET character_set_client = @saved_cs_client */;

--
-- Dumping data for table `zones`
--

LOCK TABLES `zones` WRITE;
/*!40000 ALTER TABLE `zones` DISABLE KEYS */;
INSERT INTO `zones` VALUES (30,20,'Storage Zone','Main aisle for storing raw materials and finished goods.',2500,NULL,'2025-03-04 14:36:37','2025-03-04 14:39:36',1,1),(31,20,'Overflow Zone','Aisle for seasonal and overflow items storage.',1500,NULL,'2025-03-04 14:36:37','2025-03-04 14:39:54',1,1),(32,21,'Temporary Zone','Aisle for overflow and seasonal storage.',2000,NULL,'2025-03-04 14:36:37','2025-03-04 14:40:12',1,1),(33,21,'Peak Time Zone','Aisle for excess stock during peak seasons.',1000,NULL,'2025-03-04 14:36:37','2025-03-04 14:40:36',1,1),(34,22,'Receiving Zone','Receiving area for incoming goods and shipments.',3000,NULL,'2025-03-04 14:36:37','2025-03-04 14:36:37',1,1),(35,22,'Sorting Zone','Sorting area for dispatch and organization of goods.',2000,NULL,'2025-03-04 14:36:37','2025-03-04 14:36:37',1,1),(36,23,'Receiving Zone','Receiving and inspection area for European goods.',3500,NULL,'2025-03-04 14:36:37','2025-03-04 14:36:37',1,1),(37,23,'Sorting Zone','Sorting and packaging area for European shipments.',2500,NULL,'2025-03-04 14:36:37','2025-03-04 14:36:37',1,1),(38,24,'Receiving Zone','Receiving area for Asia Pacific region shipments.',4000,NULL,'2025-03-04 14:36:37','2025-03-04 14:36:37',1,1),(39,24,'Sorting Zone','Sorting and dispatch area for Asia Pacific shipments.',3000,NULL,'2025-03-04 14:36:37','2025-03-04 14:36:37',1,1);
/*!40000 ALTER TABLE `zones` ENABLE KEYS */;
UNLOCK TABLES;

--
-- Current Database: `pur`
--

CREATE DATABASE /*!32312 IF NOT EXISTS*/ `pur` /*!40100 DEFAULT CHARACTER SET utf8mb4 COLLATE utf8mb4_0900_ai_ci */ /*!80016 DEFAULT ENCRYPTION='N' */;

USE `pur`;

--
-- Table structure for table `auto_purchase_log`
--

DROP TABLE IF EXISTS `auto_purchase_log`;
/*!40101 SET @saved_cs_client     = @@character_set_client */;
/*!50503 SET character_set_client = utf8mb4 */;
CREATE TABLE `auto_purchase_log` (
  `log_id` int NOT NULL AUTO_INCREMENT,
  `execution_id` varchar(50) NOT NULL,
  `purchase_header_id` int NOT NULL,
  `purchase_invoice_id` int NOT NULL,
  `po_header_prev_status` varchar(50) NOT NULL,
  `po_header_update_status` varchar(50) NOT NULL,
  `purchase_invoice_status` varchar(50) NOT NULL,
  `auto_purchase_status` varchar(50) NOT NULL,
  `created_at` timestamp NULL DEFAULT CURRENT_TIMESTAMP,
  `updated_at` timestamp NULL DEFAULT CURRENT_TIMESTAMP,
  `created_by` int NOT NULL,
  `updated_by` int NOT NULL,
  PRIMARY KEY (`log_id`),
  KEY `execution_id` (`execution_id`),
  KEY `purchase_header_id` (`purchase_header_id`),
  KEY `purchase_invoice_id` (`purchase_invoice_id`)
) ENGINE=InnoDB AUTO_INCREMENT=11 DEFAULT CHARSET=utf8mb4 COLLATE=utf8mb4_0900_ai_ci;
/*!40101 SET character_set_client = @saved_cs_client */;

--
-- Dumping data for table `auto_purchase_log`
--

LOCK TABLES `auto_purchase_log` WRITE;
/*!40000 ALTER TABLE `auto_purchase_log` DISABLE KEYS */;
/*!40000 ALTER TABLE `auto_purchase_log` ENABLE KEYS */;
UNLOCK TABLES;

--
-- Table structure for table `purchase_order_header`
--

DROP TABLE IF EXISTS `purchase_order_header`;
/*!40101 SET @saved_cs_client     = @@character_set_client */;
/*!50503 SET character_set_client = utf8mb4 */;
CREATE TABLE `purchase_order_header` (
  `header_id` int NOT NULL AUTO_INCREMENT,
  `po_num` int NOT NULL,
  `company_id` int NOT NULL,
  `department_id` int DEFAULT NULL,
  `rfq_header_id` int DEFAULT NULL,
  `po_date` date NOT NULL,
  `supplier_id` int NOT NULL,
  `currency_id` int NOT NULL,
  `tax_id` int DEFAULT NULL,
  `total_amount` decimal(15,2) NOT NULL,
  `status` varchar(20) NOT NULL,
  `created_at` timestamp NULL DEFAULT CURRENT_TIMESTAMP,
  `updated_at` timestamp NULL DEFAULT CURRENT_TIMESTAMP ON UPDATE CURRENT_TIMESTAMP,
  `created_by` int DEFAULT NULL,
  `updated_by` int DEFAULT NULL,
  PRIMARY KEY (`header_id`),
  UNIQUE KEY `po_num` (`po_num`),
  KEY `company_id` (`company_id`),
  KEY `po_num_2` (`po_num`),
  KEY `department_id` (`department_id`),
  KEY `rfq_header_id` (`rfq_header_id`),
  KEY `supplier_id` (`supplier_id`),
  KEY `currency_id` (`currency_id`),
  KEY `tax_id` (`tax_id`),
  KEY `status` (`status`),
  CONSTRAINT `purchase_order_header_ibfk_1` FOREIGN KEY (`company_id`) REFERENCES `com`.`company` (`id`) ON DELETE CASCADE,
  CONSTRAINT `purchase_order_header_ibfk_2` FOREIGN KEY (`department_id`) REFERENCES `com`.`department` (`id`) ON DELETE CASCADE,
  CONSTRAINT `purchase_order_header_ibfk_3` FOREIGN KEY (`rfq_header_id`) REFERENCES `rfq_header` (`header_id`) ON DELETE CASCADE,
  CONSTRAINT `purchase_order_header_ibfk_4` FOREIGN KEY (`supplier_id`) REFERENCES `com`.`businesspartner` (`partnerid`) ON DELETE CASCADE,
  CONSTRAINT `purchase_order_header_ibfk_5` FOREIGN KEY (`currency_id`) REFERENCES `com`.`currency` (`currency_id`),
  CONSTRAINT `purchase_order_header_ibfk_6` FOREIGN KEY (`tax_id`) REFERENCES `com`.`tax` (`tax_id`)
) ENGINE=InnoDB AUTO_INCREMENT=601 DEFAULT CHARSET=utf8mb4 COLLATE=utf8mb4_0900_ai_ci;
/*!40101 SET character_set_client = @saved_cs_client */;

--
-- Dumping data for table `purchase_order_header`
--

LOCK TABLES `purchase_order_header` WRITE;
/*!40000 ALTER TABLE `purchase_order_header` DISABLE KEYS */;
/*!40000 ALTER TABLE `purchase_order_header` ENABLE KEYS */;
UNLOCK TABLES;

--
-- Table structure for table `purchase_order_line`
--

DROP TABLE IF EXISTS `purchase_order_line`;
/*!40101 SET @saved_cs_client     = @@character_set_client */;
/*!50503 SET character_set_client = utf8mb4 */;
CREATE TABLE `purchase_order_line` (
  `line_id` int NOT NULL AUTO_INCREMENT,
  `header_id` int NOT NULL,
  `po_lnum` int NOT NULL,
  `item_id` int NOT NULL,
  `quantity` decimal(10,2) NOT NULL,
  `unit_price` decimal(10,2) NOT NULL,
  `line_total` decimal(15,2) NOT NULL,
  `uom_id` int DEFAULT NULL,
  `tax_id` int DEFAULT NULL,
  `notes` text,
  `status` varchar(50) DEFAULT NULL,
  `created_at` timestamp NULL DEFAULT CURRENT_TIMESTAMP,
  `updated_at` timestamp NULL DEFAULT CURRENT_TIMESTAMP ON UPDATE CURRENT_TIMESTAMP,
  `created_by` int DEFAULT NULL,
  `updated_by` int DEFAULT NULL,
  PRIMARY KEY (`line_id`),
  UNIQUE KEY `po_lnum` (`po_lnum`),
  KEY `header_id` (`header_id`),
  KEY `po_lnum_2` (`po_lnum`),
  KEY `item_id` (`item_id`),
  KEY `uom_id` (`uom_id`),
  KEY `tax_id` (`tax_id`),
  KEY `status` (`status`),
  CONSTRAINT `purchase_order_line_ibfk_1` FOREIGN KEY (`header_id`) REFERENCES `purchase_order_header` (`header_id`) ON DELETE CASCADE,
  CONSTRAINT `purchase_order_line_ibfk_2` FOREIGN KEY (`item_id`) REFERENCES `com`.`items` (`item_id`) ON DELETE CASCADE,
  CONSTRAINT `purchase_order_line_ibfk_3` FOREIGN KEY (`uom_id`) REFERENCES `com`.`uom` (`uom_id`),
  CONSTRAINT `purchase_order_line_ibfk_4` FOREIGN KEY (`tax_id`) REFERENCES `com`.`tax` (`tax_id`)
) ENGINE=InnoDB AUTO_INCREMENT=1001 DEFAULT CHARSET=utf8mb4 COLLATE=utf8mb4_0900_ai_ci;
/*!40101 SET character_set_client = @saved_cs_client */;

--
-- Dumping data for table `purchase_order_line`
--

LOCK TABLES `purchase_order_line` WRITE;
/*!40000 ALTER TABLE `purchase_order_line` DISABLE KEYS */;
/*!40000 ALTER TABLE `purchase_order_line` ENABLE KEYS */;
UNLOCK TABLES;

--
-- Table structure for table `requisition_header`
--

DROP TABLE IF EXISTS `requisition_header`;
/*!40101 SET @saved_cs_client     = @@character_set_client */;
/*!50503 SET character_set_client = utf8mb4 */;
CREATE TABLE `requisition_header` (
  `header_id` int NOT NULL AUTO_INCREMENT,
  `req_num` int NOT NULL,
  `company_id` int NOT NULL,
  `department_id` int NOT NULL,
  `requisition_date` date NOT NULL,
  `status` varchar(20) NOT NULL,
  `created_at` timestamp NULL DEFAULT CURRENT_TIMESTAMP,
  `updated_at` timestamp NULL DEFAULT CURRENT_TIMESTAMP ON UPDATE CURRENT_TIMESTAMP,
  `created_by` int DEFAULT NULL,
  `updated_by` int DEFAULT NULL,
  PRIMARY KEY (`header_id`),
  UNIQUE KEY `req_num` (`req_num`),
  KEY `company_id` (`company_id`),
  KEY `department_id` (`department_id`),
  KEY `req_num_2` (`req_num`),
  KEY `status` (`status`),
  CONSTRAINT `requisition_header_ibfk_1` FOREIGN KEY (`company_id`) REFERENCES `com`.`company` (`id`) ON DELETE CASCADE,
  CONSTRAINT `requisition_header_ibfk_2` FOREIGN KEY (`department_id`) REFERENCES `com`.`department` (`id`) ON DELETE CASCADE
) ENGINE=InnoDB AUTO_INCREMENT=301 DEFAULT CHARSET=utf8mb4 COLLATE=utf8mb4_0900_ai_ci;
/*!40101 SET character_set_client = @saved_cs_client */;

--
-- Dumping data for table `requisition_header`
--

LOCK TABLES `requisition_header` WRITE;
/*!40000 ALTER TABLE `requisition_header` DISABLE KEYS */;
/*!40000 ALTER TABLE `requisition_header` ENABLE KEYS */;
UNLOCK TABLES;

--
-- Table structure for table `requisition_line`
--

DROP TABLE IF EXISTS `requisition_line`;
/*!40101 SET @saved_cs_client     = @@character_set_client */;
/*!50503 SET character_set_client = utf8mb4 */;
CREATE TABLE `requisition_line` (
  `line_id` int NOT NULL AUTO_INCREMENT,
  `req_lnum` int NOT NULL,
  `header_id` int NOT NULL,
  `item_id` int NOT NULL,
  `quantity` decimal(15,4) NOT NULL,
  `unit_price` decimal(15,2) NOT NULL,
  `currency_id` int DEFAULT NULL,
  `uom_id` int DEFAULT NULL,
  `created_at` timestamp NULL DEFAULT CURRENT_TIMESTAMP,
  `updated_at` timestamp NULL DEFAULT CURRENT_TIMESTAMP ON UPDATE CURRENT_TIMESTAMP,
  `created_by` int DEFAULT NULL,
  `updated_by` int DEFAULT NULL,
  PRIMARY KEY (`line_id`),
  UNIQUE KEY `req_lnum` (`req_lnum`),
  KEY `header_id` (`header_id`),
  KEY `req_lnum_2` (`req_lnum`),
  KEY `item_id` (`item_id`),
  KEY `currency_id` (`currency_id`),
  KEY `uom_id` (`uom_id`),
  CONSTRAINT `requisition_line_ibfk_1` FOREIGN KEY (`header_id`) REFERENCES `requisition_header` (`header_id`) ON DELETE CASCADE,
  CONSTRAINT `requisition_line_ibfk_2` FOREIGN KEY (`item_id`) REFERENCES `com`.`items` (`item_id`) ON DELETE CASCADE,
  CONSTRAINT `requisition_line_ibfk_3` FOREIGN KEY (`currency_id`) REFERENCES `com`.`currency` (`currency_id`),
  CONSTRAINT `requisition_line_ibfk_4` FOREIGN KEY (`uom_id`) REFERENCES `com`.`uom` (`uom_id`)
) ENGINE=InnoDB AUTO_INCREMENT=300001 DEFAULT CHARSET=utf8mb4 COLLATE=utf8mb4_0900_ai_ci;
/*!40101 SET character_set_client = @saved_cs_client */;

--
-- Dumping data for table `requisition_line`
--

LOCK TABLES `requisition_line` WRITE;
/*!40000 ALTER TABLE `requisition_line` DISABLE KEYS */;
/*!40000 ALTER TABLE `requisition_line` ENABLE KEYS */;
UNLOCK TABLES;

--
-- Table structure for table `rfq_header`
--

DROP TABLE IF EXISTS `rfq_header`;
/*!40101 SET @saved_cs_client     = @@character_set_client */;
/*!50503 SET character_set_client = utf8mb4 */;
CREATE TABLE `rfq_header` (
  `header_id` int NOT NULL AUTO_INCREMENT,
  `rfq_num` int NOT NULL,
  `company_id` int NOT NULL,
  `department_id` int NOT NULL,
  `req_header_id` int DEFAULT NULL,
  `rfq_date` date NOT NULL,
  `supplier_id` int NOT NULL,
  `status` varchar(20) NOT NULL,
  `created_at` timestamp NULL DEFAULT CURRENT_TIMESTAMP,
  `updated_at` timestamp NULL DEFAULT CURRENT_TIMESTAMP ON UPDATE CURRENT_TIMESTAMP,
  `created_by` int DEFAULT NULL,
  `updated_by` int DEFAULT NULL,
  PRIMARY KEY (`header_id`),
  UNIQUE KEY `rfq_num` (`rfq_num`),
  KEY `company_id` (`company_id`),
  KEY `department_id` (`department_id`),
  KEY `rfq_num_2` (`rfq_num`),
  KEY `req_header_id` (`req_header_id`),
  KEY `supplier_id` (`supplier_id`),
  KEY `status` (`status`),
  CONSTRAINT `rfq_header_ibfk_1` FOREIGN KEY (`company_id`) REFERENCES `com`.`company` (`id`) ON DELETE CASCADE,
  CONSTRAINT `rfq_header_ibfk_2` FOREIGN KEY (`department_id`) REFERENCES `com`.`department` (`id`) ON DELETE CASCADE,
  CONSTRAINT `rfq_header_ibfk_3` FOREIGN KEY (`req_header_id`) REFERENCES `requisition_header` (`header_id`) ON DELETE CASCADE,
  CONSTRAINT `rfq_header_ibfk_4` FOREIGN KEY (`supplier_id`) REFERENCES `com`.`businesspartner` (`partnerid`) ON DELETE CASCADE
) ENGINE=InnoDB AUTO_INCREMENT=501 DEFAULT CHARSET=utf8mb4 COLLATE=utf8mb4_0900_ai_ci;
/*!40101 SET character_set_client = @saved_cs_client */;

--
-- Dumping data for table `rfq_header`
--

LOCK TABLES `rfq_header` WRITE;
/*!40000 ALTER TABLE `rfq_header` DISABLE KEYS */;
/*!40000 ALTER TABLE `rfq_header` ENABLE KEYS */;
UNLOCK TABLES;

--
-- Table structure for table `rfq_line`
--

DROP TABLE IF EXISTS `rfq_line`;
/*!40101 SET @saved_cs_client     = @@character_set_client */;
/*!50503 SET character_set_client = utf8mb4 */;
CREATE TABLE `rfq_line` (
  `line_id` int NOT NULL AUTO_INCREMENT,
  `header_id` int NOT NULL,
  `rfq_lnum` int NOT NULL,
  `item_id` int NOT NULL,
  `quantity` decimal(15,4) NOT NULL,
  `uom_id` int DEFAULT NULL,
  `created_at` timestamp NULL DEFAULT CURRENT_TIMESTAMP,
  `updated_at` timestamp NULL DEFAULT CURRENT_TIMESTAMP ON UPDATE CURRENT_TIMESTAMP,
  `created_by` int DEFAULT NULL,
  `updated_by` int DEFAULT NULL,
  PRIMARY KEY (`line_id`),
  UNIQUE KEY `rfq_lnum` (`rfq_lnum`),
  KEY `header_id` (`header_id`),
  KEY `rfq_lnum_2` (`rfq_lnum`),
  KEY `item_id` (`item_id`),
  KEY `uom_id` (`uom_id`),
  CONSTRAINT `rfq_line_ibfk_1` FOREIGN KEY (`header_id`) REFERENCES `rfq_header` (`header_id`) ON DELETE CASCADE,
  CONSTRAINT `rfq_line_ibfk_2` FOREIGN KEY (`item_id`) REFERENCES `com`.`items` (`item_id`) ON DELETE CASCADE,
  CONSTRAINT `rfq_line_ibfk_3` FOREIGN KEY (`uom_id`) REFERENCES `com`.`uom` (`uom_id`)
) ENGINE=InnoDB AUTO_INCREMENT=500001 DEFAULT CHARSET=utf8mb4 COLLATE=utf8mb4_0900_ai_ci;
/*!40101 SET character_set_client = @saved_cs_client */;

--
-- Dumping data for table `rfq_line`
--

LOCK TABLES `rfq_line` WRITE;
/*!40000 ALTER TABLE `rfq_line` DISABLE KEYS */;
/*!40000 ALTER TABLE `rfq_line` ENABLE KEYS */;
UNLOCK TABLES;

--
-- Table structure for table `rfq_response_header`
--

DROP TABLE IF EXISTS `rfq_response_header`;
/*!40101 SET @saved_cs_client     = @@character_set_client */;
/*!50503 SET character_set_client = utf8mb4 */;
CREATE TABLE `rfq_response_header` (
  `header_id` int NOT NULL AUTO_INCREMENT,
  `rfq_header_id` int DEFAULT NULL,
  `resp_num` int NOT NULL,
  `supplier_id` int NOT NULL,
  `response_date` date NOT NULL,
  `currency_id` int DEFAULT NULL,
  `status` varchar(20) NOT NULL,
  `created_at` timestamp NULL DEFAULT CURRENT_TIMESTAMP,
  `updated_at` timestamp NULL DEFAULT CURRENT_TIMESTAMP ON UPDATE CURRENT_TIMESTAMP,
  `created_by` int DEFAULT NULL,
  `updated_by` int DEFAULT NULL,
  PRIMARY KEY (`header_id`),
  UNIQUE KEY `resp_num` (`resp_num`),
  KEY `rfq_header_id` (`rfq_header_id`),
  KEY `resp_num_2` (`resp_num`),
  KEY `supplier_id` (`supplier_id`),
  KEY `currency_id` (`currency_id`),
  KEY `status` (`status`),
  CONSTRAINT `rfq_response_header_ibfk_1` FOREIGN KEY (`rfq_header_id`) REFERENCES `rfq_header` (`header_id`) ON DELETE CASCADE,
  CONSTRAINT `rfq_response_header_ibfk_2` FOREIGN KEY (`supplier_id`) REFERENCES `com`.`businesspartner` (`partnerid`) ON DELETE CASCADE,
  CONSTRAINT `rfq_response_header_ibfk_3` FOREIGN KEY (`currency_id`) REFERENCES `com`.`currency` (`currency_id`)
) ENGINE=InnoDB AUTO_INCREMENT=2000 DEFAULT CHARSET=utf8mb4 COLLATE=utf8mb4_0900_ai_ci;
/*!40101 SET character_set_client = @saved_cs_client */;

--
-- Dumping data for table `rfq_response_header`
--

LOCK TABLES `rfq_response_header` WRITE;
/*!40000 ALTER TABLE `rfq_response_header` DISABLE KEYS */;
/*!40000 ALTER TABLE `rfq_response_header` ENABLE KEYS */;
UNLOCK TABLES;

--
-- Table structure for table `rfq_response_line`
--

DROP TABLE IF EXISTS `rfq_response_line`;
/*!40101 SET @saved_cs_client     = @@character_set_client */;
/*!50503 SET character_set_client = utf8mb4 */;
CREATE TABLE `rfq_response_line` (
  `line_id` int NOT NULL AUTO_INCREMENT,
  `header_id` int NOT NULL,
  `resp_lnum` int NOT NULL,
  `item_id` int NOT NULL,
  `quantity` decimal(15,4) NOT NULL,
  `uom_id` int DEFAULT NULL,
  `quoted_price` decimal(15,2) NOT NULL,
  `created_at` timestamp NULL DEFAULT CURRENT_TIMESTAMP,
  `updated_at` timestamp NULL DEFAULT CURRENT_TIMESTAMP ON UPDATE CURRENT_TIMESTAMP,
  `created_by` int DEFAULT NULL,
  `updated_by` int DEFAULT NULL,
  PRIMARY KEY (`line_id`),
  UNIQUE KEY `resp_lnum` (`resp_lnum`),
  KEY `header_id` (`header_id`),
  KEY `resp_lnum_2` (`resp_lnum`),
  KEY `item_id` (`item_id`),
  KEY `uom_id` (`uom_id`),
  CONSTRAINT `rfq_response_line_ibfk_1` FOREIGN KEY (`header_id`) REFERENCES `rfq_response_header` (`header_id`) ON DELETE CASCADE,
  CONSTRAINT `rfq_response_line_ibfk_2` FOREIGN KEY (`item_id`) REFERENCES `com`.`items` (`item_id`) ON DELETE CASCADE,
  CONSTRAINT `rfq_response_line_ibfk_3` FOREIGN KEY (`uom_id`) REFERENCES `com`.`uom` (`uom_id`)
) ENGINE=InnoDB AUTO_INCREMENT=2000 DEFAULT CHARSET=utf8mb4 COLLATE=utf8mb4_0900_ai_ci;
/*!40101 SET character_set_client = @saved_cs_client */;

--
-- Dumping data for table `rfq_response_line`
--

LOCK TABLES `rfq_response_line` WRITE;
/*!40000 ALTER TABLE `rfq_response_line` DISABLE KEYS */;
/*!40000 ALTER TABLE `rfq_response_line` ENABLE KEYS */;
UNLOCK TABLES;

--
-- Current Database: `sal`
--

CREATE DATABASE /*!32312 IF NOT EXISTS*/ `sal` /*!40100 DEFAULT CHARACTER SET utf8mb4 COLLATE utf8mb4_0900_ai_ci */ /*!80016 DEFAULT ENCRYPTION='N' */;

USE `sal`;

--
-- Table structure for table `auto_invoice_log`
--

DROP TABLE IF EXISTS `auto_invoice_log`;
/*!40101 SET @saved_cs_client     = @@character_set_client */;
/*!50503 SET character_set_client = utf8mb4 */;
CREATE TABLE `auto_invoice_log` (
  `log_id` int NOT NULL AUTO_INCREMENT,
  `execution_id` varchar(50) NOT NULL,
  `sales_header_id` int NOT NULL,
  `invoice_header_id` int NOT NULL,
  `so_header_prev_status` varchar(50) NOT NULL,
  `so_header_update_status` varchar(50) NOT NULL,
  `sales_invoice_status` varchar(50) NOT NULL,
  `auto_inv_status` varchar(50) NOT NULL,
  `created_at` timestamp NULL DEFAULT CURRENT_TIMESTAMP,
  `updated_at` timestamp NULL DEFAULT CURRENT_TIMESTAMP ON UPDATE CURRENT_TIMESTAMP,
  `created_by` int NOT NULL,
  `updated_by` int NOT NULL,
  PRIMARY KEY (`log_id`),
  KEY `execution_id` (`execution_id`),
  KEY `sales_header_id` (`sales_header_id`),
  KEY `invoice_header_id` (`invoice_header_id`)
) ENGINE=InnoDB AUTO_INCREMENT=11 DEFAULT CHARSET=utf8mb4 COLLATE=utf8mb4_0900_ai_ci;
/*!40101 SET character_set_client = @saved_cs_client */;

--
-- Dumping data for table `auto_invoice_log`
--

LOCK TABLES `auto_invoice_log` WRITE;
/*!40000 ALTER TABLE `auto_invoice_log` DISABLE KEYS */;
/*!40000 ALTER TABLE `auto_invoice_log` ENABLE KEYS */;
UNLOCK TABLES;

--
-- Table structure for table `discounts`
--

DROP TABLE IF EXISTS `discounts`;
/*!40101 SET @saved_cs_client     = @@character_set_client */;
/*!50503 SET character_set_client = utf8mb4 */;
CREATE TABLE `discounts` (
  `discount_id` int NOT NULL AUTO_INCREMENT,
  `discount_name` varchar(100) NOT NULL,
  `discount_type` varchar(50) NOT NULL,
  `discount_value` decimal(10,2) NOT NULL,
  `min_order_amount` decimal(15,2) NOT NULL,
  `start_date` date NOT NULL,
  `end_date` date NOT NULL,
  `description` text,
  `customer_id` int DEFAULT NULL,
  `item_id` int DEFAULT NULL,
  `created_at` timestamp NULL DEFAULT CURRENT_TIMESTAMP,
  `updated_at` timestamp NULL DEFAULT CURRENT_TIMESTAMP ON UPDATE CURRENT_TIMESTAMP,
  `created_by` int DEFAULT NULL,
  `updated_by` int DEFAULT NULL,
  PRIMARY KEY (`discount_id`),
  KEY `idx_customer_id` (`customer_id`),
  KEY `idx_item_id` (`item_id`),
  CONSTRAINT `discounts_ibfk_1` FOREIGN KEY (`customer_id`) REFERENCES `com`.`businesspartner` (`partnerid`) ON DELETE SET NULL,
  CONSTRAINT `discounts_ibfk_2` FOREIGN KEY (`item_id`) REFERENCES `com`.`items` (`item_id`) ON DELETE SET NULL
) ENGINE=InnoDB AUTO_INCREMENT=1000 DEFAULT CHARSET=utf8mb4 COLLATE=utf8mb4_0900_ai_ci;
/*!40101 SET character_set_client = @saved_cs_client */;

--
-- Dumping data for table `discounts`
--

LOCK TABLES `discounts` WRITE;
/*!40000 ALTER TABLE `discounts` DISABLE KEYS */;
/*!40000 ALTER TABLE `discounts` ENABLE KEYS */;
UNLOCK TABLES;

--
-- Table structure for table `leads`
--

DROP TABLE IF EXISTS `leads`;
/*!40101 SET @saved_cs_client     = @@character_set_client */;
/*!50503 SET character_set_client = utf8mb4 */;
CREATE TABLE `leads` (
  `lead_id` int NOT NULL AUTO_INCREMENT,
  `lead_source` varchar(100) DEFAULT NULL,
  `lead_status` varchar(50) DEFAULT NULL,
  `rep_id` int DEFAULT NULL,
  `lead_name` varchar(255) DEFAULT NULL,
  `contact_person` varchar(255) DEFAULT NULL,
  `email_id` varchar(100) DEFAULT NULL,
  `phone` varchar(20) DEFAULT NULL,
  `company` varchar(255) DEFAULT NULL,
  `industry` varchar(100) DEFAULT NULL,
  `created_at` timestamp NULL DEFAULT CURRENT_TIMESTAMP,
  `updated_at` timestamp NULL DEFAULT CURRENT_TIMESTAMP ON UPDATE CURRENT_TIMESTAMP,
  `created_by` int DEFAULT NULL,
  `updated_by` int DEFAULT NULL,
  PRIMARY KEY (`lead_id`),
  KEY `idx_rep_id` (`rep_id`),
  CONSTRAINT `leads_ibfk_1` FOREIGN KEY (`rep_id`) REFERENCES `sales_representatives` (`rep_id`) ON DELETE CASCADE
) ENGINE=InnoDB AUTO_INCREMENT=8500 DEFAULT CHARSET=utf8mb4 COLLATE=utf8mb4_0900_ai_ci;
/*!40101 SET character_set_client = @saved_cs_client */;

--
-- Dumping data for table `leads`
--

LOCK TABLES `leads` WRITE;
/*!40000 ALTER TABLE `leads` DISABLE KEYS */;
/*!40000 ALTER TABLE `leads` ENABLE KEYS */;
UNLOCK TABLES;

--
-- Table structure for table `opportunities`
--

DROP TABLE IF EXISTS `opportunities`;
/*!40101 SET @saved_cs_client     = @@character_set_client */;
/*!50503 SET character_set_client = utf8mb4 */;
CREATE TABLE `opportunities` (
  `opportunity_id` int NOT NULL AUTO_INCREMENT,
  `lead_id` int DEFAULT NULL,
  `opportunity_name` varchar(255) DEFAULT NULL,
  `company_id` int DEFAULT NULL,
  `department_id` int DEFAULT NULL,
  `customer_id` int DEFAULT NULL,
  `rep_id` int DEFAULT NULL,
  `expected_revenue` decimal(15,2) DEFAULT NULL,
  `probability` decimal(5,2) DEFAULT NULL,
  `close_date` date DEFAULT NULL,
  `sales_stage` varchar(50) DEFAULT NULL,
  `description` text,
  `created_at` timestamp NULL DEFAULT CURRENT_TIMESTAMP,
  `updated_at` timestamp NULL DEFAULT CURRENT_TIMESTAMP ON UPDATE CURRENT_TIMESTAMP,
  `created_by` int DEFAULT NULL,
  `updated_by` int DEFAULT NULL,
  PRIMARY KEY (`opportunity_id`),
  KEY `idx_company_id` (`company_id`),
  KEY `idx_department_id` (`department_id`),
  KEY `idx_lead_id` (`lead_id`),
  KEY `idx_customer_id` (`customer_id`),
  KEY `idx_rep_id` (`rep_id`),
  CONSTRAINT `opportunities_ibfk_1` FOREIGN KEY (`lead_id`) REFERENCES `leads` (`lead_id`) ON DELETE CASCADE,
  CONSTRAINT `opportunities_ibfk_2` FOREIGN KEY (`customer_id`) REFERENCES `com`.`businesspartner` (`partnerid`) ON DELETE CASCADE,
  CONSTRAINT `opportunities_ibfk_3` FOREIGN KEY (`rep_id`) REFERENCES `sales_representatives` (`rep_id`) ON DELETE CASCADE,
  CONSTRAINT `opportunities_ibfk_4` FOREIGN KEY (`company_id`) REFERENCES `com`.`company` (`id`) ON DELETE CASCADE,
  CONSTRAINT `opportunities_ibfk_5` FOREIGN KEY (`department_id`) REFERENCES `com`.`department` (`id`) ON DELETE CASCADE
) ENGINE=InnoDB AUTO_INCREMENT=65000 DEFAULT CHARSET=utf8mb4 COLLATE=utf8mb4_0900_ai_ci;
/*!40101 SET character_set_client = @saved_cs_client */;

--
-- Dumping data for table `opportunities`
--

LOCK TABLES `opportunities` WRITE;
/*!40000 ALTER TABLE `opportunities` DISABLE KEYS */;
/*!40000 ALTER TABLE `opportunities` ENABLE KEYS */;
UNLOCK TABLES;

--
-- Table structure for table `opportunity_lines`
--

DROP TABLE IF EXISTS `opportunity_lines`;
/*!40101 SET @saved_cs_client     = @@character_set_client */;
/*!50503 SET character_set_client = utf8mb4 */;
CREATE TABLE `opportunity_lines` (
  `line_id` int NOT NULL AUTO_INCREMENT,
  `opportunity_id` int DEFAULT NULL,
  `item_id` int DEFAULT NULL,
  `quantity` decimal(10,2) DEFAULT NULL,
  `unit_price` decimal(10,2) DEFAULT NULL,
  `line_total` decimal(15,2) DEFAULT NULL,
  `uom_id` int DEFAULT NULL,
  `tax_id` int DEFAULT NULL,
  `notes` text,
  `status` varchar(50) DEFAULT NULL,
  `discount_id` int DEFAULT NULL,
  `promotion_id` int DEFAULT NULL,
  `created_at` timestamp NULL DEFAULT CURRENT_TIMESTAMP,
  `updated_at` timestamp NULL DEFAULT CURRENT_TIMESTAMP ON UPDATE CURRENT_TIMESTAMP,
  `created_by` int DEFAULT NULL,
  `updated_by` int DEFAULT NULL,
  PRIMARY KEY (`line_id`),
  KEY `idx_opportunity_id` (`opportunity_id`),
  KEY `idx_item_id` (`item_id`),
  KEY `idx_discount_id` (`discount_id`),
  KEY `idx_promotion_id` (`promotion_id`),
  KEY `uom_id` (`uom_id`),
  KEY `tax_id` (`tax_id`),
  CONSTRAINT `opportunity_lines_ibfk_1` FOREIGN KEY (`opportunity_id`) REFERENCES `opportunities` (`opportunity_id`) ON DELETE CASCADE,
  CONSTRAINT `opportunity_lines_ibfk_2` FOREIGN KEY (`item_id`) REFERENCES `com`.`items` (`item_id`) ON DELETE CASCADE,
  CONSTRAINT `opportunity_lines_ibfk_3` FOREIGN KEY (`uom_id`) REFERENCES `com`.`uom` (`uom_id`),
  CONSTRAINT `opportunity_lines_ibfk_4` FOREIGN KEY (`tax_id`) REFERENCES `com`.`tax` (`tax_id`),
  CONSTRAINT `opportunity_lines_ibfk_5` FOREIGN KEY (`discount_id`) REFERENCES `discounts` (`discount_id`) ON DELETE SET NULL,
  CONSTRAINT `opportunity_lines_ibfk_6` FOREIGN KEY (`promotion_id`) REFERENCES `promotions` (`promotion_id`) ON DELETE SET NULL
) ENGINE=InnoDB AUTO_INCREMENT=70001 DEFAULT CHARSET=utf8mb4 COLLATE=utf8mb4_0900_ai_ci;
/*!40101 SET character_set_client = @saved_cs_client */;

--
-- Dumping data for table `opportunity_lines`
--

LOCK TABLES `opportunity_lines` WRITE;
/*!40000 ALTER TABLE `opportunity_lines` DISABLE KEYS */;
/*!40000 ALTER TABLE `opportunity_lines` ENABLE KEYS */;
UNLOCK TABLES;

--
-- Table structure for table `pick_release_log`
--

DROP TABLE IF EXISTS `pick_release_log`;
/*!40101 SET @saved_cs_client     = @@character_set_client */;
/*!50503 SET character_set_client = utf8mb4 */;
CREATE TABLE `pick_release_log` (
  `log_id` int NOT NULL AUTO_INCREMENT,
  `execution_id` varchar(50) NOT NULL,
  `sales_header_id` int NOT NULL,
  `sales_order_line_id` int NOT NULL,
  `sales_item_id` int NOT NULL,
  `sales_uom_id` int NOT NULL,
  `sales_uom_id_quantity` decimal(10,2) NOT NULL,
  `sales_base_uom_id` int NOT NULL,
  `sales_base_uom_quantity` decimal(10,2) NOT NULL,
  `already_picked_quantity` decimal(10,2) DEFAULT NULL,
  `sales_line_status` varchar(50) NOT NULL,
  `sales_line_new_status` varchar(50) DEFAULT NULL,
  `inventory_id` int DEFAULT NULL,
  `picked_quantity` decimal(10,2) NOT NULL,
  `pick_release_status` enum('RELEASED','REVERSED') DEFAULT 'RELEASED',
  `created_at` timestamp NULL DEFAULT CURRENT_TIMESTAMP,
  `created_by` int NOT NULL,
  PRIMARY KEY (`log_id`),
  UNIQUE KEY `execution_id` (`execution_id`),
  KEY `execution_id_2` (`execution_id`),
  KEY `sales_header_id` (`sales_header_id`),
  KEY `sales_order_line_id` (`sales_order_line_id`),
  KEY `sales_item_id` (`sales_item_id`),
  KEY `inventory_id` (`inventory_id`)
) ENGINE=InnoDB AUTO_INCREMENT=10 DEFAULT CHARSET=utf8mb4 COLLATE=utf8mb4_0900_ai_ci;
/*!40101 SET character_set_client = @saved_cs_client */;

--
-- Dumping data for table `pick_release_log`
--

LOCK TABLES `pick_release_log` WRITE;
/*!40000 ALTER TABLE `pick_release_log` DISABLE KEYS */;
/*!40000 ALTER TABLE `pick_release_log` ENABLE KEYS */;
UNLOCK TABLES;

--
-- Table structure for table `promotions`
--

DROP TABLE IF EXISTS `promotions`;
/*!40101 SET @saved_cs_client     = @@character_set_client */;
/*!50503 SET character_set_client = utf8mb4 */;
CREATE TABLE `promotions` (
  `promotion_id` int NOT NULL AUTO_INCREMENT,
  `promotion_name` varchar(100) NOT NULL,
  `start_date` date NOT NULL,
  `end_date` date NOT NULL,
  `promotion_type` varchar(50) NOT NULL,
  `promotion_value` decimal(10,2) NOT NULL,
  `min_order_amount` decimal(15,2) NOT NULL,
  `max_usage_limit` int DEFAULT NULL,
  `description` text,
  `customer_id` int DEFAULT NULL,
  `item_id` int DEFAULT NULL,
  `created_at` timestamp NULL DEFAULT CURRENT_TIMESTAMP,
  `updated_at` timestamp NULL DEFAULT CURRENT_TIMESTAMP ON UPDATE CURRENT_TIMESTAMP,
  `created_by` int DEFAULT NULL,
  `updated_by` int DEFAULT NULL,
  PRIMARY KEY (`promotion_id`),
  KEY `idx_customer_id` (`customer_id`),
  KEY `idx_item_id` (`item_id`),
  CONSTRAINT `promotions_ibfk_1` FOREIGN KEY (`customer_id`) REFERENCES `com`.`businesspartner` (`partnerid`) ON DELETE SET NULL,
  CONSTRAINT `promotions_ibfk_2` FOREIGN KEY (`item_id`) REFERENCES `com`.`items` (`item_id`) ON DELETE SET NULL
) ENGINE=InnoDB AUTO_INCREMENT=2000 DEFAULT CHARSET=utf8mb4 COLLATE=utf8mb4_0900_ai_ci;
/*!40101 SET character_set_client = @saved_cs_client */;

--
-- Dumping data for table `promotions`
--

LOCK TABLES `promotions` WRITE;
/*!40000 ALTER TABLE `promotions` DISABLE KEYS */;
/*!40000 ALTER TABLE `promotions` ENABLE KEYS */;
UNLOCK TABLES;

--
-- Table structure for table `sales_order_headers`
--

DROP TABLE IF EXISTS `sales_order_headers`;
/*!40101 SET @saved_cs_client     = @@character_set_client */;
/*!50503 SET character_set_client = utf8mb4 */;
CREATE TABLE `sales_order_headers` (
  `header_id` int NOT NULL AUTO_INCREMENT,
  `so_num` int NOT NULL,
  `opportunity_id` int DEFAULT NULL,
  `company_id` int DEFAULT NULL,
  `department_id` int DEFAULT NULL,
  `customer_id` int DEFAULT NULL,
  `so_date` date DEFAULT NULL,
  `type` varchar(50) DEFAULT NULL,
  `status` varchar(20) DEFAULT NULL,
  `payment_terms` varchar(100) DEFAULT NULL,
  `shipping_method` varchar(100) DEFAULT NULL,
  `billing_address` text,
  `shipping_address` text,
  `rep_id` int DEFAULT NULL,
  `total_amount` decimal(15,2) DEFAULT NULL,
  `currency_id` int DEFAULT NULL,
  `tax_id` int DEFAULT NULL,
  `comments` text,
  `created_at` timestamp NULL DEFAULT CURRENT_TIMESTAMP,
  `updated_at` timestamp NULL DEFAULT CURRENT_TIMESTAMP ON UPDATE CURRENT_TIMESTAMP,
  `created_by` int DEFAULT NULL,
  `updated_by` int DEFAULT NULL,
  PRIMARY KEY (`header_id`),
  UNIQUE KEY `so_num` (`so_num`),
  KEY `idx_opportunity_id` (`opportunity_id`),
  KEY `idx_company_id` (`company_id`),
  KEY `idx_department_id` (`department_id`),
  KEY `idx_customer_id` (`customer_id`),
  KEY `idx_rep_id` (`rep_id`),
  KEY `idx_tax_id` (`tax_id`),
  KEY `currency_id` (`currency_id`),
  CONSTRAINT `sales_order_headers_ibfk_1` FOREIGN KEY (`company_id`) REFERENCES `com`.`company` (`id`) ON DELETE CASCADE,
  CONSTRAINT `sales_order_headers_ibfk_2` FOREIGN KEY (`currency_id`) REFERENCES `com`.`currency` (`currency_id`),
  CONSTRAINT `sales_order_headers_ibfk_3` FOREIGN KEY (`department_id`) REFERENCES `com`.`department` (`id`) ON DELETE CASCADE,
  CONSTRAINT `sales_order_headers_ibfk_4` FOREIGN KEY (`customer_id`) REFERENCES `com`.`businesspartner` (`partnerid`) ON DELETE CASCADE,
  CONSTRAINT `sales_order_headers_ibfk_5` FOREIGN KEY (`tax_id`) REFERENCES `com`.`tax` (`tax_id`),
  CONSTRAINT `sales_order_headers_ibfk_6` FOREIGN KEY (`rep_id`) REFERENCES `sales_representatives` (`rep_id`) ON DELETE CASCADE
) ENGINE=InnoDB AUTO_INCREMENT=10000 DEFAULT CHARSET=utf8mb4 COLLATE=utf8mb4_0900_ai_ci;
/*!40101 SET character_set_client = @saved_cs_client */;

--
-- Dumping data for table `sales_order_headers`
--

LOCK TABLES `sales_order_headers` WRITE;
/*!40000 ALTER TABLE `sales_order_headers` DISABLE KEYS */;
/*!40000 ALTER TABLE `sales_order_headers` ENABLE KEYS */;
UNLOCK TABLES;

--
-- Table structure for table `sales_order_lines`
--

DROP TABLE IF EXISTS `sales_order_lines`;
/*!40101 SET @saved_cs_client     = @@character_set_client */;
/*!50503 SET character_set_client = utf8mb4 */;
CREATE TABLE `sales_order_lines` (
  `line_id` int NOT NULL AUTO_INCREMENT,
  `header_id` int DEFAULT NULL,
  `so_lnum` int NOT NULL,
  `item_id` int DEFAULT NULL,
  `quantity` decimal(10,2) DEFAULT NULL,
  `unit_price` decimal(10,2) DEFAULT NULL,
  `line_total` decimal(15,2) DEFAULT NULL,
  `uom_id` int DEFAULT NULL,
  `notes` text,
  `status` varchar(50) DEFAULT NULL,
  `discount_id` int DEFAULT NULL,
  `promotion_id` int DEFAULT NULL,
  `base_uom_id` int DEFAULT NULL,
  `base_quantity` decimal(10,2) DEFAULT NULL,
  `picked_quantity` decimal(10,2) DEFAULT NULL,
  `uom_conversion_factor` decimal(10,2) DEFAULT NULL,
  `created_at` timestamp NULL DEFAULT CURRENT_TIMESTAMP,
  `updated_at` timestamp NULL DEFAULT CURRENT_TIMESTAMP ON UPDATE CURRENT_TIMESTAMP,
  `created_by` int DEFAULT NULL,
  `updated_by` int DEFAULT NULL,
  PRIMARY KEY (`line_id`),
  UNIQUE KEY `so_lnum` (`so_lnum`),
  KEY `idx_header_id` (`header_id`),
  KEY `idx_item_id` (`item_id`),
  KEY `idx_uom_id` (`uom_id`),
  KEY `idx_discount_id` (`discount_id`),
  KEY `idx_promotion_id` (`promotion_id`),
  KEY `idx_base_uom_id` (`base_uom_id`),
  CONSTRAINT `sales_order_lines_ibfk_1` FOREIGN KEY (`header_id`) REFERENCES `sales_order_headers` (`header_id`) ON DELETE CASCADE,
  CONSTRAINT `sales_order_lines_ibfk_2` FOREIGN KEY (`item_id`) REFERENCES `com`.`items` (`item_id`) ON DELETE CASCADE,
  CONSTRAINT `sales_order_lines_ibfk_3` FOREIGN KEY (`uom_id`) REFERENCES `com`.`uom` (`uom_id`),
  CONSTRAINT `sales_order_lines_ibfk_4` FOREIGN KEY (`discount_id`) REFERENCES `discounts` (`discount_id`) ON DELETE SET NULL,
  CONSTRAINT `sales_order_lines_ibfk_5` FOREIGN KEY (`promotion_id`) REFERENCES `promotions` (`promotion_id`) ON DELETE SET NULL,
  CONSTRAINT `sales_order_lines_ibfk_6` FOREIGN KEY (`base_uom_id`) REFERENCES `com`.`uom` (`uom_id`)
) ENGINE=InnoDB AUTO_INCREMENT=100 DEFAULT CHARSET=utf8mb4 COLLATE=utf8mb4_0900_ai_ci;
/*!40101 SET character_set_client = @saved_cs_client */;

--
-- Dumping data for table `sales_order_lines`
--

LOCK TABLES `sales_order_lines` WRITE;
/*!40000 ALTER TABLE `sales_order_lines` DISABLE KEYS */;
/*!40000 ALTER TABLE `sales_order_lines` ENABLE KEYS */;
UNLOCK TABLES;

--
-- Table structure for table `sales_representatives`
--

DROP TABLE IF EXISTS `sales_representatives`;
/*!40101 SET @saved_cs_client     = @@character_set_client */;
/*!50503 SET character_set_client = utf8mb4 */;
CREATE TABLE `sales_representatives` (
  `rep_id` int NOT NULL AUTO_INCREMENT,
  `rep_name` varchar(100) NOT NULL,
  `email_id` varchar(100) DEFAULT NULL,
  `phone` varchar(20) DEFAULT NULL,
  `address` text,
  `department_id` int DEFAULT NULL,
  `empid` int DEFAULT NULL,
  `created_at` timestamp NULL DEFAULT CURRENT_TIMESTAMP,
  `updated_at` timestamp NULL DEFAULT CURRENT_TIMESTAMP ON UPDATE CURRENT_TIMESTAMP,
  `created_by` int DEFAULT NULL,
  `updated_by` int DEFAULT NULL,
  PRIMARY KEY (`rep_id`),
  KEY `idx_department_id` (`department_id`),
  KEY `idx_empid` (`empid`),
  CONSTRAINT `sales_representatives_ibfk_1` FOREIGN KEY (`department_id`) REFERENCES `com`.`department` (`id`) ON DELETE CASCADE,
  CONSTRAINT `sales_representatives_ibfk_2` FOREIGN KEY (`empid`) REFERENCES `com`.`employee` (`empid`) ON DELETE SET NULL ON UPDATE CASCADE
) ENGINE=InnoDB AUTO_INCREMENT=75000 DEFAULT CHARSET=utf8mb4 COLLATE=utf8mb4_0900_ai_ci;
/*!40101 SET character_set_client = @saved_cs_client */;

--
-- Dumping data for table `sales_representatives`
--

LOCK TABLES `sales_representatives` WRITE;
/*!40000 ALTER TABLE `sales_representatives` DISABLE KEYS */;
/*!40000 ALTER TABLE `sales_representatives` ENABLE KEYS */;
UNLOCK TABLES;
/*!40103 SET TIME_ZONE=@OLD_TIME_ZONE */;

/*!40101 SET SQL_MODE=@OLD_SQL_MODE */;
/*!40014 SET FOREIGN_KEY_CHECKS=@OLD_FOREIGN_KEY_CHECKS */;
/*!40014 SET UNIQUE_CHECKS=@OLD_UNIQUE_CHECKS */;
/*!40101 SET CHARACTER_SET_CLIENT=@OLD_CHARACTER_SET_CLIENT */;
/*!40101 SET CHARACTER_SET_RESULTS=@OLD_CHARACTER_SET_RESULTS */;
/*!40101 SET COLLATION_CONNECTION=@OLD_COLLATION_CONNECTION */;
/*!40111 SET SQL_NOTES=@OLD_SQL_NOTES */;

-- Dump completed on 2025-03-04 20:11:57
